novel_id,episode_num,title,churn_step_clean,view_count,is_free,y_true,churn_prob
579450,16,결심,0.75,1,1,1,0.9996274821587812
123363,2,#1 해질녘의 저주,0.3076318566585087,61672,1,1,0.9985674690271872
417748,2,축구 시작안할끼가?,0.2532334921715452,1097,1,1,0.9952731355567889
564829,2,낯익은 경고음,0.1481481481481481,23,1,1,0.9941960962204615
268428,2,2. 귀향,0.2553743240654791,50537,1,1,0.9938630844047246
246282,2,내가 진짜 헌터가 됐구나.,0.187753128211328,13437,1,1,0.9938393723996737
574936,2,— 아무도 모르는 취미,0.5806451612903225,65,1,1,0.9937808776992963
565685,2,삼척동자(三尺童子),0.5071151358344114,381,1,1,0.9936786030847277
545935,2,2화. 김구의 비서관으로 살아남기,0.1984539348625016,6325,1,1,0.9933706305354392
565325,2,해방 - 신세계 (1),0.5303030303030303,62,1,1,0.9932733942140616
162830,2,2장. 폐교회의 사연 (2),0.3748306997742664,16617,1,1,0.9932310204703869
358812,2,2,0.560558795605588,3240,1,1,0.9922137339048638
376559,2,002. 폐급을 위한 아카데미,0.653250773993808,112,1,1,0.992178767133285
544370,2,2화,0.24009136473765,82175,1,1,0.9918453362891494
584471,2,이건 게임이 아니다.,0.6631578947368422,32,1,1,0.9916710978455068
565122,2,2화,0.1734130494463593,27098,1,1,0.9913694279174857
493717,2,2. 현우... 재계약 할 거니?,0.1755371510323012,62815,1,1,0.9911282928724516
241417,2,제물의 장(2),0.3691837394550424,21461,1,1,0.9909540336361958
224777,2,바벨 아카데미(1),0.2782535386253716,16266,1,1,0.9909341115778153
584931,2,첫번째 퀘스트,0.7894736842105263,4,1,1,0.9905807789119845
581869,2,2화. 제발 좀 맞게 해줘,0.1721311475409835,606,1,1,0.9905337913496979
574802,2,002화. 고블린 습격,0.2818428184281842,265,1,1,0.9904611393435456
580603,2,뒤바뀐 영웅 / 그의 약점,0.8208955223880597,12,1,1,0.9901312588560793
580603,10,부케와 과일조각케이크 / 괴물과 결혼해도 괜찮은가,0.5,1,1,1,0.9899034212174509
505913,2,2화,0.2460350811660518,48443,1,1,0.9890582974775577
441725,2,제2화. 동티날 것이다.,0.1844160253508374,14413,1,1,0.9887972842255406
548687,2,2화. 사장이 되었다(2),0.2089097537831493,31680,1,1,0.9887499878022771
493070,2,다른 여자와 간 호텔에서 전 여친을 만날 확률은,0.1587168025243228,47991,1,1,0.9887442313895317
128808,2,1장. 음유시인 원준,0.2273675427617856,1852,1,1,0.9885993803222325
273931,2,0. Prolog. 낭떠러지 (2),0.270609788013609,8361,1,1,0.9885314399572434
292182,2,#002 최고의 효도는 건강,0.2206367209136708,59096,1,1,0.9884469730320891
443313,2,2화. 모험가,0.3207153214113097,35136,1,1,0.9883748434514289
529052,2,데스 매치(2),0.5121621621621621,722,1,1,0.9881636946538451
90225,2,Lost Sky Online (1),0.2702488562819736,191575,1,1,0.9879942381531487
582089,2,"1회차, 2회차",0.317877094972067,1221,1,1,0.9877453637422177
297843,2,불리온 (2),0.3532905678308387,8166,1,1,0.9875756073465031
520703,2,#2화,0.2439024390243902,62,1,1,0.9874932920151881
566061,2,인생 2회차가 망한 '진정한' 이유,0.4758364312267658,141,1,1,0.9872382650510519
579284,2,1화. 회귀 첫날 자퇴를 했다 - 1,0.1457200033822825,30309,1,1,0.9869033378635386
585177,2,침묵,0.7538461538461538,16,1,1,0.9867229986750955
575854,14,에덴링크 014화. 이름 없는 일꾼,0.1538461538461538,11,1,1,0.9864631000154905
557225,2,트레이드 (2),0.1240527378548521,36873,1,1,0.9863668185591739
536098,2,2화 멸망한 세상에서 가장 아늑한 장소를 만든다!,0.1718042205281184,14992,1,1,0.9863435928305843
520418,2,빙의한 남자 -2-,0.4331455677438481,1912,1,1,0.9863049870505673
578651,2,그녀의 딸을 만나다,0.3848797250859106,179,1,1,0.9861378117791376
201454,2,퍼스트 블러드 (1),0.1415332771693345,28532,1,1,0.9860067138204027
580603,13,밝혀진 진실 / 왕비의 휴가,-1.0,2,1,0,0.9857586716296954
234339,2,출발선 (1),0.1293815115663076,78885,1,1,0.9855702760165616
556522,2,2화,0.1497493960263946,47160,1,1,0.9852517631215617
575854,2,에덴링크 2화 캡슐을 사다,0.4225352112676056,41,1,1,0.985248244282286
575665,2,2-1 예정된 외출,0.5367965367965368,107,1,1,0.9852069316663083
578822,2,# 2화. 세계가 납득하지 않습니다,0.7479674796747968,31,1,1,0.985026361619701
585481,2,십만 원짜리 대리,0.8181818181818181,4,1,1,0.9849848284630531
419940,2,절대공간(1),0.2169391907166,62352,1,1,0.9848537477117469
523724,2,2화 나는 NPC?,0.3875502008032129,610,1,1,0.9848480625014223
585629,2,제1화. 역대급 동창회 (2),0.1497659906396256,545,1,1,0.9845587193310525
534819,2,아빠는 쓰레기다. (26.02.02 수정),0.1194466613461027,6620,1,1,0.9843237906133674
557597,2,# EP002. 대상 이상 없음,0.2297297297297297,399,1,1,0.9843113904842593
286189,2,2화,0.3353380718060871,7294,1,1,0.9840863481283865
565213,2,내가 암살범이라니(2),0.2014872521246459,6765,1,1,0.9840456909183416
522241,2,야주색 2화,0.4404761904761904,188,1,1,0.9840130221096509
573809,2,002화 〈현실 동기화 1.0.0〉,0.7230769230769231,18,1,1,0.9839564769859731
573642,2,중생지재가황숙 2화,0.394927536231884,167,1,1,0.9838997807119246
558578,2,"제1장: 아르고스의 눈, 잿더미 위의 조선을 보다",0.0797266514806378,404,1,1,0.9836674359771395
585675,2,죽지 않는 아침,0.6024096385542168,33,1,1,0.9836280741366222
548891,2,2화 불꽃과 강철의 노래 (2),0.1847953689835242,20138,1,1,0.983621094809696
375271,2,2화,0.2773803537962244,63235,1,1,0.9836175599002708
516965,2,스킬,0.2689085906450627,11957,1,1,0.9834410057268723
523319,2,프롤로그-0,0.3160919540229885,238,1,1,0.9832456402918236
550013,2,할애비가 관심있게 지켜보고 있으마,0.2123170404189606,46927,1,1,0.9832338842545267
544647,2,2화 귀환한 삼촌은 재앙급 마법사,0.1149823910530418,32920,1,1,0.9832200903974632
584400,2,2화,0.9102564102564102,7,1,1,0.9831558277859868
536363,2,pager-페이저(삐삐),0.4642857142857143,15,1,1,0.9831381083602686
573545,2,2화 - 나무의 소리,0.6666666666666667,8,1,1,0.9831317814086762
443334,2,출항 (1),0.1165169660678643,10623,1,1,0.9831113804539874
557097,2,전능의 동자신을 주웠다-2,0.213557779799818,17286,1,1,0.983103707445359
330536,2,빙의했는데 빚쟁이였다,0.0828586517786412,48625,1,1,0.9829885886644094
567395,2,남들이 무시하는 노트,0.3425414364640884,238,1,1,0.9828313407333251
508912,2,만급작정 02화,0.4036979969183358,387,1,1,0.9827655900096056
481784,2,이거 좋은건가요,0.2182784770541787,19998,1,1,0.9825170321574225
54528,2,무형문화재 - 1,0.0248498999332889,11694,1,0,0.9824580489338399
567140,2,1. ‘시간의 틈’을 비집고 (1),0.5161290322580645,15,1,1,0.9824382740048997
579450,2,침투,0.651685393258427,31,1,1,0.982320935282096
584446,2,침묵,0.6891891891891893,23,1,1,0.9822953449836732
560450,2,2화. 평양성의 마지막 밤,0.4868421052631578,39,1,1,0.9822012458187881
433377,2,제 1 장 비단옷을 입은 염라대왕,0.0824313072439634,7714,1,1,0.9820167927329002
124930,2,용사가 야반도주를 하려는데요?,0.3417000121256214,5429,1,1,0.9819732754529625
539992,2,혼혈과 여행 그리고 루멘홀드,0.3166864256075874,23055,1,1,0.9819228448247622
545079,2,2화 알타 칼리포르니아 (1),0.1319924575738529,8286,1,1,0.9814922635793029
584773,2,2화. 죽은 살수가 객잔을 샀다,0.4428571428571428,39,1,1,0.9813182116361416
418796,2,1. 아내가 자살했다.,0.1157458767842615,23912,1,1,0.9811969395388803
563571,2,식량 채집,0.3072116741242391,17186,1,1,0.9811343489820206
238800,2,1화,0.2105150855630947,18500,1,1,0.9811014428620665
319100,2,2화,0.1962184658069157,46932,1,1,0.9810539037867912
363040,2,1화,0.39480838375866,13802,1,1,0.980627817394346
486677,2,002 펄른(2),0.6672240802675585,199,1,1,0.9805511415236423
576847,2,2화 - 짐승처럼 살아남는 법,0.5844748858447488,91,1,1,0.9805006338601419
364922,2,탈출 및 감금,0.3646680537166635,16795,1,1,0.9800762824140119
337226,2,002 - 첫 번째 인생,0.2288508896673718,22233,1,1,0.9800241025897864
451197,2,0002,0.2632113821138211,4350,1,1,0.9797986673767313
569827,2,마도 통신장교 유진 패터슨,0.1722451732568923,9818,1,1,0.9797666847589097
100685,2,[002화] 그녀는 마왕?! - 2,0.4942922374429224,443,1,1,0.9796846901140298
381297,2,제2장 폭풍 성장,0.5247208931419458,1192,1,1,0.9792775838496358
564860,2,그노시스 세계(1),0.5612903225806452,68,1,1,0.9790548970307895
563715,2,2화,0.1066416449086161,21898,1,1,0.9788967357246909
579087,2,002,0.1898487066861883,1660,1,1,0.9787689883268589
543879,2,2화. 첫 번째 마수,0.1727652513999585,27920,1,1,0.9785667973460337
560969,2,숙(宿)과 식(食),0.2371365425789073,22091,1,1,0.9781722796642913
586028,2,문파의 무덤,0.2389380530973451,172,1,1,0.9781636708981276
191722,2,내가 군밤이라니!! 이게 무슨 소리요?,0.2005435751202994,17943,1,1,0.9779712145597823
575331,13,에피소드 2. 강가에 남은 마음 13화,0.1999999999999999,4,1,1,0.9779585318885535
585184,2,2화,0.1912350597609562,406,1,1,0.9778510206196135
584217,2,2화. 빙의 첫 날부터 악마라니요. (2),0.752808988764045,22,1,1,0.9777547542380235
134514,2,프로페셔널 2화,0.2939481268011528,2205,1,1,0.9777280260614446
563160,2,#002. 아니 왜···.,0.1901315509387372,19023,1,1,0.977530539095685
531246,2,초능력 같은 건가?,0.2135827530385179,30605,1,1,0.9774989089414561
86305,2,환영(1),0.4886407393145937,1328,1,1,0.9774916968410032
376244,2,제2화. 작전(作戰) 2.,0.2684138222550988,13846,1,1,0.9774735392120487
550171,2,2화. 나이 먹기,0.1591885023223205,19189,1,1,0.9774702018158847
567140,6,5. 공중에 떠 있는 공,0.5555555555555556,4,1,1,0.9773445125507253
581843,2,002 : 러시아식 해피엔딩,0.2623497202713962,6197,1,1,0.9770053199398824
577392,2,1화. 자르치한,0.6779661016949152,19,1,1,0.9769476011560783
525227,2,2. 선 씨티에 갔다.,0.1565739824889181,46046,1,1,0.9768061545243247
559657,2,2화.,0.1505152109911678,6925,1,1,0.9768031628819823
539540,2,부하 소환,0.161923733636881,14725,1,1,0.9767063228455135
552788,2,2화,0.0818577648766327,28467,1,1,0.9765833740254959
584576,2,2화,0.9142857142857144,3,1,1,0.976551073669198
585542,2,살려달라고 울었더니 제국의 보물이 되었다,0.6666666666666667,9,1,1,0.9764864113174545
582662,2,제2화. 눈을 뜨다,0.6363636363636364,4,1,1,0.9764713916221462
563526,2,2화 가서 제 실력을 증명하고 싶어요. 선생님.,0.1276541575436631,17132,1,1,0.9764590598514478
238398,2,제 1화 그녀를 만난 일,0.4858675739335253,3929,1,1,0.9763934643946937
565742,2,2화 칼로 째고 고름을 짜야,0.2021836615324624,4092,1,1,0.9762627272606568
184654,2,팔려가다.(2),0.3514412416851441,4095,1,1,0.9761280373251282
451699,2,절망의 봄 : 암흑시대-1,0.7355769230769231,55,1,1,0.9759452335636033
585038,2,002. 신인 최강전,0.3391812865497076,113,1,1,0.9758124152898404
570506,2,아버지가 남긴 유산,0.1236894680079914,49565,1,1,0.9755347780467469
564241,2,002 : 불쌍한 놈,0.1649849038614333,21019,1,1,0.9754840435068027
533816,2,회귀한다고 없던 재능이 생기진 않는다(1),0.2828935559145575,7990,1,1,0.975408499285325
541245,2,-2- 탈 스페인은 지능순이다.,0.2027563165587805,26726,1,1,0.9752253917075776
538483,2,2화,0.2510980085434089,49790,1,1,0.975207105420703
537756,2,검은 목요일,0.4735056121117201,2017,1,1,0.9750149930721939
479971,2,2화.,0.2422207566400863,12639,1,1,0.9748694433858413
584002,2,2화. 운명,0.7555555555555555,11,1,1,0.9745037069430277
577645,2,제2화: 흑백의 방문자,0.574468085106383,20,1,1,0.9744975466981286
513757,2,[1화] 나이가 들면,0.1506224718779926,59425,1,1,0.9744933321595096
561885,2,무너진 세계,0.5319148936170213,88,1,1,0.9744846700254483
419162,2,업적,0.2316176470588234,40755,1,1,0.9744039290142356
584925,2,2화. 카메라는 김별하를 골랐다,0.5,4,1,1,0.974379587754845
585327,2,1화,0.5652173913043479,10,1,1,0.9743790718410021
547756,2,1조달러에 H₂O 팝니다 (2) 선물 받은 건데··진짜 가짜야?,0.2203768318213538,5586,1,1,0.9743559154049422
535774,2,무중력,0.221803018268467,23514,1,1,0.9743216803085823
514944,2,금릉춘 02화,0.4513888888888888,79,1,1,0.9736790398950649
550964,2,2화,0.1115616242323057,29800,1,1,0.9736529907787729
455299,2,2화,0.2199860237596086,72553,1,1,0.9736424027657969
573643,2,금옥만당 2화,0.3731884057971014,173,1,1,0.9736373621423536
522238,2,황상서죄 2화,0.3913043478260869,126,1,1,0.9735729641408075
584035,2,2화,0.039995687796464,8905,1,0,0.9735681690926242
565708,2,2화: 소화기를 든 밤의황제,0.1946772400949206,26810,1,1,0.9732090367420947
546644,2,내 머릿 속 맛의 지도,0.1912287633346503,4094,1,1,0.9732042761463645
544138,2,2화,0.2212117891968883,7108,1,1,0.973153199184646
583801,2,첫 번째 화살 (2),0.3547655068078669,853,1,1,0.973030794028997
584280,2,제 2 화 그들만의 기록 '무창록',0.6938775510204082,15,1,1,0.9730113865204391
514945,2,등당입실 02화,0.396039603960396,183,1,1,0.9729573383703243
476831,2,나 강림. - 1,0.1725490196078432,10128,1,1,0.9729200631026614
535335,2,각성 (2),0.1709904484635785,41574,1,1,0.9728707297750556
558146,2,중 상해 사건 흐름을 바꾸다,0.2368059642927211,3890,1,1,0.9727246810193699
555164,2,002,0.1054613935969868,11400,1,1,0.9724758373189902
573683,2,2화 망한 가문의 도련님,0.2316954748494853,3956,1,1,0.9724166699603348
583125,2,한국을 떠나자.,0.1589840075258701,894,1,1,0.9722722108804638
580777,2,1. 신이 되셨습니다. (1),0.2051282051282051,62,1,1,0.9719898317059099
585064,2,미래를 맡는 여고생,0.9333333333333332,3,1,1,0.9719345702371818
553138,2,죽서요 02화,0.4615384615384615,28,1,1,0.9718201765462466
552100,2,장공주 02화,0.3333333333333333,42,1,1,0.9718052133042374
557580,2,돌아온 태식이 (2),0.1652934836222802,45691,1,1,0.9718021422683465
585750,2,"2화.네 살, 세가가 좁다",0.38,62,1,1,0.9717251708517942
571288,2,여름 이적시장(1),0.4260768335273573,493,1,1,0.9716850761108053
535250,2,눈내린 날의 인연,0.2474747474747475,1192,1,1,0.9716568856281682
517290,2,할리우드 액션,0.3262513503781058,1871,1,1,0.9715959813181441
559951,2,2화. 첫 번째 무기,0.4565217391304348,50,1,1,0.9715631393781127
572636,2,2화. 회귀의 확증,0.2525832376578645,651,1,1,0.9714795019423592
529960,2,002:세계수 육성 시스템,0.162644434693579,28625,1,1,0.9714197685911139
584482,2,마적의 습격,0.4358974358974359,44,1,1,0.9713482736970247
575332,2,2화 : 할아버지의 유산과 옥수수수염 성수,0.2352941176470588,13,1,1,0.9712789810366406
542470,2,마음을 읽는 섭정왕과 혼인했다 02화,0.3662650602409638,263,1,1,0.9711691697824905
553641,2,별이와 함께하는 첫 아침,0.9130434782608696,2,1,1,0.9711296860287587
576538,2,2화. 이석만의 방,0.6309523809523809,31,1,1,0.9710462232117393
585097,2,,0.9285714285714286,1,1,1,0.9709925555843528
584857,2,제 2화 : 라스트 보스가 첫스테이지 첫 상대로 나오면 밸붕 아닌가?,0.6415094339622642,19,1,1,0.9709846070952319
582662,14,"제14화. 세 개의 심장, 하나의 냇가",1.0,0,1,1,0.9709714696170563
480433,2,1년 차 첫날 (1),0.1518714555765595,67299,1,1,0.9707241366255983
553135,2,피난민이지만 육아합니다 2화,0.3444283646888567,453,1,1,0.9707167652134417
554560,2,"1장. 미친 나라, 미친 시대 (2)",0.2535839870164998,5519,1,1,0.9706324144575769
581595,2,첫 환자가 나라니,0.2382739212007504,406,1,1,0.9704721723392749
584045,2,2회. 야구만 하던 놈이 아니었다,0.4,12,1,1,0.9704341930982691
585725,2,지울 수 없는 한 장,0.8461538461538461,4,1,1,0.9704291609819189
552434,2,002. 스텔라륨,0.1763630029611566,28371,1,1,0.9703748895536918
556083,2,미지의 요리,0.1597137637028014,49671,1,1,0.9702003812408494
580603,19,믿고 싶던 사람 / 우리집,0.0,2,1,0,0.9699044230093675
573666,2,002. 주머니 속의 송곳,0.2026730602458807,15630,1,1,0.9697636181607231
553948,2,투자의 신 (2),0.2757536526724616,3916,1,1,0.9696812434435134
580111,2,2화 이 동네에서 제일 뻔뻔한 거짓말,0.2927756653992395,372,1,1,0.9694222030896635
583062,2,2화. 바지 감독 (2),0.2070128118678355,2352,1,1,0.9691546681808847
577416,2,알면서 사인함,0.1679271941489362,20023,1,1,0.9690845210908114
524031,2,2화 - 야채장수 강찬혁,0.1662542824514655,17522,1,1,0.9690762415253185
563321,2,제 2화. 천직(天職),0.1204052474347318,13544,1,1,0.968577710172439
553892,2,2화,0.1876199002429978,6352,1,1,0.9684353981286203
170423,2,이름 없는 조연의 튜토리얼 (1),0.2395979744690682,118479,1,1,0.9682885253783282
469259,2,연습 게임은 생략,0.1783581994144645,64268,1,1,0.9680318209483388
574693,2,# 2화,0.2112218718263937,59029,1,1,0.9673103781219712
564440,2,랜덤 박스,0.2233156330686413,15943,1,1,0.9671574363815048
580897,2,고비를 넘기다,0.1149158444573418,1525,1,1,0.9669522735030928
565202,2,002화. 새로운 이름,0.1734417344173442,13725,1,1,0.966812067053413
534215,2,1화. 임관 첫날 상태창이 생김 (1).,0.1737294746284956,84739,1,1,0.9663460628586119
555850,2,300억 건물주의 빈티지한 습관,0.1057927127088014,27462,1,1,0.9661728853377953
581248,2,2화-내가 할 수 있는 거,0.2545588960078856,3025,1,1,0.9661242617951158
583837,2,"02화. 아뇨, 전 제 건데요",0.1677397492375466,2456,1,1,0.965869126358813
533114,2,전신귀환 2화,0.2860251211551775,7219,1,1,0.9654549305067952
552965,2,002,0.2135674931129476,22838,1,1,0.9653128844099115
580058,2,1장,0.351875808538163,501,1,1,0.9653065810724324
530581,2,영석 광산 건설,0.2670977558006846,28902,1,1,0.9652913329219206
556685,2,"[2화] 만능 치트키, 박 대방!",0.1951672862453531,7361,1,1,0.9651301651297267
584254,2,002,0.1217452498240675,3744,1,1,0.9648760405955003
560429,2,2화 - 5층 돌파,0.2774482858382757,19980,1,1,0.964693768347369
529719,2,Back to 2014,0.0857577073382545,37899,1,1,0.9645973104466282
538193,2,새끼 유해종으로 이런 기록을?,0.0987601992158524,25515,1,1,0.9645534186872358
573216,2,첫 손님,0.1914925373134328,10834,1,1,0.9644428551400974
547482,2,프롤로그 2 - 세상에서 제일 슬픈 미소,0.1432746757596054,14070,1,1,0.9643673187888283
536163,2,2화,0.0852347547106567,38207,1,1,0.964271325740051
488890,2,첫 번째로 만들 게임은.,0.1774967393329607,35315,1,1,0.964039245553406
527164,2,2-검은 황금,0.1523128588451955,62600,1,1,0.9638516839936262
574368,2,2화,0.1500248561891911,23937,1,1,0.9635824368015444
577162,2,2. 미국 왕따가 싸움을 잘함,0.1723334996554755,34834,1,1,0.9634768946926134
583078,2,탈조선 탈일본,0.0436156763590391,1513,1,0,0.9631856062147865
522532,2,2,0.241789093146681,19715,1,1,0.9631056465119184
563286,2,2화,0.1619266384322734,58376,1,1,0.9630668655133049
557881,2,저 펠로우 말이 맞는 것 같은데(1),0.1336165478177312,17131,1,1,0.9629564488475184
573545,21,21. 칼론의 제자,0.0,1,1,0,0.9627633047406184
543562,2,002,0.2210238812241753,11123,1,1,0.9627056180256905
575378,2,002. 웰컴 투 코리아!,0.3908629441624365,360,1,1,0.9626552756154136
548106,2,웰컴 투 총독부,0.1170423092131277,17864,1,1,0.9626193316950036
543382,2,2화,0.1334633341458384,46215,1,1,0.9626115076032011
554471,2,"002. 다시, 꿈이 생겼다 (1)",0.1775700934579439,12760,1,1,0.9620988315125556
563512,2,미래에서 온 첫 수,0.1094103995137315,16117,1,1,0.9618235895356807
542580,2,제2화. IMF 한복판에서 눈뜨다,0.1088571111850127,8039,1,1,0.9608640443248645
530197,2,2화 - 좀 쉴게요.,0.1735973597359735,6260,1,1,0.960803065606215
563339,2,1988년 부산 영도(2),0.2503198374473209,39847,1,1,0.9607839295758587
549388,2,"유설, 유하",0.2144457624884671,5960,1,1,0.9605735487189732
372155,2,2. 경복궁은 불타오르는가? (1),0.2958781832501969,32184,1,1,0.9602309949696662
555465,2,2화 낯선 세계,0.1909344490934449,5801,1,1,0.9598498693885609
585472,2,2화,0.1602715466351829,2845,1,1,0.9597904233550035
546589,2,001. 로맨스 판타지 제국의 데뷔탕트(아님),0.0624681285058643,7354,1,1,0.9597708105916224
584447,2,2화,0.1014050091631032,2942,1,1,0.9592723661991845
532266,2,소문을 확인할 수 있는 자격,0.175771971496437,3123,1,1,0.9589245542341117
559391,2,서자가 아니고 남의 자식이었어?,0.1645307059782206,11278,1,1,0.9586927228460775
565707,2,한치 앞도 모르는 것이 인생,0.1212553495007132,25256,1,1,0.9583835398682267
561939,2,2. 초짜 맞아?,0.150489967335511,7282,1,1,0.9582735927271931
557962,2,두개의 세계선,0.1905355954757152,9733,1,1,0.9579037074068637
571118,2,주사위 굴려서 역대급 홈런왕(2),0.1867706830995148,24810,1,1,0.9577064270046209
537219,2,"[현대] 두 개의 세상, 검선의 자질",0.1358524367183093,26048,1,1,0.9576479821400423
550097,2,도망치던 놈,0.2585365853658536,152,1,1,0.9574393242781192
518734,2,2화,0.2683827008611715,7731,1,1,0.957430376248213
512544,2,시운이는 자유야,0.10557000627859,49860,1,1,0.9561531454581489
542531,2,2. 캘리포니아(2),0.2023601166799257,30079,1,1,0.9559686278017246
477026,2,아버지와 컴퓨터,0.1674162583070416,12403,1,1,0.9555884442292841
566106,2,실마리를 찾다,0.1275480657864257,30131,1,1,0.9554756048598493
549228,2,002화,0.2895051658510059,6533,1,1,0.9546867350295222
575843,2,찻주전자의 쓰임새,0.2716049382716049,177,1,1,0.9537936399337704
585404,2,,0.3756345177664975,123,1,1,0.9526520193067961
333245,2,002,0.8677685950413223,32,1,1,0.9525701740109631
359132,2,#002화,0.7769028871391076,85,1,1,0.9525577317018565
541873,2,2화 급하면 체한다,0.1081773003363285,17766,1,1,0.952511187622368
540166,2,01. 진주만 공습(1),0.1627935571129964,6809,1,1,0.9524563537778213
557490,2,제2화. 신비의 문을 두드리다,0.2141963727329581,2513,1,1,0.9508990772119409
418603,2,3가지 세상을 이해하는 자 (2),0.270758592285098,67282,1,1,0.949904477545508
525008,2,2화,0.1512913884955155,50342,1,1,0.9496582431146092
526298,2,002화,0.2160302857608076,57777,1,1,0.9495552492273385
568900,2,2화 봉황대기 (1),0.1361891367972937,22726,1,1,0.9494082224479147
383287,2,새로운 시작 -1-,0.1842880523731587,2492,1,1,0.9483688265644955
512399,2,2화-돌아오다,0.0762073548958794,20850,1,1,0.9480689278360426
381321,2,청반오공(靑斑蜈蚣) 2,0.2160023763231799,87099,1,1,0.9479647595806611
580603,24,조금 더 어른스러워진 하루 / 미완성 드레스,1.0,0,1,1,0.9470136129111888
558281,2,"2화 - 엘생, 아니 인생은 아름다워",-0.0459538542715978,21805,1,0,0.946618172782322
554066,2,2화. 한씨세가를 떠나다,0.2062558481486432,23752,1,1,0.9462549446755264
556620,2,2화,0.1922167369579669,74123,1,1,0.9458254458548832
571931,2,2화. 할아버지의 유산 (2),0.2004160887656033,39202,1,1,0.9449397843672988
565391,2,2화,0.1007037633446651,30157,1,1,0.9448640005842894
476539,2,거력부(巨力符),0.1898410301581309,19315,1,1,0.944696714318644
537197,2,"1장. 인생(人生), 꼬이다. (2)",0.2098382879829573,8160,1,1,0.9440234468407962
550179,2,#002. 유망주들을 쓸어모음 (2),0.2174909764900985,16043,1,1,0.943903467394988
578822,21,# 21화. 사라진 열쇠,0.5,1,1,1,0.9427030495483506
551214,2,역대급 석유 매장지,0.1026065370293752,8676,1,1,0.9412390098344982
557343,2,첫 수익(1),0.2147472716829408,10937,1,1,0.9410045040527565
534957,2,[2화],0.0314432540719449,11120,1,0,0.9404475830617526
210472,2,다시 꿈을 품어 볼게,0.3143285199354282,124027,1,1,0.9391893279503397
575331,2,에피소드 1. 사형수의 편지 2화,0.5161290322580645,30,1,1,0.937316436203705
584471,3,조난자 입니다.,0.375,20,1,1,0.9364569674386057
554642,2,"용이 되기 전, 이무기라 하노라 (2)",0.2173051519154557,2370,1,1,0.9349867887951484
584815,2,2.,0.2320675105485232,182,1,1,0.9339244720362172
585652,2,EP001 - 약속,0.4181818181818182,64,1,1,0.9333342461550768
575854,18,에덴링크 018화. 쓰러진 수레,0.1111111111111111,8,1,1,0.9318278853830685
452318,2,1.세계를 구하는 방법(1),0.0580510723623425,95832,1,0,0.9260241901278259
523319,6,4̸̷화 선택 받은 죄,0.6375,29,1,1,0.9251839265964866
573809,4,004화 〈고블린 돌격병의 왼쪽 무릎〉,0.3,7,1,1,0.9246263771758345
584471,4,트렁크 팬티,-0.05,21,1,0,0.9212585502343247
565325,3,해방 - 신세계 (2),0.1935483870967742,50,1,1,0.9161118649114652
574936,4,— 가격표,0.1999999999999999,40,1,1,0.9132881021978293
566061,25,그 교도소를 털러감,0.1111111111111111,8,1,1,0.9122566956515128
549589,2,배우를 만났다,0.1381288314371542,63407,1,1,0.9114557320267701
451699,4,절망의 봄 : 암흑시대-3,0.0689655172413793,27,1,1,0.9081085899254288
531329,2,2화,0.1221263683014791,55256,1,1,0.9036862994956235
584931,4,이어지는 입단 테스트,0.25,3,1,1,0.9001085081684856
575331,24,에피소드 2. 강가에 남은 마음 24화,0.3333333333333333,2,1,1,0.8973329518625228
333183,2,002,0.832579185520362,37,1,1,0.8943429477474802
374526,2,#002,0.8758620689655172,18,1,1,0.8935469333405971
574936,3,— 평범한 하루의 무게,0.2307692307692307,50,1,1,0.8900999610892252
273931,7,1. 귀소본능 (2),0.1367910221413406,2846,1,1,0.8899748381024792
566061,6,허수아비 섬,0.2205882352941176,53,1,1,0.8873648434988738
374660,2,#002. M.I.L.K (2),0.8348214285714286,37,1,1,0.8863807442476016
575854,8,에덴링크 8화 사라진 꼬마 양,-0.0416666666666667,25,1,0,0.88526709014233
575331,7,에피소드 1. 사형수의 편지 7화,0.1428571428571429,6,1,1,0.8819948971072759
333242,2,002,0.8982035928143712,17,1,1,0.877573794394652
333259,2,002,0.8201438848920863,50,1,1,0.8765355501486916
584400,3,3화,0.4285714285714286,4,1,1,0.8754214466189941
417748,5,축구 시작안할끼가?3,0.2909090909090909,507,1,1,0.8731154587072353
584471,6,저는 좋은 사람이 아닙니다.,0.2777777777777778,13,1,1,0.8705965216652305
566061,4,미러전이 된 보스전,0.188235294117647,69,1,1,0.8674127615578487
573545,8,8화 : 시간을 걷는 아이,0.1999999999999999,4,1,1,0.865199650624423
564860,6,밀실(1),0.3333333333333333,18,1,1,0.8640778941047859
566061,3,역대급 스피드런,0.3971631205673759,85,1,1,0.8632702577948215
574936,6,— 헌책수집가,0.2666666666666667,22,1,1,0.8608809736792563
566061,7,충격적인 마왕 레벨업 방법,0.1132075471698113,47,1,1,0.8601734724740908
574936,5,— 창고 정리,0.25,30,1,1,0.8561458011874802
564860,10,불구대천지수(2),-0.4285714285714286,10,1,0,0.8560798640565562
578822,6,# 6화. 표식은 숨겨지지 않았다,0.25,12,1,1,0.855926939995873
522241,3,야주색 3화,0.2872340425531915,134,1,1,0.8555370597890094
455299,3,3화,0.0866952434771821,66263,1,1,0.8543970093846669
580603,3,아리아나의 추종자 / 심장을 꿰뚫은 화살,0.3333333333333333,8,1,1,0.8537211080205702
574936,16,— 올라오는 것,-0.1999999999999999,12,1,0,0.8527967959601207
566061,5,마왕 Lv.1 부터 시작하기,0.0144927536231883,68,1,0,0.8515986857330218
545835,2,뭐 하는 사람이라고요?,0.1708498779643729,91044,1,1,0.8511783709415285
494781,2,농장을 인수하다(1),0.2498763249023756,71267,1,1,0.8508170169828343
578822,7,# 7화. 뿔늑대 만 마리,0.5,6,1,1,0.8503302040047244
584400,5,5화,0.0,1,1,0,0.8494169671421865
574936,8,— 기록의 시작,-0.0625,17,1,0,0.8470363988959723
584931,3,미니던전 보스,0.0,4,1,0,0.8461688100104171
574936,7,— 거래의 끝에서,0.2727272727272727,16,1,1,0.8403115447841222
564860,8,넝쿨째 굴러온 호박,-0.1,11,1,0,0.8395963494018138
376559,3,003. 패배를 위한 반장전,0.3303571428571429,75,1,1,0.8363833430424122
584400,4,4화,0.75,1,1,1,0.836049281045582
584576,3,3화,0.0,3,1,0,0.8350990574545041
564860,7,밀실(2),0.4444444444444444,10,1,1,0.8338868402898664
578822,3,# 3화. 원한 없는 용살,0.2580645161290322,23,1,1,0.8331464901481577
523724,3,3화 전투 상인의 길,0.1704918032786885,506,1,1,0.8311501381911971
566061,9,중간보스전,0.2941176470588235,24,1,1,0.8288475203011495
573809,11,011화 〈훈련장 함정 패턴〉,0.0,3,1,0,0.8286810035861216
559951,3,3화. 버티는 쐐기,0.3199999999999999,34,1,1,0.8277028339753854
566061,8,무고한 소녀를 살해하라,0.276595744680851,34,1,1,0.8265714371072895
557597,8,# EP008. 불가능,0.1477272727272727,150,1,1,0.8237897339845002
358812,4,4,0.1988454137267479,1249,1,1,0.8202453515693846
574936,10,— 숨겨진 기록,0.0833333333333333,11,1,1,0.8186764905858944
565325,4,해방 - 신세계 (3),0.12,44,1,1,0.8169416396936917
566061,10,1번째 보스전(1),0.25,18,1,1,0.8160869532343661
580603,4,알려지지 않은 생명 / 불타는 길,0.25,6,1,1,0.8138353934037516
273931,6,1. 귀소본능 (1),0.0465587044534413,3297,1,0,0.8100452077556167
573545,9,9화 : 자질,0.5,2,1,1,0.8093258595782964
573545,3,3화 : 누구요?,0.125,7,1,1,0.8076108304103744
585097,3,,1.0,0,1,1,0.8065994705802573
358812,3,3,0.5188271604938272,1559,1,1,0.8050649449552904
577392,6,5화. 알루니,0.3,7,1,1,0.8047117855159373
573809,3,003화 〈F급 기록자〉,0.4444444444444444,10,1,1,0.8044563877525673
376559,4,004. 질투를 위한 다과회,0.1466666666666666,64,1,1,0.8043809200478513
246282,3,병원비는 해결됐고.,0.1243581156508149,11766,1,1,0.8039060640896183
565325,5,해방 - 신세계 (4),0.0,44,1,0,0.8030557329941468
575854,5,에덴링크 5화 장작 300원,0.0,36,1,0,0.8020970316636094
574936,9,— 이름이 기록되는 순간,0.2941176470588235,12,1,1,0.8018148237945798
383287,4,새로운 시작 -3-,0.3031880286271958,1071,1,1,0.8010356833367003
575332,6,6화 - 재벌집 막내딸과 수호룡,0.6666666666666667,1,1,1,0.7997590403258988
575854,3,에덴링크 3화 에덴링크,0.0,41,1,0,0.7984371290138554
536363,7,한스,-0.3333333333333332,4,1,0,0.7975095184480119
575854,4,에덴링크 4화 첫 의뢰,0.1219512195121951,36,1,1,0.7972103603340662
100685,3,[003화] 그녀는 스토커?! - 1,0.0812641083521444,407,1,1,0.7965461471187311
580603,5,부서진 희망 / 번개가 떨어지는 밤,0.3333333333333333,4,1,1,0.7940391681031373
584471,8,입을 다물었어야 했다.,0.0,11,1,0,0.7931621778763653
566061,11,1번째 보스전(2),0.2777777777777778,13,1,1,0.7927834453906151
579450,3,과거,0.2258064516129032,24,1,1,0.7917457984014153
128808,3,2장. 음유시인 원준 -2,0.1592872570194384,1557,1,1,0.7901108124341292
578822,4,# 4화. 왕국은 납득했다,0.2608695652173913,17,1,1,0.7899777353693532
564860,3,그노시스 세계(2),0.3382352941176471,45,1,1,0.7893358716299805
273931,3,0. Prolog. 낭떠러지 (3),0.3798588685563927,5185,1,1,0.7891542283664779
580603,6,11 마지막 작별 / 가장 어두운 기운,0.0,4,1,0,0.788336659240615
241417,3,제물의 장(3),0.2494757932994734,16107,1,1,0.7864477885617815
575854,9,에덴링크 9화 밤의 발자국,0.04,24,1,0,0.7836725983315634
582662,5,제5화. 같은 온도,0.0,1,1,0,0.7830235490631139
574936,11,— 기록은 사라지지 않는다,0.0,11,1,0,0.7822108025312151
576847,3,3화 - 피의 무게 (상),0.0769230769230768,84,1,1,0.7802541003171028
567140,8,7. 글로리아 (2),0.1999999999999999,4,1,1,0.7799619312002841
520418,3,빙의한 남자 -3-,0.2264644351464435,1479,1,1,0.779853415709842
575332,7,7화 - 동토의 봄,-1.0,2,1,0,0.7790670973501493
505913,3,3화,0.1608901182833433,40649,1,1,0.7788433403298821
523724,4,4화 도시 상인의 야망,0.0948616600790513,458,1,1,0.7785542586665225
584217,3,3화. 빙의 첫 날부터 악마라니요. (3),0.3181818181818182,15,1,1,0.7769870657965454
585675,3,죽여서 빼앗는다,0.2424242424242424,25,1,1,0.7760113306483323
575854,11,에덴링크 11화. 방어가 끝난 뒤,0.0,18,1,0,0.7749105581323024
585725,3,같은 구장을 쓰는 적,0.5,2,1,1,0.7748189559931109
565685,6,무엇으로 입증할 것인가,0.1157024793388429,214,1,1,0.7734814821084042
333242,6,006,1.0,0,0,1,0.7731557045540731
417748,7,2024년 한가위 명절 첫째 날인데 축구 시작안할끼가?5,-0.1335149863760218,416,1,0,0.7723208301395603
565325,7,해방 - 신세계 (6),0.088235294117647,31,1,1,0.7722914923677431
575665,3,2-2 예정된 외출,0.1962616822429906,86,1,1,0.7719152602408113
565325,6,해방 - 신세계 (5),0.2272727272727273,34,1,1,0.7708543919802718
584400,6,6화,0.0,1,1,0,0.7701263754729034
584002,3,3화. 능력을 얻다.,0.3636363636363636,7,1,1,0.7701029492757767
523319,7,5̸̷화 변화,0.2068965517241379,23,1,1,0.7700942688303416
584471,5,저는 도사입니다.,0.1428571428571429,18,1,1,0.7699776140130633
486677,3,003 펄른(3),0.4170854271356784,116,1,1,0.7695204915416853
333245,6,006,1.0,0,0,1,0.7694384076030598
358812,5,5,0.2121697357886308,984,1,1,0.7693386869938907
577645,5,제5화: 소등불,-0.3076923076923077,17,1,0,0.76868618163353
577392,7,6화. 이순테무르,0.1428571428571429,6,1,1,0.7684482600968069
580058,9,8장,0.0520833333333333,273,1,0,0.7670873925952395
574936,20,— 천년서고의 끝,-1.0,10,1,0,0.763918166001438
451699,3,절망의 봄 : 암흑시대-2,0.4727272727272728,29,1,1,0.7627448891173542
577392,4,3화. 자르치한,0.2307692307692307,10,1,1,0.7627278177951584
451699,6,절망의 봄 : 암흑시대-5,0.4074074074074074,16,1,1,0.7611129928044288
567140,4,3. ‘0.1초’,0.3333333333333333,12,1,1,0.7611034968079077
580058,16,15장,0.0209424083769633,187,1,0,0.7608073014452139
564860,13,벗(2),0.5454545454545454,5,1,1,0.760379320204839
359132,6,#006화,0.1111111111111111,8,0,1,0.7601319035463873
238398,6,제 5화 실버게이트의 대전투1,0.1409897292250234,920,1,1,0.7601227984930061
376559,5,005. 흑심을 위한 저주,0.25,48,1,1,0.7591567239793964
417748,9,2024년 한가위 명절 메인 당일 날인데 축구 시작안할끼가?7,0.2355072463768116,211,1,1,0.7588945451220529
574802,3,"003화. 영광입니다, 여신님",0.0264150943396226,258,1,0,0.7583644275898209
577645,7,제7화: 나는 사람이었던 적이 없다 (2),0.3333333333333333,2,1,1,0.7576140670178964
577392,5,4화. 알루니,0.0,10,1,0,0.7569155892794204
584471,9,콤보,0.0,11,1,0,0.7567076727083902
561885,4,혼자 남겨진 자리,0.0999999999999999,63,1,1,0.7564348495458151
578822,8,# 8화. 칭호는 거짓말하지 않는다,0.1666666666666666,5,1,1,0.7561435839101517
585177,3,똑똑똑,0.0625,15,1,1,0.755894816674592
577392,3,2화. 자르치한,0.3157894736842105,13,1,1,0.7555741254140395
575378,12,012. 이빨신,0.024390243902439,80,1,0,0.75325524763894
575854,10,에덴링크 10화 목장 방어,0.25,18,1,1,0.7532447177017968
514940,5,자미원에 객성이 들면,0.1818181818181817,18,0,1,0.7531374215956517
559951,5,5화. 식은 모루의 파편,0.0416666666666666,23,1,0,0.7520012754930967
574936,12,— 서고의 감시자,0.0909090909090909,10,1,1,0.7516526123034429
584471,13,귀신 나오는 여관,0.1428571428571429,6,1,1,0.7509896251758755
585542,3,살려달라고 울었더니 제국의 보물이 되었다,0.1111111111111111,8,1,1,0.7507654902541517
417748,6,축구 시작안할끼가?4,0.2761341222879684,367,1,1,0.7503465036330169
575378,13,013. 유소년 왕중왕전 64강,0.0625,75,1,1,0.7491870173209002
564860,23,자객(1),-0.1666666666666667,7,1,0,0.7481283471656383
573545,4,4화 : 산지기?,0.0,7,1,0,0.7472838473206996
559951,7,7화. 기여자 세 명,0.0,14,1,0,0.7469835377772932
584400,7,7화,1.0,0,1,1,0.7467499936748528
523724,5,5화 상단행의 시작,0.111353711790393,407,1,1,0.7467345195909596
573809,15,015화 〈편의점 미니 던전〉,0.3333333333333333,2,1,1,0.7466597451183268
573809,5,005화 〈S급 검사 서연우〉,0.1428571428571429,6,1,1,0.7462975620411239
577392,8,7화. 이순테무르,-0.1666666666666667,7,1,0,0.7462810463021542
584482,5,지하 대장간의 비밀: 환도(環刀)와 애기살,0.1025641025641025,35,1,1,0.746264648202796
559951,4,4화. 싸우지 않는 방어선,0.2941176470588235,24,1,1,0.745941561822118
374660,7,#007. 동물 요리 대회 (1),0.5,1,0,1,0.7439444492861512
486677,4,004 인사(1),0.4137931034482759,68,1,1,0.7437166209854865
273931,4,0. Prolog. 낭떠러지 (4),0.2127290260366441,4082,1,1,0.741187181326051
376559,6,006. 사랑을 위한 싸움,0.0625,45,1,1,0.7406753998325784
580603,8,결혼하는 거 확실해? / 돌려보내라는 명령,1.0,0,1,1,0.7402031465254393
585725,4,반으로 나눈 외야,-0.5,3,1,0,0.7399981421953511
358812,6,6,0.0741869918699187,911,1,1,0.739405283594025
582662,3,제3화. 말하지 못한 것들,0.0,4,1,0,0.7388127087692451
383287,5,새로운 시작 -4-,0.1764705882352941,882,1,1,0.7385924942416383
574936,13,— 선택의 시간,-0.1999999999999999,12,1,0,0.7381804052482992
417748,10,2024년 한가위 명절 마지막 날인데 축구 시작안할끼가?8,0.0947867298578198,191,1,1,0.73805497799756
585177,6,검증,0.6923076923076923,4,1,1,0.7378668175606247
575665,4,3-1 엉켜버린 시간,0.0348837209302325,83,1,0,0.7361232240270823
584002,4,4화. 협상,0.2857142857142857,5,1,1,0.7347346361797679
584280,3,제3화 그들의 시작!,0.1999999999999999,12,1,1,0.7343649361974064
580603,7,이미 도착한 신부 / 보름달 아래의 온천,0.25,3,1,1,0.7343120069251781
565325,8,해방 - 신세계 (7),0.0645161290322581,29,1,1,0.7336928921299531
520418,4,빙의한 남자 -4-,0.1893171061528059,1199,1,1,0.733461901305351
536363,3,pager-페이저(삐삐)2,0.0666666666666666,14,1,1,0.7333680210777341
584471,10,첫 훈련,0.3636363636363636,7,1,1,0.7325140648762175
566061,12,대격변 업데이트,0.0769230769230768,12,1,1,0.7319410918141755
584471,11,준비된 전투,-0.1428571428571428,8,1,0,0.731822078022471
575854,12,에덴링크 12화. 다섯 가지 일,0.2777777777777778,13,1,1,0.7299685586659934
100685,6,[006화] 그녀는 스토커?! - 4,0.1282894736842105,265,1,1,0.7298809684810411
536363,9,출항,0.0,3,1,0,0.7287732888744929
486677,5,005 인사(2),0.4558823529411765,37,1,1,0.7285338820984292
579450,5,사냥터,0.1428571428571429,12,1,1,0.726943539107478
523319,8,6̸̷화 마법에 관하여,-0.1304347826086955,26,1,0,0.7268083074220927
333183,7,007,0.1999999999999999,4,0,1,0.7260291440585757
241417,11,결의의 장(1),0.0438252493980048,13898,1,0,0.7259031225547373
522241,7,야주색 7화,0.0833333333333333,66,1,1,0.7234957310485397
584217,4,4화. 사랑하는 나의 연인 (1),-0.1999999999999999,18,1,0,0.723319833991838
383287,6,새로운 시작 -5-,0.1984126984126983,707,1,1,0.7230778903721672
557597,5,# EP005. 직감,0.1714285714285713,261,1,1,0.7230597802945617
565685,3,일종의 심리전(心理戰),0.1601049868766404,320,1,1,0.7217232065145646
578651,4,친구가 의심하기 시작했다,0.25,114,1,1,0.7208417383841802
523724,6,6화 인터넷 여론전,0.081081081081081,374,1,1,0.7204561517406085
383287,7,시슴 -1-,0.0905233380480905,643,1,1,0.7189608120256331
238398,4,제 3화 달의 책과 달밤의 춤,0.3048306496390893,1252,1,1,0.7189186820611287
86305,3,환영(2),0.3215361445783132,901,1,1,0.7187346390726674
162830,3,3장. 폐교회의 사연 (3),0.1239092495636998,14558,1,1,0.7186211598804254
575378,9,009. 땡땡이,0.2307692307692307,100,1,1,0.7186071704775617
584446,3,공범,0.3043478260869565,16,1,1,0.7184803316240477
578651,8,쌍코피 나 때문에 터진 거야?,0.3199999999999999,85,1,1,0.7183635415084946
529052,3,데스 매치(3),0.2063711911357341,573,1,1,0.7167046012970832
585675,4,사냥 시간,0.0,25,1,0,0.7165119110719377
451197,3,0003,0.0432183908045976,4162,1,0,0.7163300794913846
584002,5,5화. 쇼케이스,0.0,5,1,0,0.7155715979750357
584925,4,4화. 오건우 없는 첫 노래,0.0,2,1,0,0.7148450636751512
451699,7,절망의 봄 : 국경 밖에서-1,0.0625,15,1,1,0.7147372617340193
575378,10,"010. 아 놔, 같이 뽈 좀 차자, 쫌!",0.12,88,1,1,0.7119253667475953
573545,10,10화 : 자질(2),-0.5,3,1,0,0.710689412351009
579450,6,단서,0.3333333333333333,8,1,1,0.7102253790453378
537756,6,위국헌신 군인본분,0.1683673469387755,815,1,1,0.7093458513323715
577392,14,13화. 화레즘샤히얀,0.0,3,1,0,0.7091913263753755
184654,3,팔려가다.(3),0.1186813186813187,3609,1,1,0.7086606584094504
573545,5,5화 : 말을 알아듣는 거 같다야!,-0.1428571428571428,8,1,0,0.7081673034357228
123363,4,#1 해질녘의 저주,0.0797646519985202,52239,1,1,0.7078023248227306
523319,5,3̸̷화 조용한 규칙,0.3220338983050848,80,1,1,0.7075242028074692
417748,8,2024년 한가위 명절 둘째 날인데 축구 시작안할끼가?6,0.3365384615384615,276,1,1,0.7065834166144235
579450,4,관찰,0.4166666666666666,14,1,1,0.705549517315305
575331,6,에피소드 1. 사형수의 편지 6화,0.5,7,1,1,0.7053750898714963
575854,15,에덴링크 015화. 브릴을 떠나다,0.0,11,1,0,0.7049042417784785
575665,6,3-3 엉켜버린 시간,0.131578947368421,66,1,1,0.7048485881825797
559951,6,6화. 첫 의뢰는 생존이다,0.3913043478260869,14,1,1,0.7047086633059741
268428,3,3. 귀향,0.0923877555058669,45868,1,1,0.704434078864817
564860,9,불구대천지수(1),0.3636363636363636,7,1,1,0.7038681562239997
417748,11,축구 시작안할끼가?9,-0.0209424083769633,195,1,0,0.7035243462358503
575665,5,3-2 엉켜버린 시간,0.0843373493975904,76,1,1,0.7034950369291632
565325,9,해방 - 신세계 (8),0.1724137931034483,24,1,1,0.7032453492134462
580603,11,21 준비되는 신부 / 결혼식 하루전,1.0,0,1,1,0.7012248144975202
577645,3,제3화: 지구의 것이 아닌,0.15,17,1,1,0.7011718700638532
451699,5,절망의 봄 : 암흑시대-4,0.0,27,1,0,0.7008177596827488
486677,6,006 인사(3),0.1081081081081081,33,1,1,0.7006892819836443
584217,7,7화. 장미 저택에서는 이름을 부르지 말 것 (2),-0.1111111111111111,10,1,0,0.7004744339181112
575854,7,에덴링크 7화 창고 정리,0.1111111111111111,24,1,1,0.6987876455369526
536363,5,130 LUXmia,0.0909090909090909,10,1,1,0.6985828767778934
578822,9,# 9화. 냄새는 거짓말하지 않는다,0.1999999999999999,4,1,1,0.69797211393616
573809,6,006화 〈민간인 사망자 0명〉,0.1666666666666666,5,1,1,0.6978161817772688
579450,7,그늘,0.125,7,1,1,0.6975936319962387
523319,10,8̸̷화 가짜,-0.1176470588235294,19,1,0,0.6971968664138808
523319,4,2̸̷화 분류표,0.2934131736526946,118,1,1,0.6967913963329888
584857,3,제3화: 숨겨왔던 재능이 아무런 힘이 못된다.,0.368421052631579,12,1,1,0.6957221978274588
383287,9,협동 퀘스트 -1-,0.0943025540275048,461,1,1,0.6953415890981737
585327,3,1화(2),0.4,6,1,1,0.6933229285439793
577392,11,10화. 화레즘샤히얀,0.0,5,1,0,0.6932160144595977
577392,10,9화. 화레즘샤히얀,0.1666666666666666,5,1,1,0.6930353892185179
576538,3,3화. 숨겨진 문,0.1290322580645161,27,1,1,0.6927970882001174
577645,8,제8화: 악천후,0.0,2,1,0,0.692046751909286
383287,8,시슴 -2-,0.2083981337480559,509,1,1,0.6901299061897844
585481,3,엄마 택시비,0.25,3,1,1,0.6889267980404492
273931,8,1. 귀소본능 (3),0.0210822206605763,2786,1,0,0.6888952867324564
238398,5,제 4화 신과 필멸자,0.1445686900958466,1071,1,1,0.6886405878333739
574802,6,005화. 유일한 사제,0.3668122270742358,145,1,1,0.6882251395888036
486677,17,017 신입 (5),0.25,3,0,1,0.6874212432163418
536363,10,타다시,0.0,3,1,0,0.6866471944118538
585675,5,괴수 조종자,0.16,21,1,1,0.6845762339258434
523724,7,7화 영주님의 호출,0.1176470588235294,330,1,1,0.6844157431951574
358812,7,7,0.1174533479692645,804,1,1,0.6830793064915103
417748,4,축구 시작안할끼가?2,0.2064372918978912,715,1,1,0.6818388198973333
560450,4,4화. 패강의 검은 배,0.0434782608695651,22,1,0,0.681493983946649
417748,13,축구 시작안할끼가?11,0.1971830985915492,114,1,1,0.6813677029879955
584446,4,열심히 번돈,0.125,14,1,1,0.6811721886179036
584857,4,제4화: 자비라는 이름의 학살,0.0833333333333333,11,1,1,0.6811510799519727
582662,6,제6화. 남겨진 아이,1.0,0,1,1,0.6810365515212399
585404,3,,0.4227642276422764,71,1,1,0.6802939968748151
559951,8,8화. 강남역 균열 1구역,0.0714285714285714,13,1,1,0.6800076462784687
575378,6,006. 후진 중학교 축구부,0.1629955947136564,190,1,1,0.6795145144866515
376559,7,007. 각오를 위한 절망,0.0,45,1,0,0.6781083547931883
566061,13,무기 파괴술,-0.0833333333333332,13,1,0,0.6780491792346968
565325,10,해방 - 친구 (1),0.2083333333333333,19,1,1,0.6774335854614806
363040,3,2화,0.2137371395449935,10852,1,1,0.6774055410378834
574936,14,— 잃어버린 마지막 기록,-0.0833333333333332,13,1,0,0.6762309286523662
578822,10,# 10화. 잡은 것은 냄새였다,0.25,3,1,1,0.6760276254484804
536363,6,거래,0.7,3,1,1,0.6756538573978144
297843,3,불리온 (3),0.1256429096252755,7140,1,1,0.6743593708569554
536363,4,날쌘돌이,0.2142857142857143,11,1,1,0.674245000763086
584280,4,제 4 화 탈출의 희망...,0.25,9,1,1,0.6737475211887108
536363,14,킹(King) 앤드 퀸(Queen),0.0,2,1,0,0.6735402420259176
581869,6,6화. 몸이 실패를 거부한다,0.2684989429175476,346,1,1,0.6734914416025175
584280,5,제 5 화 치밀한 전략!,0.0,9,1,0,0.6715510711135475
573545,7,7화 : 화마와 악마,0.2857142857142857,5,1,1,0.6708005552810915
536363,11,내몽골로 가는 길-1,-0.3333333333333332,4,1,0,0.6707636901894112
578822,5,# 5화. 서쪽 회관 조사,0.0588235294117647,16,1,0,0.670725266992344
273931,9,1. 귀소본능 (4),0.0811198851399856,2560,1,1,0.6704164455664274
514940,6,복수의 시작 (1),-0.0555555555555555,19,0,0,0.6702222591585494
529052,4,데스 매치(4),0.200698080279232,458,1,1,0.6697560522058831
330536,3,채무액 줄이기,0.1743547557840616,40147,1,1,0.6695377935179377
581869,7,7화. 아홉 번째 이름,0.161849710982659,290,1,1,0.6690029725492892
536363,8,이능력자들,0.25,3,1,1,0.6682526041284715
536363,13,내몽골로 가는 길-3,0.3333333333333333,2,1,1,0.6674273895289164
584045,4,4회. 첫 번째 스트라이크,0.0,6,1,0,0.6667739948795399
268428,4,4. 귀향,0.0345120781372634,44285,1,0,0.6667390136105112
577392,9,8화. 화레즘샤히얀,0.1428571428571429,6,1,1,0.6661506430157057
585064,3,재활용 된 여고생,0.6666666666666667,1,1,1,0.6654772767332733
559951,9,9화. 첫 파티 장비,0.0769230769230768,12,1,1,0.6647148862185505
417748,12,축구 시작안할끼가?10,0.2717948717948718,142,1,1,0.6634758004531883
383287,10,협동 퀘스트 -2-,0.1279826464208242,402,1,1,0.6633111177211326
529052,8,탈출좀비열차(3),0.0674157303370787,249,1,1,0.6622793088288571
578822,20,# 20화. 그는 알고 있었다,-1.0,2,1,0,0.6620319795602452
520703,3,#3화,0.0161290322580645,61,1,0,0.6611116999141735
523319,9,7̸̷화 검은 질병,0.3461538461538461,17,1,1,0.66101265128533
575854,16,에덴링크 016화. 하벨 역참마을,0.1818181818181817,9,1,1,0.6606929393175666
573809,7,007화 〈협회의 첫 판정〉,0.1999999999999999,4,1,1,0.6605138914683854
224777,3,바벨 아카데미(2),0.2990901266445346,11401,1,1,0.6604522336611363
581869,11,11화 — 10초 84,-0.0325581395348837,222,1,0,0.6595865182581612
201454,3,퍼스트 블러드 (2),0.2627576054955839,21035,1,1,0.6594196026829099
536363,18,중간 기착점-1,0.0,1,1,0,0.6593800753382144
443313,3,3화. 마법,0.1730418943533698,29056,1,1,0.6590360549323793
584925,3,3화. 처음부터 끝까지 불렀다,0.5,2,1,1,0.6590252383989008
574936,15,— 최초의 삭제,0.2307692307692307,10,1,1,0.6590016991695954
560450,7,7화. 경주(서라벌)에 들어간 망령,-0.2222222222222223,11,1,0,0.6589798029467985
574802,7,005화. 유일한 사제,0.1586206896551724,122,1,1,0.6589565009350408
575854,6,에덴링크 6화 짐은 팔로 드는 게 아니다,0.25,27,1,1,0.6580890595820968
585177,4,관찰,0.4,9,1,1,0.6569805069045563
374660,8,#008. 동물 요리 대회 (2),0.0,1,0,0,0.6569368707676003
523724,8,8화 동업의 시작,0.0636363636363636,309,1,1,0.6569035583113807
584002,6,6화. 부촌리 수매 매니저,0.0,5,1,0,0.6568317184710659
238398,7,제 6화 실버게이트의 대전투2,0.0934782608695652,834,1,1,0.6564228400320635
451699,8,절망의 봄 : 국경 밖에서-2,0.0,15,1,0,0.6561792606688928
273931,11,2. 세계 유일의 강령술사 (1),-0.0012175324675325,2467,1,0,0.6559971442419392
238398,3,제 2화 엘프의 사정 그리고 죽음의 땅에서,0.5416136421481292,1801,1,1,0.6556687676030848
364922,3,시 플랫,0.1373027686811551,14489,1,1,0.6552594539276422
578822,11,# 11화. 쉬라고 했잖아요,-0.3333333333333332,4,1,0,0.6552581075628007
100685,4,[004화] 그녀는 스토커?! - 2,0.1891891891891891,330,1,1,0.6551594471120212
584471,12,산불,0.125,7,1,1,0.6547719247292437
550097,3,살아남는 법,0.2171052631578947,119,1,1,0.6536891562582474
575378,8,008. 오랑우탄,0.1666666666666666,130,1,1,0.6533733851065401
286189,4,4화,0.1088137639601569,5905,1,1,0.6533326275468633
577645,6,제6화: 나는 사람이었던 적이 없다 (1),0.8235294117647058,3,1,1,0.653022964394632
573545,6,6화 : 화마,0.125,7,1,1,0.6521750379711745
553135,3,피난민이지만 육아합니다 3화,0.1236203090507725,397,1,1,0.6519973446500081
577645,4,제4화: 정림마을,0.2352941176470588,13,1,1,0.6511497629515128
417748,14,축구 시작안할끼가?12,0.1140350877192982,101,1,1,0.6511026232440474
575378,11,011. MOM(Man of the Match),0.0681818181818182,82,1,1,0.6500426913699631
560450,6,6화. 사비의 여자,0.4,9,1,1,0.6495468974270977
529052,5,데스 매치(5),0.0938864628820961,415,1,1,0.6493774000927688
573545,13,13화 : 악의의 형태,0.0,1,1,0,0.6479013955777051
383287,11,협동 퀘스트 -3-,0.0398009950248756,386,1,0,0.6476100382700269
560450,3,3화. 불타는 장례식,0.4102564102564102,23,1,1,0.6460382561775648
582089,3,3회차,0.1007371007371007,1098,1,1,0.644931362291255
577392,12,11화. 푸수완,0.1999999999999999,4,1,1,0.6446692302511244
584217,9,9화. 장미 저택에서는 이름을 부르지 말 것 (4),0.5,3,1,1,0.6442371781178626
358812,8,8,0.0783582089552238,741,1,1,0.6440406430861421
575332,5,5화 - 정결의 의식,0.5,3,1,1,0.643720238319375
578651,5,애인 엄마와 첫 여행 (1),-0.2017543859649122,137,1,0,0.6434765133269994
584280,7,제 7 화 선조 왜국에 가다!,-0.1666666666666667,7,1,0,0.6434598404415658
573545,12,12화 : 맹세의 무게,0.5,1,1,1,0.6432248705870576
582662,4,제4화. 어른의 길,0.75,1,1,1,0.6429693643221494
574936,17,— 지워진 이름,0.3333333333333333,8,1,1,0.6426620559105335
584446,5,타겟제거,0.0,14,1,0,0.6419967875703626
128808,5,4장. 리돌프라 가의 권속,0.0658554044380815,1305,1,1,0.6415716627826592
100685,10,[010화] 그녀는 소녀 가장?! - 4,0.0913043478260869,209,1,1,0.6414051490283754
559951,10,10화. 재료 보관실의 문지기,0.0833333333333333,11,1,1,0.6412991622231087
417748,3,축구 시작안할끼가?1,0.178669097538742,901,1,1,0.6408991376972899
579450,8,악행과 선행,0.0,7,1,0,0.6398917944770183
584217,10,10화. 장미 저택에서는 이름을 부르지 말 것 (5),0.0,3,1,0,0.6396634029305353
580058,19,18장,0.0641711229946524,175,1,1,0.6389354558156762
559951,12,12화. 불씨가 없는 화로,-0.1428571428571428,8,1,0,0.638547875482517
523319,3,1̸̷화 가족,0.2983193277310925,167,1,1,0.6378179836099562
576847,6,6화 - 빈 관(空棺),0.1791044776119402,55,1,1,0.6371608478050329
584857,6,6화 : 전생자 주제에 태생의 비밀이 있다니,0.125,7,1,1,0.6371117784449692
581869,8,8화. 예선 1차전,0.1344827586206897,251,1,1,0.6367278028443603
297843,5,불리온 (5),0.0504322766570605,5931,1,0,0.6366186020330047
580058,21,20장,0.081967213114754,168,1,1,0.6364572029231824
566061,14,실패한 부동산 임장,0.3076923076923077,9,1,1,0.6362169887109959
585404,4,,0.2535211267605634,53,1,1,0.6359891998999003
580111,4,"4화 그 말, 똑똑히 들었습니다",0.1367521367521367,303,1,1,0.6349879218508421
359132,7,#007화,0.0,8,0,0,0.6346432130879814
564860,5,그노시스 세계(4),0.2702702702702703,27,1,1,0.6338374335752928
574936,18,— 이름의 첫 글자,0.375,5,1,1,0.632715113868738
124930,5,용사님의 사정,0.112253829321663,4057,1,1,0.632517437474941
571288,3,여름 이적시장(2),0.2718052738336713,359,1,1,0.6320018894187891
565685,5,그 아이로 정하였소,0.147887323943662,242,1,1,0.6310415592457259
577645,9,제9화: 다리 위,0.0,2,1,0,0.6309827198666516
201454,4,퍼스트 블러드 (3),0.1504159733777038,17871,1,1,0.6305487287388496
584217,5,5화. 사랑하는 나의 연인 (2),0.0,18,1,0,0.6303972784966445
565325,11,해방 - 친구 (2),-0.1052631578947369,21,1,0,0.6285298975609153
584002,7,7화. 내가 방송을 켠 이유,0.0,5,1,0,0.6283971386250575
584925,5,5화. 결국 같은 말을 쓰고 있었다,1.0,0,1,1,0.6283291509971091
523319,12,1̸̷0̸̷화 도구이자 매개체,-0.0666666666666666,16,1,0,0.6281537315448316
584773,4,4화. 음양지체는 요리에도 유용했다,0.03125,31,1,0,0.6274553972479661
297843,7,불리온 (7),0.0374908558888076,5263,1,0,0.626655744651234
100685,7,[007화] 그녀는 소녀 가장?! - 1,0.0943396226415094,240,1,1,0.6261994489052892
514944,7,금릉춘 07화,0.0338983050847457,57,1,0,0.625921789596564
572636,8,8화. 사람을 사는 계약,0.0497382198952879,363,1,0,0.6255425982641344
584447,8,8화,0.1259884027411703,1658,1,1,0.6249172162620047
575332,9,9화 - 여자의 마음,0.5,1,1,1,0.6248074984701159
584857,5,제 5화: 레벨업이 필요합니다.,0.2727272727272727,8,1,1,0.6241480848834335
451699,9,절망의 봄 : 국경 밖에서-3,0.1333333333333333,13,1,1,0.6240818641132121
238398,8,제 7화 실버게이트의 대전투3,0.1031175059952038,748,1,1,0.6239770715048364
548891,3,3화 불꽃과 강철의 노래 (3),0.063412454066938,18861,1,1,0.6235184645797646
575843,3,뼈를 깎는 숫돌,0.096045197740113,160,1,1,0.6230288226187152
574802,8,006화. 여신의 기분 관리법,0.0573770491803278,115,1,0,0.6229090792690158
576538,4,4화. 나는 아직 아니다,0.1851851851851852,22,1,1,0.6227769503670542
537756,3,검은김구,0.3083787803668815,1395,1,1,0.6227647333286226
585404,5,,0.150943396226415,45,1,1,0.6225376413084012
576538,5,5화. 아래층 남자,0.0909090909090909,20,1,1,0.6224178514908068
558578,5,제4장: 이웃이 된 번개의 자손들,0.140625,220,1,1,0.6217493725024962
585184,3,3화,0.0172413793103448,399,1,0,0.6213185578807084
376559,8,008. 바보들을 위한 오해,0.0444444444444444,43,1,0,0.6212994198198492
451699,10,절망의 봄 : 국경 밖에서-4,-0.0769230769230768,14,1,0,0.6208042472153819
566061,15,사상 최대의 위기(?),0.0,9,1,0,0.6205521309437876
520703,6,#6화,0.0,40,1,0,0.6191739287515345
585038,5,005. 관록까지 격파,0.0285714285714285,68,1,0,0.6183887957976439
559951,11,11화. 작업대를 노리는 사람들,0.3636363636363636,7,1,1,0.6172851759187392
575843,5,포위망을 뚫는 천신파황,0.0419580419580419,137,1,0,0.61711471784783
333183,8,008,0.0,4,0,0,0.6169191461897547
536363,15,하르모니아 회담-1,-0.5,3,1,0,0.6167820906227728
561885,5,철거,0.1428571428571429,54,1,1,0.6161201610174132
417748,15,축구 시작안할끼가?13,0.1386138613861386,87,1,1,0.6157323592757008
578651,7,비키니 입은 애인 엄마,-0.2755102040816326,125,1,0,0.6150090821658332
574936,19,— 잊혀진 이름의 기억,0.0,5,1,0,0.6147823925743645
486677,7,007 인사(4),0.0909090909090909,30,1,1,0.6134647039689571
383287,12,목소리 되찾기 -1-,0.0103626943005181,382,1,0,0.6132581815015934
564860,4,그노시스 세계(3),0.1777777777777778,37,1,1,0.6131074365976026
523319,14,1̸̷2̸̷화 주인공,0.125,7,1,1,0.6129370039150316
523319,11,9̸̷화 실험체,0.2105263157894736,15,1,1,0.6126270335969484
162830,5,5장. 폐교회의 사연 (5),0.0870470039468963,12722,1,1,0.6125014477563457
576847,8,8화 - 어린 사냥꾼,0.02,49,1,0,0.6124431215032332
560450,5,"5화. 부여, 사라진 왕들의 땅",0.3181818181818182,15,1,1,0.612424122533106
573809,8,008화 〈나만 보이는 NPC〉,0.0,4,1,0,0.6123336141780144
443313,4,4화. 보급품,0.0478042400881056,27667,1,0,0.6121076748672001
584280,6,제 6 화 선조의 계략!,0.3333333333333333,6,1,1,0.6111423401453364
561885,6,부산,0.1296296296296296,47,1,1,0.609880504888776
576847,11,11화 - 북방이 흔들린다,0.0277777777777777,35,1,0,0.6085458222544099
523724,9,9화 현실로의 첫걸음,0.0938511326860841,280,1,1,0.6084751503511006
128808,6,5장. 루미온 학교,0.0337164750957854,1261,1,0,0.6079470801368397
383287,3,새로운 시작 -2-,0.3832263242375602,1537,1,1,0.6073808881789915
560450,9,"9화. 설하, 적의 심장에 박힌 칼",0.0,7,1,0,0.6066766603853394
514944,3,금릉춘 03화,0.1518987341772152,67,1,1,0.6058708249922612
577645,10,제10화: 탄피,-0.5,3,1,0,0.6057949484526842
572636,6,6화. 완벽한 제안,0.1497005988023951,426,1,1,0.6057905729284346
514940,12,되살아나는 악령들,0.125,14,0,1,0.6052106074712036
123363,17,#4 개는 소년의 친구,0.0306540424388933,28871,1,0,0.6051952403313745
580111,6,6화 쳐다만 봤는데 다 불었대요,0.2108843537414966,232,1,1,0.6046381058044792
575854,19,에덴링크 019화. 낯선 이방인의 평판,0.125,7,1,1,0.6045268496595337
330536,4,고수익 꿀알바,0.1083518071088749,35797,1,1,0.6041143455729494
584482,3,어둠 속에서 들려온 원수의 이름,0.0909090909090909,40,1,1,0.6040998883917541
128808,9,8장. 픽시,-0.0009017132551849,1110,1,0,0.6036869716330494
585177,7,기록,0.25,3,1,1,0.6028885418083633
584217,6,6화. 장미 저택에서는 이름을 부르지 말 것 (1),0.5,9,1,1,0.6028030813213273
584931,5,길드 가입,0.6666666666666667,1,1,1,0.6025604788826847
451197,5,0005,0.109291016124904,3480,1,1,0.6025404548113767
100685,8,[008화] 그녀는 소녀 가장?! - 2,-0.0458333333333333,251,1,0,0.6018688206419283
565325,12,해방 - 친구 (3),0.1428571428571429,18,1,1,0.6018535343593722
297843,4,불리온 (4),0.1252100840336134,6246,1,1,0.6008153019828646
536363,12,내몽골로 가는 길-2,0.25,3,1,1,0.6006208226028747
575378,14,014. 삼총사,0.12,66,1,1,0.5997125396754017
238398,9,제 8화 죽음을 뚫는 조화의 빛,0.0320855614973262,724,1,0,0.5986855644148168
529052,6,탈출좀비열차(1),0.1662650602409638,346,1,1,0.59842021917472
571288,4,여름 이적시장(3),0.1030640668523676,322,1,1,0.5980686350964106
553138,3,죽서요 03화,0.0,28,1,0,0.5976046765686783
584446,6,퍼플미러,0.1428571428571429,12,1,1,0.597378897755971
576847,21,"21화 - 열여덟, 은호",0.037037037037037,26,1,0,0.5967494080373937
520703,4,#4화,0.1147540983606557,54,1,1,0.5966586891095763
417748,16,축구 시작안할끼가?14,0.0574712643678161,82,1,0,0.5962510855648934
584446,7,회복,0.25,9,1,1,0.5957702871365826
574802,4,004화. 첫 번째 신벌,0.0310077519379845,250,1,0,0.5956137255638223
579450,9,유혹과 설득,0.2857142857142857,5,1,1,0.5949186471504314
381297,3,제3장 누가 쓰레기지?,0.1812080536912751,976,1,1,0.5948020452314823
584446,8,중간단계,0.2222222222222222,7,1,1,0.5947548126203455
241417,4,제물의 장(4),0.0526479170546967,15259,1,0,0.5946902911135145
584857,7,제 7화: 성녀가 싸울줄 모른다고 생각하면 오산입니다.,0.0,7,1,0,0.5945652545365279
584217,8,8화. 장미 저택에서는 이름을 부르지 말 것 (3),0.4,6,1,1,0.5945626689000707
578822,13,# 13화. 에르반은 무덤이었다,0.0,3,1,0,0.5945106671841973
564829,3,신방에 들다,0.0869565217391304,21,1,1,0.593263315743965
516965,3,반격기,0.0792004683449025,11010,1,1,0.5930897652574534
358812,9,9,-0.0350877192982457,767,1,0,0.5925443424708118
561885,7,수능,-0.0212765957446807,48,1,0,0.5925384896223088
575378,7,007. 오버 헤드 킥!,0.1789473684210526,156,1,1,0.5920289519047736
585038,3,003. 종합기전 통합예선,0.168141592920354,94,1,1,0.5917450668258417
564829,5,기가 막히도록 멋진 남자,0.0555555555555555,17,1,0,0.591516792365482
559951,14,14화. 오염 장비 사고,-0.6000000000000001,8,1,0,0.5905795556306186
575331,10,에피소드 1. 사형수의 편지 10화,0.1999999999999999,4,1,1,0.590478117309637
576538,6,6화. 공구 코너,0.0999999999999999,18,1,1,0.5899345474700479
577392,18,17화. 폭풍 전의 고요,-0.3333333333333332,4,1,0,0.5895406774205059
520703,5,#5화,0.2592592592592593,40,1,1,0.5889961175433615
124930,3,이래선 안 된다.,0.0996500276293976,4888,1,1,0.5885391845879333
542470,4,마음을 읽는 섭정왕과 혼인했다 04화,0.0781893004115226,224,1,1,0.5880112903643732
522241,4,야주색 4화,0.1641791044776119,112,1,1,0.5875376023430101
578651,9,라이벌 등장,0.3529411764705882,55,1,1,0.587530763273725
514940,7,복수의 시작 (2),0.0526315789473684,18,0,0,0.5874669896459567
550097,7,숨어 있는 그림자,0.015625,63,1,0,0.5864757177696228
537756,7,미국으로 망명한 임시정부,0.0907975460122699,741,1,1,0.586411237689917
550097,5,요동성 전투,0.0869565217391304,84,1,1,0.5859862746768646
550097,9,평양성의 별빛이 꺼질 것인가?,0.125,49,1,1,0.5856684766540151
191722,3,가문이 뒤집어지는게 나랑 무슨 상관?,0.1556038566571922,15151,1,1,0.5850139303781192
574802,9,007화. 성녀 엘레나,0.0,115,1,0,0.5849389005586976
575854,13,에덴링크 013화. 보상보다 먼저,0.0,13,1,0,0.5847876551881144
585725,5,유리값을 내는 방법,0.0,3,1,0,0.5834569751705285
584045,6,6회. 공식전 첫 공,0.0,5,1,0,0.5825373222694994
575665,7,4-1 왕세자를 납치하라.,0.0454545454545454,63,1,0,0.5825005615744361
575854,20,에덴링크 020화. 닫힌 창고문,-0.1428571428571428,8,1,0,0.5823753362550755
383287,13,목소리 되찾기 -2-,0.0497382198952879,363,1,0,0.581019077485301
364922,4,청소도구함,0.0474152805576644,13802,1,0,0.5809703378870448
481784,4,전투,0.0257884189431494,18473,1,0,0.5809234942838651
234339,3,출발선 (2),0.1618812194967357,66115,1,1,0.5806116849734444
550097,10,평양성으로 향하는 험로.,0.1020408163265306,44,1,1,0.5802205847796389
585038,4,004. 단체전?,0.2553191489361702,70,1,1,0.5800751032925197
575378,3,"003. ""아, 진짜, 지금이 2015년이라고!""",0.1527777777777778,305,1,1,0.5790737130310591
564829,4,옷 벗어요,0.1428571428571429,18,1,1,0.5790687442631
585750,3,"3.둘째의 자존심, 셋째의 호기심",0.1129032258064516,55,1,1,0.5784027626715997
522238,3,황상서죄 3화,0.1031746031746031,113,1,1,0.5776095137372181
564860,18,빛,-0.1666666666666667,7,1,0,0.5773031868987951
376559,9,009. 음모를 위한 운동회,-0.0232558139534884,44,1,0,0.5764274439998757
536363,22,22화 적들의 회담-2,0.0,1,1,0,0.5755948303068894
565685,4,실력을 보여주마!,0.1125,284,1,1,0.5754511843940663
584045,3,3회. 안 무서운 손부터,0.5,6,1,1,0.5751213089011024
575843,15,몰려드는 먹구름,0.125,42,1,1,0.5750711936728198
579450,10,신경전,0.1999999999999999,4,1,1,0.5746209102507908
584045,5,5회. 엔트리는 아직이다,0.1666666666666666,5,1,1,0.5743765514464741
522238,9,황상서죄 9화,0.081967213114754,56,1,1,0.573729680858533
508912,3,만급작정 03화,0.1162790697674418,342,1,1,0.5734447388370159
363040,4,3화,0.116568374493181,9587,1,1,0.5732997241359443
581869,4,4화. — 도,0.097378277153558,482,1,1,0.5728514221728708
128808,4,3장. 영주의 딸 엘리온 리돌프라,0.1027617212588311,1397,1,1,0.5725413359552228
573642,3,중생지재가황숙 3화,0.0838323353293413,153,1,1,0.5718851053479512
574802,5,004화. 첫 번째 신벌,0.0839999999999999,229,1,1,0.5716455134243089
523724,10,10화 현실로의 첫걸음,0.0928571428571428,254,1,1,0.5716168600478252
224777,4,모의 전투(1),0.1170072800631523,10067,1,1,0.5714992805750835
584446,9,고급화,0.0,7,1,0,0.5714147540599972
584447,6,6화,0.1018478727975934,2090,1,1,0.5713404554963037
514945,3,등당입실 03화,0.2404371584699454,139,1,1,0.571329999341311
286189,3,3화,0.091582122292295,6626,1,1,0.5703748305966985
286189,7,7화,0.0438514648255271,5124,1,0,0.5702364418246203
576538,7,7화. 보이는 여자,0.0,18,1,0,0.5702309218663935
557490,6,제6화. 마무편책(馬無鞭策),0.1018907563025209,1710,1,1,0.5700736266344905
523319,16,1̸̷4̸̷화 변수,0.0,3,1,0,0.5697234814388834
359132,8,#008화,0.0,8,0,0,0.5687430634383153
134514,3,프로페셔널 3화,0.0675736961451247,2056,1,1,0.5685292293198299
580777,6,5. 매실청 여인 (2),0.0454545454545454,42,1,0,0.5684322051409183
486677,18,018 비밀 엄수(1),0.0,3,0,0,0.5677105141210337
536363,17,민혁의 옛 친구들!,0.6666666666666667,1,1,1,0.5675598930773829
451699,11,절망의 봄 : 국경 밖에서-5,0.0714285714285714,13,1,1,0.5667448642808549
246282,4,인벤토리가 있었지?,0.0696923338432772,10946,1,1,0.5659500879351502
537756,5,2회차 남자의 인생,0.1058394160583942,980,1,1,0.5651015420837733
184654,5,두 누나에 대해(1),0.0242554498004298,3178,1,0,0.5646813092747951
567140,5,4. 그 순간 내가 할 수 있는 것은 아무것도 없었다,0.25,9,1,1,0.5645720532633615
584217,12,"12화. 검은 일요일, 한 낮의 외출 (2)",-0.5,3,1,0,0.563915864352394
585038,6,006. 강자들을 연파,0.0588235294117647,64,1,0,0.5638148767943436
451699,12,절망의 봄 : We Happy Few-1,0.2307692307692307,10,1,1,0.5633773431746214
576847,10,10화 - 양반 나리들,0.0769230769230768,36,1,1,0.5633492329282785
451699,13,절망의 봄 : We Happy Few-2,-0.6000000000000001,16,1,0,0.5632568435498962
550097,4,내가 나로 서는 법,0.2268907563025209,92,1,1,0.5630159834053508
523319,13,1̸̷1̸̷화 막이 올라간다.,0.5,8,1,1,0.562385344398897
557962,3,전선 재평가,0.0504469331141477,9242,1,0,0.5619542065981217
584280,10,제 10 화 덕흥군의 예감!,0.0,5,1,0,0.5615662043339228
573643,3,금옥만당 3화,0.0173410404624277,170,1,0,0.5608280038085914
486677,8,008 인사(5),0.0666666666666666,28,1,1,0.5607627061996698
383287,14,목소리 되찾기 -3-,0.0413223140495867,348,1,0,0.5607161368628277
238398,10,제 9화 그날 저녁,0.0911602209944751,658,1,1,0.5603773681429876
86305,17,그녀들의 계획(2),0.0645161290322581,29,0,1,0.5603407193052755
564829,6,속 시원하게 해 줄게,0.0588235294117647,16,1,0,0.5602420751680149
571288,7,시즌 초(3),0.0283018867924528,206,1,0,0.5601153204984655
536363,19,중간 기착점-2,0.0,1,1,0,0.5590507555440217
417748,17,축구 시작안할끼가?15,0.1951219512195121,66,1,1,0.5585961349017607
585481,4,마지막 날,0.0,3,1,0,0.5584580550644034
536363,20,20화 각성,-1.0,2,1,0,0.5584389935692746
580603,16,31. 기록 보관소/ 재판청,-1.0,2,1,0,0.558200818566336
531329,3,3화,0.1428261184305777,47364,1,1,0.557747893279368
573809,9,009화 〈백야 길드의 시선〉,0.25,3,1,1,0.5568982723974325
550097,11,평양성으로 날아든 천무위.,0.0,44,1,0,0.5565605623252968
537756,8,독한 남자 김구,0.0607287449392712,696,1,0,0.5554707759325854
575665,8,4-2 왕세자를 납치하라.,0.0158730158730159,62,1,0,0.5553146736523316
514945,4,등당입실 04화,0.0863309352517985,127,1,1,0.5540581361841612
573545,14,14화 : 운이 좋은 아이,0.0,1,1,0,0.5537704222723877
550097,6,호영의 계책,0.2380952380952381,64,1,1,0.5535199021636055
505913,4,4화,0.0684641688602425,37866,1,1,0.5530662594265396
572636,7,7화. 삼천만 원의 그림자,0.1032863849765258,382,1,1,0.5527894621219454
580058,6,5장,0.0535211267605634,336,1,0,0.5526109160009567
585177,5,우연,-0.4444444444444444,13,1,0,0.5522323353898727
514940,8,복수의 시작 (3),0.0,18,0,0,0.5515549150860645
581843,3,003 : 붉은 깃발 아래의 도박,0.0666451508794577,5784,1,1,0.5513924498187274
561885,3,두 번째 함정,0.2045454545454545,70,1,1,0.5510755634967965
573545,11,11화 : 겁화의 마법사,0.3333333333333333,2,1,1,0.5507627966994512
565325,13,해방 - 친구 (4),0.0555555555555555,17,1,0,0.5505822243057373
273931,14,2. 세계 유일의 강령술사 (4),0.0127640845070422,2243,1,0,0.5505223057066071
566061,16,자식이자 동시에 손주,0.1111111111111111,8,1,1,0.550427314211431
583125,5,상관없다. 따라잡으면 되니까.,0.0747051114023591,706,1,1,0.5501386727814009
363040,5,4화,0.1527067904453948,8123,1,1,0.5499252559755353
567140,7,6. 글로리아 (1),-0.25,5,1,0,0.5496572715017787
417748,18,축구 시작안할끼가?16,-0.0606060606060605,70,1,0,0.5490185759241016
585652,4,EP003 - 함께 살아남기 위해,0.25,30,1,1,0.5488002316379779
578822,12,"# 12화. 그래, 드레스는 아니었다",0.25,3,1,1,0.5478182931798391
123363,10,#2 나의 작은 고양이 (Sweet little kitty),0.0501301431574732,37953,1,0,0.5474420969454264
567140,3,2. ‘시간의 틈’을 비집고 (2),-0.1999999999999999,18,1,0,0.5473102034146181
550097,8,배신의 대가,0.1111111111111111,56,1,1,0.5471758027599718
584217,11,"11화. 검은 일요일, 한 낮의 외출 (1)",0.3333333333333333,2,1,1,0.5468389846091227
574802,10,008화. 질투의 보호막,-0.0347826086956521,119,1,0,0.5463648182510173
549228,3,003화,0.1092912903719577,5819,1,1,0.5462388693076813
584857,8,제 8화 이세계 신규 직업 탄생 [책의 마법사],0.0,7,1,0,0.5461651773959049
576847,4,4화 - 피의 무게 (중),0.0833333333333333,77,1,1,0.5457396916777647
514944,4,금릉춘 04화,0.0746268656716417,62,1,1,0.5451168575791854
286189,5,5화,0.069432684165961,5495,1,1,0.5446534238804838
575332,4,4화 - 두 가지 제안,0.4,6,1,1,0.5444001222807061
292182,3,#003 작가의 직감,0.1321916881007174,51284,1,1,0.5437042985002375
580058,7,6장,0.1130952380952381,298,1,1,0.5436520708968013
576538,9,9화. 방음 요청서,0.2142857142857143,11,1,1,0.5432844425778914
581869,9,9화. 다음도 한 경기,0.0836653386454183,230,1,1,0.5426305753524314
374660,9,#009. 동물 요리 대회 (3),0.0,1,0,0,0.5425621670909097
557597,3,# EP003. 장애,0.1278195488721805,348,1,1,0.5420277351596149
554642,6,뜻(意)과 같이(如) 되면 이루어질지니(1),0.0568060021436227,1760,1,0,0.5419202079944448
560450,8,8화. 김유신의 그림자,0.3636363636363636,7,1,1,0.5418918100934279
238398,11,제 10화 여행의 시작,0.0471124620060789,627,1,0,0.541822920129608
522241,5,야주색 5화,0.1160714285714286,99,1,1,0.5417563235158465
575843,7,참마도를 녹여 단검을 벼리다.,0.1684210526315789,79,1,1,0.5417494802829599
584815,3,3.,0.0329670329670329,176,1,0,0.5412746965396018
564860,17,의구심,0.0,6,1,0,0.5410474031655079
584280,8,제 8 화 선조와 무창의 첫만남!,-0.1428571428571428,8,1,0,0.5410178247019435
561885,8,한국대학교,0.0625,45,1,1,0.5407292556225998
559951,13,13화. 첫 외부 의뢰,0.375,5,1,1,0.5406258640916272
575378,4,"004. 입 안에서 벌어진 노스 웨스트 더비, 고, 고, 고, 고! 고추장 불고기!",0.0688524590163934,284,1,1,0.5404019812623235
557597,4,# EP004. 무반응 구역,0.0948275862068965,315,1,1,0.5403775690635433
481784,3,정찰,0.0518051805180518,18962,1,0,0.5403413059583407
575331,8,에피소드 1. 사형수의 편지 8화,0.0,6,1,0,0.5400501793801353
564829,7,해독약방문,-0.0625,17,1,0,0.5400142176602831
580058,12,11장,0.0816326530612244,225,1,1,0.5398486710935549
553138,5,죽서요 05화,0.1052631578947368,17,1,1,0.5396973885040328
573643,5,금옥만당 5화,0.073170731707317,152,1,1,0.5394413531330647
333183,9,009,0.0,4,0,0,0.5385494386357585
581248,6,6화- 도장 찍겠습니다,0.0535289452815226,2387,1,0,0.5376956890656592
558578,4,"제3장: 번개의 자손, 그리고 거문도의 사람",0.1172413793103448,256,1,1,0.5373720205708852
523319,15,1̸̷3̸̷화 노예 시장의 만남,0.5714285714285714,3,1,1,0.5373422506075145
565325,14,해방 - 친구 (5),0.1176470588235294,15,1,1,0.5372827140406475
574936,22,— 파도소리와 그림자,-0.3999999999999999,7,1,0,0.5372274137252037
585750,4,4화. 누나는 어디로 튈지 모른다,0.0909090909090909,50,1,1,0.5371340769580921
585184,4,4화,0.0802005012531328,367,1,1,0.5369019414208057
100685,5,[005화] 그녀는 스토커?! - 3,0.0787878787878787,304,1,1,0.5367204392250311
554642,3,잠저에 웅크린 국본 (1),0.0911392405063291,2154,1,1,0.536596042430864
455299,4,4화,0.0654663990462248,61925,1,1,0.5365241450470513
564860,19,적의 출현(1),0.1428571428571429,6,1,1,0.5358107368343213
585038,7,007. 대어를 낚다,0.0625,60,1,1,0.5355999289077613
184654,4,팔려가다.(4),0.0975339429204765,3257,1,1,0.5346206245746559
162830,7,7장. 폐교회의 사연 (7),0.0369721248539476,11539,1,0,0.5345724296029851
520703,7,#7화,0.0999999999999999,36,1,1,0.5332094231922688
565685,7,더 놀라게 해줄까?,0.1448598130841121,183,1,1,0.5327504775585131
383287,15,목소리 되찾기 -4-,-0.0431034482758621,363,1,0,0.5327230255270757
578651,6,애인 엄마와 첫 여행 (2),0.2846715328467153,98,1,1,0.5319227191773661
580111,7,7화 사무장이 제 한숨을 통역합니다,0.1422413793103448,199,1,1,0.5316346033340795
552100,3,장공주 03화,0.119047619047619,37,1,1,0.5316269899341743
578822,14,# 14화. 그 죽음은 살해였는가,0.0,3,1,0,0.5306960917137983
381297,4,제4장 무공비급,0.069672131147541,908,1,1,0.530439456635808
575331,20,에피소드 2. 강가에 남은 마음 20화,0.0,3,1,0,0.5299699223209929
584482,4,"빈민가에 핀 백합, 숨겨진 왕녀 올레나",0.025,39,1,0,0.5292816973499308
567395,3,머릿속과 잔디는 다르다,0.0714285714285714,221,1,1,0.5289903663563102
523724,11,11화 스윈들 상단의 탄생,-0.0393700787401574,264,1,0,0.5286055618235372
584045,7,7회. 남의 스트라이크,0.0,5,1,0,0.5283918954432625
559951,16,16화. 첫 불씨의 한계,0.0,5,1,0,0.5283875899728497
580058,3,2장,0.0638722554890219,469,1,1,0.5283031545118742
542470,3,마음을 읽는 섭정왕과 혼인했다 03화,0.0760456273764258,243,1,1,0.5275775360611572
584447,5,5화,0.0392237819983484,2327,1,0,0.527437139648803
86305,8,성가신 녀석(2),0.1361256544502618,495,1,1,0.5273956999128455
561885,9,태양그룹 첫째 딸,0.0222222222222222,44,1,0,0.5270500880225982
576538,8,8화. 정리 완료 보류,0.2222222222222222,14,1,1,0.5265451910910095
576538,10,10화. 외롭지 않게,0.1818181818181817,9,1,1,0.5254159900017674
572636,3,3화. 종자돈,0.0952380952380952,589,1,1,0.5252010894104753
557597,9,# EP009. 화면이 꺼지기 직전,0.0466666666666666,143,1,0,0.5251727692565566
578651,3,아들 같은 사위를 꿈꾸다,0.1508379888268156,152,1,1,0.5246080159045247
358812,10,10,0.0573663624511082,723,1,0,0.5242544319864468
90225,3,Lost Sky Online (2),0.1671564661359781,159552,1,1,0.5236348780572788
520418,9,예기치 못한 손님 -4-,-0.0151133501259446,806,1,0,0.5226582911851391
418796,3,2. 회귀하다.,0.1424389427902308,20506,1,1,0.5224656845524163
572636,5,5화. 불의의 습격,0.0420650095602294,501,1,0,0.522452593517671
580058,8,7장,0.0335570469798657,288,1,0,0.5222792133278549
580058,10,9장,0.0439560439560439,261,1,0,0.5219201935416687
537756,9,건국전쟁(建國戰爭),0.1192528735632183,613,1,1,0.5218383064227559
584471,16,탐정(진),-0.2857142857142858,9,1,0,0.5212967553848568
573545,15,15화 : 악의의 형태,0.0,1,1,0,0.5209106916151856
100685,11,[011화] 그녀는 소녀 가장?! - 5,-0.0334928229665072,216,1,0,0.5208861999770144
364922,6,체육복,0.0761684939411425,11207,1,1,0.52070416905904
536363,16,하르모니아 회담-2,0.0,3,1,0,0.5206939782550651
575854,22,에덴링크 022화. 빈 포대의 무게,0.1428571428571429,6,1,1,0.5203987481388116
576847,9,9화 – 한양,0.2040816326530612,39,1,1,0.5201580219892696
548687,4,4화. 세상이 나를 억까한다(1),0.0510502525923955,28552,1,0,0.5200009582853855
585750,5,"5화. 형아, 진짜 아름답다",-0.04,52,1,0,0.5197095698110324
582089,6,부산에서 부동산을 구입하다,0.0275545350172216,847,1,0,0.5196539134263184
580111,8,8화 거짓말쟁이가 거짓말 탐지기를 사러 왔다,0.1306532663316583,173,1,1,0.5190656877697466
558578,7,제6장: 보이지 않는 경고,0.0883977900552486,165,1,1,0.5186999950900741
580603,15,루시안의 함정 / 환생국,0.5,1,1,1,0.5181422025511203
567395,7,최고의 수비는 최고의 공격,0.1788079470198675,124,1,1,0.5177893598241701
575843,8,낙양의 밤은 피로 물든다.,0.1265822784810126,69,1,1,0.5172884355958879
577392,13,12화. 푸수완,0.25,3,1,1,0.5168878439484428
558578,6,제5장: 마른하늘의 날벼락,0.1772727272727272,181,1,1,0.5168201458706803
508912,4,만급작정 04화,0.0614035087719297,321,1,0,0.5167463356906496
584217,15,15화. 레이디 메러디스의 안식 (2),0.0,1,1,0,0.516344722801094
234339,5,입학식 (1),0.0275685759690458,56296,1,0,0.515175848066053
359132,9,#009화,0.0,8,0,0,0.5148509673354535
86305,5,환영(4),0.2533495736906211,613,1,1,0.5147600137321712
572636,4,4화. 미친놈,0.1120543293718165,523,1,1,0.514380007857719
553138,10,죽서요 10화,-0.1333333333333333,17,1,0,0.513913851455595
578822,16,# 16화. 오늘은 가지 않는다,0.0,2,1,0,0.513502463696483
539992,4,미궁과 축복,0.0758651286601597,18747,1,1,0.5132713332473324
584857,9,제 9화 여행 전야,0.0,7,1,0,0.5132240092607856
550097,12,붉은 늑대의 포효,-0.0227272727272727,45,1,0,0.51314324899162
376559,10,010. 저주를 위한 약혼,0.0,44,1,0,0.5129617624913254
566061,17,나 혼자만 직업 클래스 3개,-0.5,12,1,0,0.5126251305874896
574802,11,009화. 순결 서약,0.0588235294117647,112,1,0,0.5118889497220948
580777,5,4. 매실청 여인 (1),-0.0731707317073171,44,1,0,0.511641446238134
575665,9,5-1 어설픈 작전,0.0967741935483871,56,1,1,0.5115498321113333
520703,8,#8화,0.0555555555555555,34,1,0,0.5111519251652402
451699,15,절망의 봄 : We Happy Few-4,0.1666666666666666,10,1,1,0.5109725943693223
575854,21,에덴링크 021화. 사냥꾼의 영수증,0.125,7,1,1,0.5104558886298229
522238,4,황상서죄 4화,0.1504424778761062,96,1,1,0.510271350196226
584447,7,7화,0.0923444976076555,1897,1,1,0.5095716249661455
571288,8,첫 번째 박싱데이(1),0.1262135922330097,180,1,1,0.5085991532140985
375271,3,3화,0.0824068949157903,58024,1,1,0.5083611880121555
579087,6,006,0.0552147239263803,1386,1,0,0.50801784949516
238398,12,제 11화 신들의 회의. 그리고 기다리는 괴물들,0.0430622009569378,600,1,0,0.506442523602223
581869,3,3화. 구속 139km,0.1188118811881188,534,1,1,0.5062574274189506
134514,4,프로페셔널 4화,0.0116731517509727,2032,1,0,0.5055259901234607
486677,9,009 버스 출발(1),0.0357142857142857,27,1,0,0.505479111684412
579450,11,이별과 만남,0.0,4,1,0,0.5052567005377061
576847,12,12화 - 범을 쫓는 자들,0.0857142857142857,32,1,1,0.5048292742817845
537756,10,우남의 야망,-0.030995106035889,632,1,0,0.50399155997741
573545,18,18. 진명,1.0,0,1,1,0.5038589224178249
565685,8,언제 알았어?,0.0218579234972677,179,1,0,0.5032030912444753
584280,9,"제 9 화 라이벌, 아츠오(무창)와 테츠마로!",0.375,5,1,1,0.5031617903496349
580111,9,9화 동네 변호사라고 얕본 검사,0.0173410404624277,170,1,0,0.5031259996622583
577392,17,16화. 폭풍 전의 고요,0.25,3,1,1,0.5029445798966506
286189,6,6화,0.0247497725204731,5359,1,0,0.5028601435134537
443313,8,8화. 긴장감,-0.0171338822521536,21371,1,0,0.5019556841932549
376244,3,제3화. 작전(作戰) 3.,0.0889065434060378,12615,1,1,0.5017296563719409
580777,4,3. 신이 되셨습니다. (3),0.18,41,1,1,0.5010987410426523
297843,10,불리온 (10),0.0703538885357066,4387,1,1,0.5008698080474497
584471,18,해결사 > 방문 판매원,0.25,6,1,1,0.500853185654983
443334,3,출항 (2),0.0947001788571966,9617,1,1,0.5002373139253206
583801,8,변방의 현위 (4),-0.0240137221269296,597,1,0,0.4999960528989698
273931,5,0. Prolog. 낭떠러지 (5),0.1528662420382165,3458,1,1,0.4998130539253225
583801,6,변방의 현위 (2),0.0846484935437589,638,1,1,0.49971230410376
575665,10,5-2 어설픈 작전,0.0357142857142857,54,1,0,0.4996055276778386
583837,4,04화. 미안해,0.1809478219243657,1711,1,1,0.4995247064014055
537756,4,독재자도 아버지는 무섭다.,0.214336917562724,1096,1,1,0.49944004489650784
576538,11,11화. 항상 지켜보고 있다,0.0,9,1,0,0.49943084658615877
578822,15,# 15화. 기록되지 않는 일,0.3333333333333333,2,1,1,0.498918568168703
575854,23,에덴링크 023화. 말보다 순서,0.1666666666666666,5,1,1,0.498668658231633
273931,10,1. 귀소본능 (5),0.0374999999999999,2464,1,0,0.49855502082848113
585629,5,제2화. 은인 (2),0.1288659793814432,338,1,1,0.49845822707963605
552788,3,3화,0.0272947623564127,27690,1,0,0.4984132394615734
574802,19,015화. 죽은 병사가 일어났다,0.0752688172043011,86,1,1,0.4979665873309928
539992,3,루멘홀드와 미궁,0.1201040988939492,20286,1,1,0.4976722235878475
574802,12,009화. 순결 서약,0.0982142857142857,101,1,1,0.49759366966796603
558578,8,"제7장: 용의 침몰, 보이지 않는 자객들의 연회",0.0363636363636363,159,1,0,0.49737514410198935
583801,3,첫 번째 화살 (3),0.1008206330597889,767,1,1,0.4973568531636768
573809,18,018화 〈협회 실무자 오세진〉,0.0,1,1,0,0.49716528121430603
273931,13,2. 세계 유일의 강령술사 (3),0.038917089678511,2272,1,0,0.4970557399406297
417748,20,축구 시작안할끼가?18,-0.9433962264150944,103,1,0,0.4969829224930163
559657,4,4화.,0.0300196108010257,6430,1,0,0.4965003038034043
575332,3,3화 - 역전의 용사와 맥주 한 잔,0.2307692307692307,10,1,1,0.4964197235277836
573642,4,중생지재가황숙 4화,0.0784313725490196,141,1,1,0.49621380183802555
585629,3,제1화. 역대급 동창회 (3),0.1871559633027523,443,1,1,0.4961840668163244
553135,4,피난민이지만 육아합니다 4화,0.0654911838790932,371,1,1,0.49593012248956814
584482,6,밤의 거상 카테리나와 위험한 계약,0.0571428571428571,33,1,0,0.49591569457884743
584045,8,8회. 내 공은 아직 직구뿐이다,-0.3999999999999999,7,1,0,0.49534816783692703
549388,3,김태만 회장 불러와,0.0937919463087247,5401,1,1,0.4952923812435624
585481,5,이번 판만,0.3333333333333333,2,1,1,0.4950505302130047
517290,3,머피의 법칙,0.0705505077498663,1739,1,1,0.4950170258015165
514945,5,등당입실 05화,0.0,127,1,0,0.4940264366934216
514944,5,금릉춘 05화,0.0483870967741935,59,1,0,0.4936643877322679
201454,7,괴물의 거리 (1),0.036794425087108,13822,1,0,0.49361256650893437
522238,5,황상서죄 5화,0.1041666666666666,86,1,1,0.49335589579893424
561885,10,세 사람,0.0909090909090909,40,1,1,0.4929293484147316
576847,7,7화 - 사냥의 끝,0.0909090909090909,50,1,1,0.4928713404330002
575331,5,에피소드 1. 사형수의 편지 5화,0.1764705882352941,14,1,1,0.49245212833091634
579087,3,003,0.0536144578313253,1571,1,0,0.4917144454590762
419940,4,성장 욕구(1),0.0700030814406641,51307,1,1,0.4916197357637076
571288,9,첫 번째 박싱데이(2),0.0888888888888889,164,1,1,0.49093353953980096
514940,9,흉몽을 부르는 향,0.0,18,0,0,0.49052569446827493
557597,10,# EP010. 하향,0.0839160839160839,131,1,1,0.48996023797622584
584447,9,9화,0.0705669481302774,1541,1,1,0.48984873023888154
573809,10,010화 〈숨겨진 던전 입구〉,0.0,3,1,0,0.48979432315790816
584447,4,4화,0.0952558834516249,2422,1,1,0.48974444877112533
383287,16,평행선의 간격 -1-,0.0523415977961432,344,1,0,0.4894161069292698
575331,9,에피소드 1. 사형수의 편지 9화,0.1666666666666666,5,1,1,0.48885465659607263
224777,5,모의 전투(2),0.1149299692063177,8910,1,1,0.48882752275077507
374660,10,#010. 동물 요리 대회 (4),0.0,1,0,0,0.48833926989802107
581248,3,3화-골을 넣을 줄 안다,0.0429752066115702,2895,1,0,0.4883110465605062
573545,16,16화 : 그날의 밤,-1.0,2,1,0,0.48787174332289424
479971,3,3화.,0.1102935358810032,11245,1,1,0.48747931366965497
575843,9,영약을 삼키고 절정을 품다.,0.0579710144927536,65,1,0,0.48688233126929464
514944,10,금릉춘 10화,0.0188679245283018,52,1,0,0.48681291825519746
583062,6,6화. 선발 명단 (3),0.0325865580448064,1900,1,0,0.486260390626805
536363,23,23화 네오로드 66 여정 (1),0.0,1,1,0,0.4862531470035529
574802,13,010화. 그라임 요새,0.0693069306930692,94,1,1,0.4857123388076645
586028,3,살아야 하는 이유,0.1337209302325581,149,1,1,0.48561328108223295
566061,19,2번째 보스전 : 용 칼라베스,0.0999999999999999,9,1,1,0.4852537683928238
583801,9,폭풍전야 (1),0.0083752093802345,592,1,0,0.48505020594100273
529052,9,탈출좀비열차(4),0.0321285140562248,241,1,0,0.4850397230424667
584471,17,탐정(진) > 해결사,0.1111111111111111,8,1,1,0.48497023140775347
533816,3,회귀한다고 없던 재능이 생기진 않는다(2),0.1578222778473091,6729,1,1,0.4846738067140059
536098,3,"3화 그래서, 정리해 드리려는 겁니다.",0.0891808964781216,13655,1,1,0.4846700297870967
358812,11,11,0.0774550484094052,667,1,1,0.4846607352851324
333183,10,010,0.0,4,0,0,0.48430200940081236
553138,4,죽서요 04화,0.3214285714285714,19,1,1,0.48415949789075763
550171,3,3화. 골목대장은 예외였다.,0.1099588305800197,17079,1,1,0.48379740506087543
574368,3,3화,0.0538079124368132,22649,1,0,0.4837506307110173
584280,13,"제 13 화 무창, 선조의 그림자가 되다!",0.0,3,1,0,0.4836890521232849
417748,19,축구 시작안할끼가?17,0.2428571428571428,53,1,1,0.4834916607013472
586028,4,살아남기 위한 무공,-0.0402684563758388,155,1,0,0.483374786305111
486677,19,019 비밀 엄수(2),0.0,3,0,0,0.4832201705321485
567395,4,능력치는 평범한데,0.085972850678733,202,1,1,0.48067100073386837
552100,4,장공주 04화,-0.0270270270270269,38,1,0,0.48044480776465937
551214,3,악마의 땅,0.0297372060857538,8418,1,0,0.48037318892416
575378,15,015. 새벽 훈련 1,0.0454545454545454,63,1,0,0.48024966325329504
584857,10,제 10화. 다시 맞잡은 은혜의 손길,0.0,7,1,0,0.48017054556824434
564829,10,"의심, 죽은 자는 말이 없는 법",-0.0666666666666666,16,1,0,0.4799971025142917
123363,6,#1 해질녘의 저주,0.1083906129255297,43844,1,1,0.47989345609846423
584280,11,제 11 화 생명의 은인!,0.0,5,1,0,0.4797668767006674
418796,4,3. 모교를 사다.,0.1495172144738125,17440,1,1,0.479439500532348
580777,3,2. 신이 되셨습니다. (2),0.1935483870967742,50,1,1,0.4794004633319629
201454,5,아무도 서울을 나갈 수 없다 (1),0.0852218678305635,16348,1,1,0.47939717009886934
561885,11,김수아,0.125,35,1,1,0.47931306542986424
559657,5,5화.,0.0118195956454121,6354,1,0,0.4792136418727444
451699,16,절망의 봄 : We Happy Few-5,-0.1,11,1,0,0.479067948110412
559951,18,18화. 둘의 빈손,0.0,3,1,0,0.47835310427284916
134514,7,프로페셔널 7화,0.0352941176470588,1804,1,0,0.47803483362726645
575854,24,에덴링크 024화. 작은 사이다,0.0,5,1,0,0.4779274107696711
238800,5,4화,0.0642814726840854,12606,1,1,0.4778940755315335
550097,13,검은 이유가 있을 때 살기를 외친다.,0.0666666666666666,42,1,1,0.476853869430881
583125,3,넌 위험만 줄인 게 아니야. 기회까지 같이 날린 거지.,0.0604026845637584,840,1,0,0.4767548882852998
567395,8,점유율과 역습,0.1451612903225806,106,1,1,0.4763836613699555
571288,6,시즌 초(2),0.273972602739726,212,1,1,0.47617488259547097
383287,17,평행선의 간격 -2-,0.0377906976744185,331,1,0,0.47570590765975806
563160,3,#003. 끄덕임의 의미.,0.048888187982968,18093,1,0,0.4752711781274178
238398,13,제 12화 새벽의 연주와 월검향,0.1483333333333333,511,1,1,0.47500603852542855
297843,11,불리온 (11),0.1039434693412354,3931,1,1,0.47499290939336575
224777,6,모의 전투(3),0.0915824915824915,8094,1,1,0.47358417861545943
238800,4,3화,0.1237153636008846,13472,1,1,0.4734252455584144
381297,5,제5장 광명대수인,0.0969162995594713,820,1,1,0.4731718129820454
100685,16,[016화] 그녀는 사천왕?! - 3,-0.0053763440860215,187,1,0,0.47284598587508947
417748,22,축구 시작안할끼가?20,0.1020408163265306,44,1,1,0.47261124438669944
522241,6,야주색 6화,0.2727272727272727,72,1,1,0.4723980117786702
535250,3,천라지망,0.0654362416107382,1114,1,1,0.4723449442078054
553138,6,죽서요 06화,-0.1764705882352941,20,1,0,0.4722835466893101
238800,3,2화,0.1689729729729729,15374,1,1,0.471987794556939
575331,12,에피소드 1. 사형수의 편지 12화,-0.25,5,1,0,0.47149282696296635
493070,3,회사의 아이돌과 하룻밤을 보냈다,0.0624075347460982,44996,1,1,0.47144685305229395
585184,7,7화,0.0175438596491228,336,1,0,0.47136604970628665
419940,3,절대공간(2),0.1152007954837054,55169,1,1,0.46957727670448707
513757,3,[2화] 산적들도 바보가,0.1799747580984434,48730,1,1,0.4691043440800952
584471,19,죽음의 진실.,0.0,6,1,0,0.46910120903701763
372155,3,3. 경복궁은 불타오르는가?(2),0.1777902063136962,26462,1,1,0.4690005955151772
337226,3,003 - n 번째 인생들,0.149642423424639,18906,1,1,0.46895090816533314
100685,12,[012화] 그녀는 소녀 가장?! - 6,0.0462962962962962,206,1,0,0.4688931988265146
584482,8,"소리 없는 악마, 애기살이 공기를 찢다",0.0666666666666666,28,1,1,0.4688412519700807
564829,9,"역습, 침술로 해독하라",0.1176470588235294,15,1,1,0.4686466243328419
536363,24,24화 네오로드 66 여정 (2),0.0,1,1,0,0.4678342429042418
476831,4,나 강림 - 3,0.0662562954672635,8343,1,1,0.4677633793935395
86305,4,환영(3),0.0887902330743618,821,1,1,0.4674562333567181
557597,11,# EP011. 삭제된 로그,0.0152671755725191,129,1,0,0.46693008655373563
575331,21,에피소드 2. 강가에 남은 마음 21화,0.0,3,1,0,0.4667824491907365
557343,3,첫 수익(2),0.0431562585718203,10465,1,0,0.46594776228757045
537219,3,[무협] 자하신공(紫霞神功),0.1085304054054053,23221,1,1,0.46470318175374364
184654,6,두 누나에 대해(2),0.0645059786028948,2973,1,1,0.46448233041262676
567140,9,8. 검은 연기,0.25,3,1,1,0.46447216554483073
523319,17,1̸̷5̸̷화 마녀(1),-0.3333333333333332,4,1,0,0.4644056252156897
520418,8,예기치 못한 손님 -3-,0.1207087486157253,794,1,1,0.46384840017019874
508912,5,만급작정 05화,0.0186915887850467,315,1,0,0.46370880715668855
571288,10,첫 번째 박싱데이(3),0.048780487804878,156,1,0,0.46351194446866945
575665,11,6-1 시간 이동자의 정체,-0.0370370370370369,56,1,0,0.4633077988807362
561885,12,춘천 MT,0.1428571428571429,30,1,1,0.46329377876776723
575843,6,중원으로 향하는 첫걸음,0.3065693430656934,95,1,1,0.46327516417956055
531246,3,이거... 오류 아니야?,0.0545989217448129,28934,1,0,0.46304322494555844
544138,3,3화,0.0490996060776589,6759,1,0,0.4628452497074987
534819,3,아빠는 쓰레기다(2) (26.02.02 수정),0.0356495468277945,6384,1,0,0.4627775271753409
584482,7,"수탈자의 잔치, 암살의 대본을 짜다",0.0909090909090909,30,1,1,0.4625416284990717
572636,9,9화. 어머니의 편지,0.049586776859504,345,1,0,0.46238844181643657
585750,6,6화. 할아버지 깜짝놀라다.,0.0384615384615384,50,1,0,0.46223435841530564
581595,3,별은 죽지 않는다,0.0591133004926108,382,1,0,0.46223270970185765
577162,3,3. 미국 왕따가 싸움을 잘함,0.0579031980249181,32817,1,0,0.46222033956023273
573216,4,1억. 그 밑으로 안 해,0.0728049161545671,8902,1,1,0.46177461782535506
376559,11,011. 공주를 위한 여행길,-0.0909090909090908,48,1,0,0.4617566933673283
550097,14,평양성 공방전-신라군의 북상,0.0952380952380952,38,1,1,0.4614378072267222
238398,14,제 13화 네메시스가 제일 싫어하는 것,0.0978473581213307,461,1,1,0.460978793400587
520703,9,#9화,0.0588235294117647,32,1,0,0.4606600996938348
548891,4,4화 공작 (1),0.0648958167647526,17637,1,1,0.46064172114836993
359132,10,#010화,0.0,8,0,0,0.4606139986046268
567395,9,스카우터가 보러 온 날,0.0283018867924528,103,1,0,0.45980239237365583
479971,4,4화.,0.0649177412183192,10515,1,1,0.45959228939052477
580111,10,"10화 전치 6주라던 손으로, 커피를 뽑네요",-0.0058823529411764,171,1,0,0.459276884259226
569827,3,개판이네,0.0739458138113668,9092,1,1,0.45886478690521815
584035,6,6화,0.0732590125959171,6401,1,1,0.4586197084727871
493717,3,3. 여행지에서 얻은 인연들,0.0271750378094404,61108,1,0,0.4583647583704522
441725,3,제3화. 잘생긴 싸이코.,0.0251855963366405,14050,1,0,0.4580280038219189
565742,3,3화 돈이 보였다. 그런데 사라졌다,0.0664711632453568,3820,1,1,0.45783747403965214
523724,12,12화 술고래 드워프를 찾아서,0.0795454545454545,243,1,1,0.4576487667524157
488890,3,대회에서 1등하다.,0.1849638963613196,28783,1,1,0.4573172367964592
573809,17,017화 〈서연우의 시험〉,0.5,1,1,1,0.45677530564881513
564829,8,"폐물, 자기변호하기",0.0,17,1,0,0.4564954287103497
574802,14,011화. 전장 검증,0.0638297872340425,88,1,1,0.45574118539909014
364922,5,일기장,0.1210694102304014,12131,1,1,0.4556463038955035
191722,4,새로운 국왕의 즉위 그리고 민자영,0.0643521879743911,14176,1,1,0.45559631337259904
555164,3,003,0.0433333333333333,10906,1,0,0.4555614647897706
580897,6,대화하다,0.0811387900355872,1291,1,1,0.45505049972077644
576847,5,5화 - 피의 무게 (하),0.1298701298701299,67,1,1,0.45446286726626683
575378,16,016. 새벽 훈련 2,0.0952380952380952,57,1,1,0.45357028023661206
584217,14,14화. 레이디 메러디스의 안식 (1),0.6666666666666667,1,1,1,0.45253782779596696
575843,10,"양양으로 가는길, 그리고 악가장",0.0923076923076923,59,1,1,0.4524705432508263
558578,9,"제8장: 용이 무너진 날, 천하가 갈라지다",0.0691823899371069,148,1,1,0.4524657098286096
583837,3,03화. 야구가 정말 좋은가봐,0.1494299674267101,2089,1,1,0.4523508380629305
584447,3,3화,0.0900747790618626,2677,1,1,0.4520836926561598
124930,4,용사의 동료가 되었습니다.,0.0650572831423895,4570,1,1,0.45198954497512284
576847,13,13화 - 함경도의 그림자,-0.03125,33,1,0,0.451466516149611
418796,5,4. 너 해라,0.0628440366972477,16344,1,1,0.45140302742012106
522238,6,황상서죄 6화,0.1627906976744185,72,1,1,0.45131529448478414
537756,11,장인어른 서재필,0.1234177215189873,554,1,1,0.4512439857458046
581843,4,004 : 불을 당길 사람,0.1070193637621023,5165,1,1,0.45120289602186825
584773,5,5화. 첫 장사부터 흑도가 찾아왔다,0.0,31,1,0,0.45050523746774457
565325,15,해방 - 친구 (6),0.0666666666666666,14,1,1,0.4505007190325922
100685,13,[013화] 그녀는 소녀 가장?! - 7,-0.0048543689320388,207,1,0,0.4501582797078663
554642,5,잠저에 웅크린 국본 (3),0.033160621761658,1866,1,0,0.4496672105826295
536363,25,25화 메트로 코스모스의 외부 자들 (1),0.0,1,1,0,0.44964972388331054
375271,4,4화,0.0847752654074176,53105,1,1,0.44918965715117054
383287,18,평행선의 간격 -3-,0.0271903323262839,322,1,0,0.4490669832260554
583801,7,변방의 현위 (3),0.086206896551724,583,1,1,0.4490416605376412
518734,3,3화,0.0928728495666796,7013,1,1,0.44879731006027507
559951,17,17화. 격리선,0.4,3,1,1,0.4485572892666767
573642,5,중생지재가황숙 5화,-0.0283687943262411,145,1,0,0.4484173044152577
584857,11,제 11화: 현 세계관 최강자중 하나는 전직 성녀입니다.,0.0,7,1,0,0.448338373781333
566061,18,깊은 밤의 갑옷,0.1666666666666666,10,1,1,0.448250539516029
583837,7,07화. 야구라는 거,0.0611782477341389,1243,1,0,0.44815046488189775
579450,12,끝을 향한 기다림의 시작 (1부 최종화),-0.25,5,1,0,0.4479179393663944
184654,7,두 누나에 대해(3),0.0440632357887655,2842,1,0,0.44784841419037474
584280,12,제 12 화 재회!,0.4,3,1,1,0.44745897392604284
550097,15,평양성 공방전 - 2차 방어선을 사수하라.,0.0789473684210526,35,1,1,0.4471976620986031
572636,10,10화. 빚이 아닌 투자,0.0144927536231883,340,1,0,0.4464350253135211
241417,7,제물의 장(7),0.0096581327609995,12920,1,0,0.44625178523871806
529052,7,탈출좀비열차(2),0.2283236994219653,267,1,1,0.44571074777577235
574936,24,— 거래소의 파문,0.0,5,1,0,0.4454429520921638
561885,13,태양그룹의 집,0.1333333333333333,26,1,1,0.4452558896134175
564241,3,003 : 침입,0.0887292449688377,19154,1,1,0.44501866850615834
576538,12,12화. 202호,0.1111111111111111,8,1,1,0.44500397592004864
537756,12,외교전(外交戰),0.0866425992779783,506,1,1,0.4443299560209972
542470,5,마음을 읽는 섭정왕과 혼인했다 05화,0.0267857142857143,218,1,0,0.4432759198485414
162830,6,6장. 폐교회의 사연 (6),0.0581669548813079,11982,1,0,0.4430817630645642
557097,3,전능의 동자신을 주웠다-3,0.0573874811986578,16294,1,0,0.4423365805450108
580777,7,6. 매실청 여인 (3),0.0,42,1,0,0.4419019098320081
583062,3,3화. 바지 감독 (3),0.0701530612244898,2187,1,1,0.4416649080419693
535774,3,참치 대뱃살,0.0660882878285277,21960,1,1,0.4412392684080359
558578,10,제9장: 바다를 노리는 자들,0.0878378378378378,135,1,1,0.4407522036182794
201454,6,아무도 서울을 나갈 수 없다 (2),0.1222167849278199,14350,1,1,0.4404552355417179
419162,3,업적(2),0.1215556373451109,35801,1,1,0.4403509598309638
559657,3,3화.,0.0427436823104693,6629,1,0,0.4397243355683936
565391,3,3화,0.2100009947939118,23824,1,1,0.4395247168205353
558578,3,"제2장: 철의 군대, 흙의 백성을 마주하다",0.2821782178217822,290,1,1,0.4392077941201899
578822,17,# 17화. 분류 전 기록,-0.5,3,1,0,0.4383821949754309
557597,12,# EP012. 인장,0.1317829457364341,112,1,1,0.43820867424644677
585184,5,5화,0.0354223433242506,354,1,0,0.4373420600394567
319100,3,3화,0.1321060257393675,40732,1,1,0.4368345333480408
514940,10,"공주, 혈맹의 동지를 소환하다",0.0,18,0,0,0.43654119887660137
585184,6,6화,0.0338983050847457,342,1,0,0.4355013203215473
523319,19,1̸̷7̸̷화 다시 만나서 반가워(2),0.0,3,1,0,0.4354913543106465
582089,5,재벌이 되기 위한 사전 준비,0.1535471331389698,871,1,1,0.4354344130994567
381297,6,제6장 기습,0.0926829268292682,744,1,1,0.43522305228374014
577392,15,14화. 예르게친,-0.3333333333333332,4,1,0,0.43471819912243354
374660,11,#011. 동물 요리 대회 (5),0.0,1,0,0,0.4343905481863182
575843,11,천신(天神)의 유산,-0.0847457627118644,64,1,0,0.43390483286333864
576538,13,13화. 미끼,0.125,7,1,1,0.43355765077514025
123363,3,#1 해질녘의 저주,0.0795336619535608,56767,1,1,0.43338589455010496
535250,5,진눈깨비,0.0082872928176795,1077,1,0,0.43336827084645324
224777,7,심층의식(1),0.0290338522362243,7859,1,0,0.4329104619600196
358812,12,12,0.0374812593703148,642,1,0,0.4326907438112619
566061,20,드래곤과 1:1 야차룰,0.1111111111111111,8,1,1,0.4325692128563061
567395,6,두 번의 기회와 풀백,0.331858407079646,151,1,1,0.43256290068451714
581869,10,10화. 전국 대회,0.0652173913043477,215,1,1,0.43252105307842087
488890,4,프로토타입.,0.1181252822846818,25383,1,1,0.43237993281567166
374526,3,#003,0.1666666666666666,15,1,1,0.43207804744899
486677,20,020 비밀 엄수(3),0.3333333333333333,2,0,1,0.43146644728966893
574936,21,— 첫 번째 파티 제안,0.5,5,1,1,0.43124730727003696
581595,6,별은 죽지 않는다 (4),0.0273972602739726,355,1,0,0.43110589657924575
564860,12,벗(1),-1.0,11,1,0,0.4308948426822204
529052,10,탈출좀비열차(5),0.0456431535269709,230,1,0,0.43061012388787884
191722,5,몰락의 전조(1),0.0828865688487584,13001,1,1,0.43054886215659505
575665,12,6-2 시간 이동자의 정체,0.0535714285714286,53,1,0,0.4304480586706776
333183,11,011,0.0,4,0,0,0.43042760790612367
522238,7,황상서죄 7화,0.0833333333333333,66,1,1,0.43006990096764053
581595,8,홍씨는 죽지 않는다,0.0714285714285714,338,1,1,0.4300554791737139
565202,3,003화. 무서울 게 뭐가 있다고?,0.0226593806921675,13414,1,0,0.4299544835016841
162830,4,4장. 폐교회의 사연 (4),0.0427943398818518,13935,1,0,0.42899790531846005
579087,4,004,0.057288351368555,1481,1,0,0.42877134974496345
333183,3,003,0.3513513513513513,24,1,1,0.4287178556553279
557597,13,# EP013. 세 글자,0.0714285714285714,104,1,1,0.42837689446957994
574802,15,011화. 전장 검증,-0.0340909090909091,91,1,0,0.4279822578174422
383287,19,평행선의 간격 -4-,0.0031055900621117,321,1,0,0.4278320493192576
577392,20,19화. 원정군,0.0,4,1,0,0.4277842761192217
443313,5,5화. 고찰,0.1317092565149817,24023,1,1,0.42737828358516855
238800,6,5화,0.0359352689195621,12153,1,0,0.42716682102144443
486677,10,010 버스 출발(2),0.074074074074074,25,1,1,0.42699934816359353
565685,10,방주 궁의 첫날밤,0.04,168,1,0,0.426935561641637
505913,5,5화,0.022077853483336,37030,1,0,0.42693171778006167
583837,8,08화. 쳤어...? 그걸...?,0.0925181013676589,1128,1,1,0.42679174518520274
443313,6,6화. 디저트,0.0929942138783666,21789,1,1,0.42647656745004836
238398,15,제 14화 용이 잠든 얼음성1,0.0932754880694143,418,1,1,0.42599829467508715
575854,25,에덴링크 025화. 아무 이방인에게나,-0.1999999999999999,6,1,0,0.4256952785195226
523724,13,13화 불꽃의 계약,0.037037037037037,234,1,0,0.4256691690765396
584773,3,3화. 무공은 청소에도 유용했다,0.1794871794871795,32,1,1,0.42566230209876627
565685,11,후계자의 길이란,0.0654761904761904,157,1,1,0.42554636127149026
585750,8,8화. 할아버지의 독문절기,0.0217391304347825,45,1,0,0.42540637669728154
583125,6,이미 벗어났습니다.,0.0424929178470254,676,1,0,0.42514343035158986
580111,11,"11화 졸았을 뿐인데, 신이 됐습니다",0.0292397660818714,166,1,0,0.42513534559527155
585750,7,7화 . 형. 누나 강해!,0.0799999999999999,46,1,1,0.42474534834715344
319100,5,5화,0.1086346465191581,33034,1,1,0.42457909333579136
579450,14,동상이몽,0.6,2,1,1,0.42441097294147184
535250,4,외딴집에서,0.0251346499102333,1086,1,0,0.42433408305484255
522241,8,야주색 8화,0.0909090909090909,60,1,1,0.42429264891830604
246282,6,니들이 파이널 파이터가 뭔지 알아?,0.0601635514018691,9654,1,0,0.424064910441474
514945,6,등당입실 06화,0.031496062992126,123,1,0,0.4240285226650019
564860,20,적의 출현(2),-0.6666666666666667,10,1,0,0.42391663745177294
486677,21,021 비밀 엄수(4),0.5,1,0,1,0.42368413718574427
565325,21,해방 - 동행 (6),0.25,6,1,1,0.4235642304161159
554642,4,잠저에 웅크린 국본 (2),0.1039925719591458,1930,1,1,0.42333415715787315
374660,3,#003. M.I.L.K (3),0.1621621621621621,31,1,1,0.42319623122005584
553948,6,투자의 신 (6),0.0741839762611276,2808,1,1,0.4223590601859434
520418,5,빙의한 남자 -5-,0.0884070058381985,1093,1,1,0.42235150737127675
550097,16,2차방어선- 서막,0.0285714285714285,34,1,0,0.42233639198580414
571288,5,시즌 초(1),0.0931677018633539,292,1,1,0.42229187011880015
554560,3,"1장. 미친 나라, 미친 시대 (3)",0.147490487407139,4705,1,1,0.42228480584152617
584280,15,제 15 화 지키지 못한 약조!,-1.0,4,1,0,0.4222749624462757
581843,6,006 : 베료즈카,0.0790356394129978,4393,1,1,0.42201921634033707
561885,14,수락,-0.0769230769230768,28,1,0,0.421818491895377
297843,8,불리온 (8),0.0558616758502754,4969,1,0,0.4217647924742585
514944,6,금릉춘 06화,0.0,59,1,0,0.4216483830795174
90225,6,Lost Sky Online (5),0.0697199067420395,116512,1,1,0.4215988929311333
583801,11,폭풍전야 (3),0.0442477876106194,540,1,0,0.42135711645180524
558578,11,제10장: 먼저 친 자가 기준이 된다,0.0518518518518518,128,1,0,0.42118853540272977
536098,4,4화 급한 게 아니라···늦지 않으려는 거야···,0.0363969242035884,13158,1,0,0.4211555888192833
571288,11,겨울 이적시장(1),0.0641025641025641,146,1,1,0.4208373278955807
559951,15,15화. 불씨받이 화로,0.375,5,1,1,0.4205736374037584
90225,5,Lost Sky Online (4),0.1431796569817955,125244,1,1,0.42020553684402034
584773,8,8화. 탁자를 늘렸더니 손님이 몰려왔다,-0.0689655172413792,31,1,0,0.42007477518981234
584217,13,"13화. 검은 일요일, 한 낮의 외출 (3)",0.0,3,1,0,0.41969075984252185
564829,13,"치욕, 패기 넘치는 가르침",0.0,13,1,0,0.41967395209362396
451699,14,절망의 봄 : We Happy Few-3,0.25,12,1,1,0.4196631019564329
571931,3,3화. 기묘한 경험 (1),0.0408652619764298,37600,1,0,0.41964057709687363
580058,4,3장,0.1087420042643922,418,1,1,0.4194773104143422
580603,14,왕비의 첫 오찬 / 기록되지 않은 영혼,0.0,2,1,0,0.41898733956822987
573809,12,012화 〈F급의 첫 증명〉,-0.3333333333333332,4,1,0,0.4184417519776946
552100,6,장공주 06화,-0.064516129032258,33,1,0,0.4184026091130106
578822,19,# 19화. 3호실의 문,0.5,1,1,1,0.41838131253857413
581869,5,5화. 가입 안 했는데요,0.0186721991701245,473,1,0,0.41789846079339166
123363,9,#2 나의 작은 고양이 (Sweet little kitty),0.0334317093231409,39956,1,0,0.4178842673007334
579450,13,동면의 끝 (2부),0.0,5,1,0,0.4175336694704701
532266,5,변수가 발생했다.,0.0314327485380117,2650,1,0,0.4171765194474258
520703,10,#10화,0.0,32,1,0,0.41702123103756605
577392,19,18화. 폭풍 전의 고요,0.0,4,1,0,0.4165388610732552
531246,4,이런 것도 보인다고....?,0.0339738715697794,27951,1,0,0.4163500767467395
451699,17,절망의 봄 : The Lasher-1,0.0,11,1,0,0.416297156642161
583062,4,4화. 선발 명단 (1),0.0251486053955189,2132,1,0,0.4160924674334751
584773,6,6화. 보호비 대신 청소비를 받았다,-0.064516129032258,33,1,0,0.416064358484309
581869,12,12화. 한 번만은 금지어,0.0945945945945946,201,1,1,0.4159100125286563
548687,3,3화. 사장이 되었다(3),0.0502525252525252,30088,1,0,0.41579497177842306
563715,3,3화,0.1922093341857703,17689,1,1,0.41560933831932684
100685,9,[009화] 그녀는 소녀 가장?! - 3,0.0836653386454183,230,1,1,0.4153029429171164
575331,11,에피소드 1. 사형수의 편지 11화,0.0,4,1,0,0.41515792194620826
451197,7,0007,0.050878255602665,3134,1,0,0.41492841398173763
564860,11,귀인,0.5,5,1,1,0.4148418202948794
535250,7,대치,0.0147213459516298,937,1,0,0.4147965063135024
583078,6,북아프리카 (오타 1차수정했습니다),0.0559322033898305,1114,1,0,0.41378333080529545
580777,8,7. 아이를 찾아서.,-0.0714285714285714,45,1,0,0.4130277528093104
572636,11,11화. 테이프 없이,0.088235294117647,310,1,1,0.4118121075101078
554471,5,"005. 다시, 꿈이 생겼다 (4)",0.041127189642041,8813,1,0,0.4114858440946617
268428,6,6. SEED MONEY,0.0687927107061503,40880,1,1,0.4111255030148
584035,5,5화,0.0758629917045758,6907,1,1,0.4110992836027607
567395,10,몰랐던 캐런의 승부욕,0.0194174757281553,101,1,0,0.4098726062306158
537756,13,"주여, 저 새끼를 구원해 주소서.",0.0039525691699604,504,1,0,0.4098253462113663
576538,14,14화. 판을 깔다,0.0,7,1,0,0.40953604632077534
246282,5,"클리셰네, 클리셰야.",0.0615750045678786,10272,1,0,0.40952132456447016
564829,11,돈도 챙기고 자존심도 챙기고,0.0,16,1,0,0.40928604677885844
576847,16,16화 - 산신의 동굴,0.0,31,1,0,0.40894463947163423
581248,7,"7화-등번호 18번, 김주원",0.0067029744449099,2371,1,0,0.40885627666810914
540166,4,01. 진주만 공습(3),0.0215196159576228,5911,1,0,0.4082229076432957
508912,6,만급작정 06화,0.0666666666666666,294,1,1,0.4082191114772687
580111,13,"13화 맞았다는 사람이, 합의금부터 불렀습니다",0.05,133,1,0,0.4076988365615386
579087,5,005,0.0094530722484807,1467,1,0,0.4074588750606912
359132,11,#011화,0.125,7,0,1,0.40729083885985556
580603,21,41. 실종된 장모님(?) / 다크서클과 인맥왕,1.0,0,1,1,0.4071592876186608
580111,12,"12화 억울한 척은, 딱 보면 압니다",0.1566265060240963,140,1,1,0.40618753180069944
268428,5,5. SEED MONEY,0.0086936886078807,43900,1,0,0.4061801597327755
576847,15,15화 - 산신의 제물,0.0,31,1,0,0.40604562491527024
529960,3,003:판교를 구매하자!,0.0879301310043668,26108,1,1,0.405746770295242
572636,12,12화. 정반대의 천재,0.0677419354838709,289,1,1,0.4056077903539191
567140,10,9. 안개 꽃을 좋아한 여인,-0.3333333333333332,4,1,0,0.40532501090813267
575378,5,"005. 그냥 차는 거야, 재밌게!",0.2007042253521126,227,1,1,0.40520364457239644
486677,11,011 버스 출발(3),0.04,24,1,0,0.4051064021656349
543879,3,3화. 괴물쥐,0.07378223495702,25860,1,1,0.40507807311280103
451699,18,절망의 봄 : The Lasher-2,0.0,11,1,0,0.40507590963904544
441725,5,제5화. 저승사자 맞잖아.,0.0118875036242389,13632,1,0,0.4046546135605617
575665,13,7-1 외로운 결단,0.0,53,1,0,0.40445689671199836
553892,3,3화,0.0262909319899243,6185,1,0,0.4034380107431197
565707,3,브라질 재벌,0.0602629078238834,23734,1,0,0.40329972770665773
583125,7,개막전이잖아. 베스트일레븐을 내보내야지.,0.0532544378698225,640,1,0,0.4032979726213213
575378,20,020. 8강 연장전,0.0727272727272727,51,1,1,0.4027516032550851
533816,4,회귀한다고 없던 재능이 생기진 않는다(3),0.0754941298855699,6221,1,1,0.40230938894484053
565391,4,4화,0.109007723304231,21227,1,1,0.40215667635482066
554642,7,뜻(意)과 같이(如) 되면 이루어질지니(2),0.0511363636363636,1670,1,0,0.40207130953505693
573809,19,019화 〈백야의 스카우트〉,0.0,1,1,0,0.40206117714025563
552100,5,장공주 05화,0.1842105263157895,31,1,1,0.4020507615704998
576847,14,14화 - 사냥당하는 자들,0.0606060606060605,31,1,0,0.4017978490354185
584280,14,제 14 화 현신교위 조명학!,0.3333333333333333,2,1,1,0.4017947439488418
557597,14,# EP014. 필터,0.1826923076923077,85,1,1,0.40112410514577124
535250,6,천지귀명,0.116991643454039,951,1,1,0.4011075783030569
581869,13,13화. 바통,0.0796019900497512,185,1,1,0.4005507643865993
54528,3,하숙집 소년 - 1,0.0699504019155122,10876,1,1,0.400506898578622
536363,21,21화 적들의 회담-1,0.5,1,1,1,0.40031568732636336
583801,12,장락궁의 피바람 (1),0.024074074074074,527,1,0,0.4003058324548917
364922,9,살아있는 석고상,0.0563895304080062,9806,1,0,0.39992965225650073
565742,5,5화 가내수공업이 첫 공장으로,0.0181611804767309,3460,1,0,0.3995827920799659
516965,4,업그레이드,0.1124432334241598,9772,1,1,0.39908284687823925
553138,8,죽서요 08화,0.0,15,1,0,0.3990335879180996
90225,4,Lost Sky Online (3),0.0838535399117529,146173,1,1,0.3988113620929951
451197,4,0004,0.061268620855358,3907,1,0,0.39878311615066964
584217,16,16화. 레이디 메러디스의 안식 (3),0.0,1,1,0,0.39868930191726093
575331,3,에피소드 1. 사형수의 편지 3화,0.3666666666666667,19,1,1,0.3985999404134746
383287,20,여우 마을 -1-,0.0560747663551401,303,1,0,0.398147112782496
565325,16,해방 - 동행 (1),-0.0714285714285714,15,1,0,0.3980880970230394
577392,21,20화. 원정군,-0.25,5,1,0,0.3975942995195519
544647,3,3화 귀환한 삼촌은 재앙급 마법사,0.047235722964763,31365,1,0,0.3974101523602945
246282,7,배후가 누구냐!,0.0248601615910503,9414,1,0,0.3972182989334596
584447,10,10화,0.0674886437378325,1437,1,1,0.39701069730493965
559951,19,19화. 열먹은 걸쇠 방패,0.0,3,1,0,0.3965262269526832
584254,3,003,0.0336538461538461,3618,1,0,0.3964680592335709
585629,4,제2화. 은인 (1),0.1241534988713318,388,1,1,0.3958735978753704
557490,3,제3화. 선인의 유산,0.0465578989255869,2396,1,0,0.39556370330465834
238398,16,제 15화 용이 잠든 얼음성2,0.062200956937799,392,1,1,0.39554151990271075
545079,3,3화 알타 칼리포르니아 (2),0.2277335264301231,6399,1,1,0.39521499408247535
558146,6,막걸리 농약 사건,0.0284175889919233,3248,1,0,0.395024958665973
486677,22,022 비밀 엄수(5),0.0,1,0,0,0.39491408322113475
513757,5,[4화] 게임사를 욕하면서,0.1001217697199297,39906,1,1,0.3949025122498141
565213,3,내가 암살범이라니(3),0.065040650406504,6325,1,1,0.39421491896833816
234339,4,출발선 (3),0.1243741964758375,57892,1,1,0.39394624568118747
184654,8,두 누나에 대해(4),0.0475017593244194,2707,1,0,0.3938766275990426
443334,5,1941년 11월 (2),0.0338491295938104,8991,1,0,0.39377082925372436
376559,12,012. 낙오를 위한 기차,0.0416666666666666,46,1,0,0.3934568731240204
573643,6,금옥만당 6화,0.0986842105263158,137,1,1,0.3930551108522119
381297,7,제7장 요수,0.0860215053763441,680,1,1,0.3929182257274245
584773,7,7화. 흑도를 점소이로 썼다,0.1212121212121212,29,1,1,0.39271665485046936
556522,4,4화,0.0386006969878581,43312,1,0,0.39221912351484073
557097,4,전능의 동자신을 주웠다-4,0.0005523505584877,16285,1,0,0.3922186452370369
552965,3,003,0.0753130747000613,21118,1,1,0.3920468114272111
542470,6,마음을 읽는 섭정왕과 혼인했다 06화,0.0504587155963303,207,1,0,0.3918138810679846
558578,12,"제11장: 천둥의 주인들, 같은 식탁에 앉다",0.1484375,109,1,1,0.3914648376191256
573809,13,013화 〈구조 영상〉,0.25,3,1,1,0.39142889928174307
565742,7,7화 만능 아주까리,0.027760641579272,3152,1,0,0.39129242934134506
561939,3,3. 제가 좀 겉늙었습니다.,0.0424333974182916,6973,1,0,0.3911536942070653
419162,4,히든피스,0.0540487695874416,33866,1,0,0.39087276503798785
241417,6,제물의 장(6),0.0481540930979133,13046,1,0,0.3907673959795106
523319,18,1̸̷6̸̷화 다시 만나 반가워!,0.25,3,1,1,0.3904422184740146
581869,16,16화. 돌아온 첫발,0.0886075949367088,144,1,1,0.39026044974023244
273931,12,2. 세계 유일의 강령술사 (2),0.0417511147142277,2364,1,0,0.3901326102486532
548687,5,5화. 세상이 나를 억까한다(2),0.0478775567385821,27185,1,0,0.39008110675489704
134514,6,프로페셔널 6화,0.0315898498187467,1870,1,0,0.39006328824184566
565685,9,방주의 특사라는 자,0.0223463687150837,175,1,0,0.38990567459879605
585750,9,9화 . 진짜 노력이라는 것,-0.0222222222222221,46,1,0,0.3899019830611297
417748,23,축구 시작안할끼가?21,-0.1590909090909091,51,1,0,0.3897914344766345
550097,17,2차 방어선– 양동작전,0.0294117647058823,33,1,0,0.3894130518896215
585472,6,6화,0.0319821494979546,2603,1,0,0.3893072033094249
505913,7,7화,0.036070348381315,34420,1,0,0.38755210338410545
566061,21,캣맘 대신 고블린맘,0.125,7,1,1,0.3874532348160688
567140,13,12. 그들은 나를 막을 수 없다 (1),0.0,3,1,0,0.38733258643678853
517290,5,바다가 보이는 집,0.0626939788950962,1510,1,1,0.3872409246397938
383287,21,여우 마을 -2-,0.0198019801980198,297,1,0,0.38627940131916166
583125,8,젤비손의 새로운 엔진.,0.0374999999999999,616,1,0,0.3861962915739111
544647,5,5화 귀환한 삼촌은 재앙급 마법사,0.0373372720090681,28026,1,0,0.38613109440462123
246282,11,필드사냥은 역시 RPG지!,0.0557655954631379,7992,1,0,0.3860215758275212
564829,12,"뜻밖이야, 병세가 달라지다니",0.1875,13,1,1,0.38596335496642964
579087,7,007,0.0043290043290042,1380,1,0,0.3858454759163609
268428,7,7. SEED MONEY,0.033463796477495,39512,1,0,0.3856048873759253
580111,5,5화 흐름도가 뜨는 순간,0.0297029702970297,294,1,0,0.38556569818328384
567395,11,기회,0.0495049504950495,96,1,0,0.38527150049668957
554471,3,"003. 다시, 꿈이 생겼다 (2)",0.184090909090909,10411,1,1,0.38501449401151505
514945,7,등당입실 07화,0.0162601626016259,121,1,0,0.38498674596781013
241417,8,제물의 장(8),0.0655572755417956,12073,1,1,0.3849556109167735
543562,4,004,0.0904192163667915,9959,1,1,0.3849210740264438
558146,3,연인 간에 성폭행 사건,0.0308483290488431,3770,1,0,0.384728446053556
574936,23,— 수집가의 눈,0.2857142857142857,5,1,1,0.3844462370241815
529052,11,탈출좀비열차(6),0.0347826086956521,222,1,0,0.3842386614662201
514940,11,"가지란의 서자, 가조생",0.1111111111111111,16,0,1,0.3840196910316207
554642,8,뜻(意)과 같이(如) 되면 이루어질지니(3),0.0143712574850299,1646,1,0,0.3839814958075245
558146,4,연인 간 성폭행 사건 2,0.0506631299734747,3579,1,0,0.38379775129980137
520418,7,예기치 못한 손님 -2-,0.0719424460431654,903,1,1,0.3837133835560006
564860,24,자객(2),-0.5714285714285714,11,1,0,0.383246807943258
583125,4,이 팀을 다시 세리에 C로 올리려고 왔습니다.,0.0916666666666666,763,1,1,0.38289898977508496
574802,16,012화. 내 이름을 하늘에도 알려라,-0.1428571428571428,104,1,0,0.3828195636836799
560969,3,통성명,0.0419627902765832,21164,1,0,0.38275238579930615
292182,4,#004 마님은 왜 돌쇠에게 쌀밥을?,0.0915880196552531,46587,1,1,0.3821931436515905
374660,12,#012. 동물 요리 대회 (6),0.0,1,0,0,0.38195269083259137
557597,7,# EP007. 불량 샘플,0.1020408163265306,176,1,1,0.38190318143175594
563571,3,가족과 차린 밥상,0.0521354590946119,16290,1,0,0.38181710675545116
548891,5,5화 공작 (2),0.0781879004365821,16258,1,1,0.3817025222655834
241417,5,제물의 장(5),0.1017760010485615,13706,1,1,0.38101435171868064
583837,6,06화. 돌아와,0.1419313026571613,1324,1,1,0.3808874819440131
550097,18,2차 방어선 - 처절한 전투와 의도된 후퇴,0.0,33,1,0,0.3805441429465968
547756,3,1조달러에 H₂O 팝니다 (3) 쓸데없이 선명하기는.,0.136233440744719,4825,1,1,0.3802354823175338
581595,4,별은 죽지 않는다 (2),0.0497382198952879,363,1,0,0.38003557637655017
358812,13,13,0.1479750778816199,547,1,1,0.3798760868203226
451699,19,절망의 봄 : The Lasher-3,-0.1818181818181818,13,1,0,0.37959549958412575
522241,9,야주색 9화,0.0666666666666666,56,1,1,0.3788764534631207
535774,4,아이 엠 해피,0.0615664845173041,20608,1,0,0.3786699082688857
546589,3,002. 나에게는 꿈이 있습니다.,0.1125917867827033,6526,1,1,0.37827885694562674
574936,25,— 서아린을 아는 사람,0.0,5,1,0,0.37818786200606935
333183,12,012,0.0,4,0,0,0.3781462260819191
523724,14,14화 왕국 보증 영지 상인,-0.0598290598290598,248,1,0,0.3779791074040299
572636,13,13화. 자존심이라는 미끼,0.0276816608996539,281,1,0,0.3778296066223461
553138,12,죽서요 12화,0.1666666666666666,15,1,1,0.37747978037208496
573642,6,중생지재가황숙 6화,0.0620689655172413,136,1,0,0.3774118496518931
565685,12,색싯감이 궁금해,0.0445859872611464,150,1,0,0.37659491565126
580058,23,22장,0.0569620253164556,149,1,0,0.37659224749214465
123363,14,#4 개는 소년의 친구,0.0396674798951839,31884,1,0,0.3760591042346141
580058,5,4장,0.1507177033492822,355,1,1,0.37589485377892073
581248,8,"8화-기회란, 생각보다 일찍 찾아온다",0.0261493040911008,2309,1,0,0.3756701344704117
516965,6,향수가 귀하던 시절이었다,0.010585305105853,9534,1,0,0.3755929743428518
581869,15,15화 — 0.01초,0.0813953488372093,158,1,1,0.37554157127207566
123363,5,#1 해질녘의 저주,0.0586726392159114,49174,1,0,0.37553978919022873
508912,9,만급작정 09화,0.010752688172043,276,1,0,0.37530472101676293
241417,12,결의의 장(2),0.1848467405382069,11329,1,1,0.37462254136970324
584035,3,3화,0.0509825940482875,8451,1,0,0.3745509089977664
559951,22,22화. 팔 안의 열,0.0,2,1,0,0.374498725591209
583801,10,폭풍전야 (2),0.0456081081081081,565,1,0,0.37449834871025217
563526,3,3화 당신들. 오늘 이 결정을 평생 후회하게 될 테니까.,-0.0095727293952836,17296,1,0,0.3744683169462421
540166,3,01. 진주만 공습(2),0.1127918930826846,6041,1,1,0.37426970119206404
552788,4,4화,0.0156374142289634,27257,1,0,0.3742651383508603
523319,20,1̸̷8̸̷화 연회 속 이방인-,-1.0,6,1,0,0.37421279640157673
508912,7,만급작정 07화,0.0408163265306122,282,1,0,0.37387682672527445
584447,11,11화,0.0786360473208072,1324,1,1,0.3737993564289091
537756,14,Deus vult,0.0198412698412698,494,1,0,0.37375908040198413
583078,3,선택,0.0958360872438863,1368,1,1,0.3736835828711504
553135,7,피난민이지만 육아합니다 7화,0.015432098765432,319,1,0,0.3735989949251488
584045,9,9회. 이긴 날엔 뽑아야 된다,0.0,7,1,0,0.3735292441859175
100685,15,[015화] 그녀는 사천왕?! - 2,0.0461538461538461,186,1,0,0.373521684335228
565202,5,005화. 살려야 한다,-0.000769408324998,13007,1,0,0.37311545079895747
86305,18,그녀들의 계획(3),0.1034482758620689,26,0,1,0.3728911364503853
565742,4,"4화 이중압축틀, 기름이 쌀로 변하는 마법",0.0774869109947643,3524,1,1,0.3728741980016168
557490,7,제7화. 변화의 갈무리,0.0450292397660818,1633,1,0,0.3728489297480222
573809,20,020화 〈거절한 F급〉,1.0,0,1,1,0.3726835333966155
246282,12,세이브를 못 하면 아깝지.,0.0526776776776777,7571,1,0,0.3725805132620752
162830,8,8장. 폐교회의 사연 (8),0.0407314325331484,11069,1,0,0.3725767761289038
565325,19,해방 - 동행 (4),0.125,7,1,1,0.37235226707714786
191722,6,몰락의 전조(2),0.0393046688716253,12490,1,0,0.37227790267708777
359132,12,#012화,0.0,7,0,0,0.3721649733980934
550013,3,그럼 할게요. 콜?,0.1303727065442069,40809,1,1,0.3720946222409014
580897,7,순당을 만나다,0.0720371804802478,1198,1,1,0.3720702657208322
376244,4,제4화. 보고(報告) 1.,0.0334522393975426,12193,1,0,0.37203853289543687
520418,10,예기치 못한 손님 -5-,-0.0037220843672456,809,1,0,0.3718006239226633
455299,5,5화,0.040952765442067,59389,1,0,0.37149390187927656
580777,9,8. 신의 보수 (1),0.0444444444444444,43,1,0,0.37117731575852675
535250,8,세월이 흘러 누가 나를 기억할것인가,0.0256136606189968,913,1,0,0.3710405823502875
545935,3,3화. 배후가 누구인가?,0.0262450592885375,6159,1,0,0.3709545141482749
583801,14,장락궁의 피바람 (3),-0.0303643724696356,509,1,0,0.3707062775889494
86305,11,호환(虎患)-2,0.1636363636363637,414,1,1,0.37069597055842446
573666,3,003. Eyes on Me,0.0571337172104926,14737,1,0,0.37059419483947736
576847,18,18화 - 흑송림,0.1818181818181817,27,1,1,0.3696150663720751
516965,8,기립근,0.0337567631145613,8215,1,0,0.36936154059355664
581595,7,별은 죽지 않는다 (5),-0.0253521126760563,364,1,0,0.3692306249081709
573809,14,014화 〈스트리머 강도윤〉,0.0,3,1,0,0.36905476902515344
580111,14,"14화 이 모든 게, 만두 두 개 때문이었습니다",-0.0075187969924812,134,1,0,0.3688829031992313
363040,6,5화,0.0488735688784931,7726,1,0,0.3687292663412352
559951,20,20화. 길드의 도끼,-0.3333333333333332,4,1,0,0.3683963219851903
584217,17,17화. 레이디 메러디스의 안식 (4),-1.0,2,1,0,0.36831824883011266
441725,4,제4화. 보이는 인간.,0.0180782918149465,13796,1,0,0.36818966848630597
542470,23,마음을 읽는 섭정왕과 혼인했다 23화,0.0655737704918032,57,0,1,0.36812246275300325
514944,23,금릉춘 23화,0.0,23,0,0,0.36804926900490664
575665,14,7-2 외로운 결단,-0.0188679245283018,54,1,0,0.3679521260349165
493070,5,까칠한 부하 직원도 침대에선 새끼 고양이,0.027859580236526,41594,1,0,0.36791248847024266
549388,7,파티에 다섯 명이 모이면,0.0756794751640113,3945,1,1,0.36782501130468737
565742,8,"8화 조선 첫 회사, 미래산업",0.0222081218274111,3082,1,0,0.3670418282147183
580603,20,익숙해지는 풍경 / 동화책과 장모님,0.5,1,1,1,0.3669702425057814
575378,21,021. 8강 승부차기,0.0196078431372549,50,1,0,0.36674268872798205
563160,5,#005. 이놈이 그놈이네.,0.1056538014715373,13857,1,1,0.3667242983782125
585750,19,19화. 탈주,0.1212121212121212,29,1,1,0.3664349775324773
505913,6,6화,0.0357007831487983,35708,1,0,0.36636877774439364
581869,14,14화. 네 명이 뛰는 시간,0.0702702702702702,172,1,1,0.365866106506466
558578,14,"제13장: 전리품과 청구서, 웃는 자와 숨기는 자",0.1833333333333333,98,1,1,0.3655398905343809
541245,3,-3- 아무튼 귀농합니다.,0.0332260719898226,25838,1,0,0.3654823594013703
557490,5,제5화. 기응득육(飢鷹得肉),0.0941960038058991,1904,1,1,0.36516523853801763
536098,6,6화 인류의 마지막 등불이 될 곳이다.,0.0323371647509578,12628,1,0,0.36500872068372964
565325,17,해방 - 동행 (2),0.3333333333333333,10,1,1,0.3649781493902905
555465,3,3화 수도자가 되기 위한 첫 발걸음,0.047233235649026,5527,1,0,0.36497317470761487
564829,14,"사사로운 형벌, 굴하지 않아 (1)",0.0,13,1,0,0.3648146191180574
576538,15,15화. 장판 아래,0.1428571428571429,6,1,1,0.3646682313009862
530581,3,기초 뽑기 3뽑,0.0732475261227596,26785,1,1,0.3646669601800902
451197,8,0008,0.0347798340778557,3025,1,0,0.3645667956566905
575331,4,에피소드 1. 사형수의 편지 4화,0.1052631578947368,17,1,1,0.36447287362393915
443313,7,7화. 낭만,0.0357060902290146,21011,1,0,0.36400117399624554
577392,23,22화. 수즈 평야 전투,0.0,4,1,0,0.3638885157817819
419940,6,"쉽게, 쉽게(1)",0.0525232768983151,46505,1,0,0.3638098627506702
292182,6,#006 계약서를 볼 수 있을까요?,0.0729557768834731,41234,1,1,0.36377529928008795
583125,9,그냥 그러고 싶었다.,0.0405844155844156,591,1,0,0.36330422463651374
54528,4,하숙집 소년 - 2,0.0376976829716807,10466,1,0,0.3632711999551117
583801,13,장락궁의 피바람 (2),0.0626185958254269,494,1,1,0.363229383134004
575378,18,018. 8강 전반전,0.0,62,1,0,0.36313010429600967
567395,12,선택의 무게,0.0,96,1,0,0.3627309651434812
575843,12,혈채(血債)의 시작,0.046875,61,1,0,0.3626932120069148
584447,12,12화,0.0332326283987914,1280,1,0,0.3625722237682517
238398,17,제 16화 용이 잠든 얼음성3,0.0331632653061224,379,1,0,0.36246867078271655
561885,15,김청아,0.1071428571428571,25,1,1,0.3621824418649952
553138,7,죽서요 07화,0.25,15,1,1,0.3620970318830753
575843,13,"늑대의 굴, 낙양(洛陽)",0.1639344262295081,51,1,1,0.3616682261004815
564860,21,악취,0.4,6,1,1,0.3616493314640296
561885,16,공부하는 이유,0.04,24,1,0,0.3616093882277683
557580,3,돌아온 태식이 (3),0.0548904598279749,43183,1,0,0.36104218588664677
576538,17,17화. ECHO_302,0.0,4,1,0,0.3609375641489026
580058,24,23장,0.0671140939597315,139,1,1,0.3607798965400918
563715,4,4화,0.095935327039403,15992,1,1,0.3605130503903537
376559,13,013. 음모를 위한 음모,0.1521739130434782,39,1,1,0.3604743501864759
580058,17,16장,0.053475935828877,177,1,0,0.36020555462532733
575843,14,마랑(魔狼)의 종막,0.0588235294117647,48,1,0,0.36018910812405264
582089,9,믿을 만한 사람,0.0024390243902439,818,1,0,0.35999150534578633
565122,3,3화,0.0888257435973134,24691,1,1,0.3585989661189865
581595,9,만들기로 했다,0.0147928994082839,333,1,0,0.35837254746635083
574693,3,# 3화,0.0760812482000372,54538,1,1,0.3582506761143475
520703,11,#11화,0.0625,30,1,1,0.35821907901360844
417748,25,축구 시작안할끼가?23,0.1666666666666666,30,1,1,0.3580621867096306
535335,3,각성 (3),0.0305719921104536,40303,1,0,0.3579726082591955
576538,16,16화. 죽음과 소녀,0.3333333333333333,4,1,1,0.35782852010058286
557490,4,제4화. 멈춤의 미학,0.1227045075125208,2102,1,1,0.35774585607390974
556685,3,[3화] 화승 없는 총(銃),0.0938731150658878,6670,1,1,0.35759439659399184
124930,7,용사는 동료가 되고 싶은 듯 하다,0.0419258858533946,3542,1,0,0.35757824489467654
557225,3,트레이드 (3),0.03197461557237,35694,1,0,0.35755656793113955
583062,7,7화. 8강전 대비 (1),0.0031578947368421,1894,1,0,0.3572746367408081
522238,8,황상서죄 8화,0.0757575757575758,61,1,1,0.3569994347019643
574368,4,4화,0.0270210605324738,22037,1,0,0.3561405070692463
581248,9,9화-네가 찰래?,0.0043308791684711,2299,1,0,0.3553623323541469
583078,4,멀고도 험난한 군사훈련의 길,0.0789473684210526,1260,1,1,0.35535410439275467
575843,4,진짜 일류(一流)의 벽,0.1062499999999999,143,1,1,0.35531474042783223
553948,5,투자의 신 (5),0.0894626238366856,3033,1,1,0.3551813810443958
538483,3,3화,0.0446676039365334,47566,1,0,0.354747243269551
579284,4,2화. 한국에서의 마지막 시합 - 1,0.031566654072064,28194,1,0,0.35457478417926325
554642,9,어린 용이 기지개를 켜는 시간 (1),0.0012150668286755,1644,1,0,0.35449790383640456
383287,22,여우 마을 -3-,-0.0404040404040404,309,1,0,0.35429602653358666
536098,5,5화 이건 보험이야. 세상에서 가장 비싼 보험.,0.0082079343365253,13050,1,0,0.35402622451414306
86305,12,호환(虎患)-3,-0.0893719806763284,451,1,0,0.353937701982417
550964,3,3화,0.0601677852348992,28007,1,0,0.3532731117636534
124930,22,다녀왔어.,0.0687160940325497,515,0,1,0.35296535806092477
542470,7,마음을 읽는 섭정왕과 혼인했다 07화,0.0676328502415458,193,1,1,0.3529508265256522
573642,7,중생지재가황숙 7화,0.0661764705882352,127,1,1,0.35284359956871686
486677,12,012 버스 출발(4),0.0833333333333333,22,1,1,0.35245071457288474
577392,16,15화. 예르게친,0.0,4,1,0,0.35242551961820523
224777,9,동아리실 구석 아싸(2),0.0881635969664138,6733,1,1,0.35238151204116136
567140,11,"10. 꿈, 미래인가 현재인가 (1)",-1.0,9,1,0,0.3518996087864949
576847,24,24화 - 떠날 때가 되었다,0.1111111111111111,24,1,1,0.35178162465555435
580058,14,13장,0.09009009009009,202,1,1,0.3517503489578543
572636,14,14화. 십 초의 소리,0.0498220640569394,267,1,0,0.3514986959172142
578822,22,# 22화. 젖은 기록,0.0,1,1,0,0.35105325776347224
381297,8,제8장 백옥란초,0.0338235294117647,657,1,0,0.3509973746660287
584254,4,004,0.0295743504698728,3511,1,0,0.35077409150472544
575378,17,017. 조회수 백만 돌파!,-0.087719298245614,62,1,0,0.35071961088810993
579087,8,008,0.0152173913043478,1359,1,0,0.3506244755831375
451699,21,절망의 봄 : The Lasher-5,-0.2727272727272727,14,1,0,0.35060148758610266
184654,9,두 누나에 대해(5),0.0151459179903952,2666,1,0,0.35052047035484973
571288,14,겨울 이적시장(4),0.0157480314960629,125,1,0,0.3502845357090563
585750,10,10화 .나 이러다 노처녀 되는 거 아니야?,0.0217391304347825,45,1,0,0.35007801767696506
451197,6,0006,0.0511494252873563,3302,1,0,0.35003267086141
537756,15,약산 김원봉,0.0506072874493926,469,1,0,0.3500042857060284
558578,15,"제15장: 용의 안광과 이방의 무인, 운명의 대면",0.0510204081632652,93,1,0,0.3499708849674496
536163,5,5화,0.0551659395880501,34220,1,0,0.3492715952424249
575378,22,022. 우린 축구에 미쳤다.,-0.02,51,1,0,0.3489575918816868
583801,5,변방의 현위 (1),0.0517006802721088,697,1,0,0.348809826879211
552100,8,장공주 08화,0.1538461538461538,22,1,1,0.34868884150417484
564860,22,악몽,0.0,6,1,0,0.34841221870139844
535250,9,사람을 베는 검,-0.0032858707557503,916,1,0,0.3475941739115291
550964,4,4화,0.0726247009676152,25973,1,1,0.3475699073203963
580058,13,12장,0.0133333333333333,222,1,0,0.34753829128778546
571288,12,겨울 이적시장(2),0.047945205479452,139,1,0,0.34751909996470176
550097,19,군량을 노려라!,0.0606060606060605,31,1,0,0.34747752096180856
358812,14,14,0.0420475319926874,524,1,0,0.3471446536438424
517290,8,KA4 9인승,0.0985116938341601,1272,1,1,0.34712390351337724
364922,7,초상화,0.0577317747836173,10560,1,0,0.34638256060296096
524031,3,3화 - 1등,0.0320739641593424,16960,1,0,0.3460355417403327
375271,6,6화,0.0564017039061244,46961,1,0,0.3456889890815458
552965,4,004,0.0647788616346245,19750,1,1,0.345377489572284
533816,6,회귀한다고 없던 재능이 생기진 않는다(5),0.0451900034234851,5578,1,0,0.3453484030384217
583062,5,5화. 선발 명단 (2),0.0787992495309568,1964,1,1,0.3449051788834687
575665,15,8-1 벗이라는 이름으로,0.037037037037037,52,1,0,0.34474368889400225
550964,5,5화,0.0595233511723712,24427,1,0,0.34457287112061125
557490,8,제8화. 일조초로(日照草露),0.0342927127985303,1577,1,0,0.34447614532032356
584035,4,4화,0.1156076203999526,7474,1,1,0.34432274879682834
563321,5,제 5화. 정육점 사장,0.0173844949099452,12548,1,0,0.3437597097746905
530197,3,3화 - 그거 맞아?,0.0472843450479233,5964,1,0,0.34356223564286925
535774,6,행정 조사,0.0210709838107098,19652,1,0,0.3430546726972311
583062,8,8화. 8강전 대비 (2),0.0527983104540654,1794,1,0,0.3429356287111605
578822,18,# 18화. 신관은 사망을 기록한다,0.3333333333333333,2,1,1,0.3427516773662326
565213,4,생존을 위한 투쟁(1),0.0504347826086956,6006,1,0,0.34252351407309156
162830,10,10장. 폐교회의 사연 (10),0.0025925925925925,10772,1,0,0.34247948250330146
583125,10,생각하는 축구.,0.0067681895093062,587,1,0,0.34239828456013305
574802,17,013화. 하늘의 하피,0.1923076923076923,84,1,1,0.3422007899320187
527164,3,3-방장사기맵,0.0523003194888178,59326,1,0,0.3417467549189546
584815,8,8.,-0.0261437908496731,157,1,0,0.3415445306253528
565742,9,"9화 미래산업, 다가오는 그림자",0.0298507462686566,2990,1,0,0.3413098018459849
286189,9,9화,0.0310716550412174,4584,1,0,0.34115134150658677
86305,19,그녀들의 계획(4),0.0,26,0,0,0.3409110645415022
585472,5,5화,-0.0003720238095237,2689,1,0,0.34090180307892276
573643,4,금옥만당 4화,0.0352941176470588,164,1,0,0.34048645790144705
571288,13,겨울 이적시장(3),0.0863309352517985,127,1,1,0.34033096209336716
86305,6,환영(5),0.0261011419249592,597,1,0,0.3402550788042336
297843,12,불리온 (12),0.0717374713813279,3649,1,1,0.34024098150337173
539992,5,미궁과 축복(2),0.0292313436816556,18199,1,0,0.3402400424395972
566061,22,Lv.120 요리사의 힘,-0.1428571428571428,8,1,0,0.34013810279241924
584035,7,7화,0.0481174816434931,6093,1,0,0.3400294279796099
556522,9,9화,0.049577538021578,36558,1,0,0.3397592468269138
537197,4,"1장. 인생(人生), 꼬이다. (4)",0.0593707250341997,6876,1,0,0.3396060905259797
576847,17,17화 - 길들여진 사람들,-0.064516129032258,33,1,0,0.33926053663421074
563526,4,4화 1군 데뷔를 하면 세레머니라도 해드릴게요.,0.0592044403330249,16272,1,0,0.3389483074777828
577416,6,적자생존,0.078276006963203,15355,1,1,0.33868572588081586
418796,6,5. 왕혜석 원장,0.0308981889378364,15839,1,0,0.3382915477252073
576847,19,19화 - 산군의 최후,-0.0740740740740741,29,1,0,0.3379039898082099
580897,8,살아남다,0.0634390651085141,1122,1,1,0.33761431851711615
533816,5,회귀한다고 없던 재능이 생기진 않는다(4),0.060922681240958,5842,1,0,0.3375911799557039
584447,13,13화,0.03828125,1231,1,0,0.3365340066269547
529052,12,탈출좀비열차(7),0.0135135135135134,219,1,0,0.33641278036466665
546644,4,"네 재능이라면, 성공할테니까",0.0879284649776452,3672,1,1,0.3363271879380769
547482,5,제3화: 지옥에서 온 비글을 담당합니다 (6년 전 여름),0.0696230274693161,12735,1,1,0.3357849938338267
573216,3,돈이 된다,0.1138083810227063,9601,1,1,0.3356662271658595
514945,8,등당입실 08화,0.0330578512396694,117,1,0,0.3352846019250604
582089,4,4. 최고의 재벌이 되기로 마음먹다,0.0628415300546447,1029,1,1,0.33520740922512016
581595,10,마마가 이상해졌다,0.018018018018018,327,1,0,0.33512751214333664
513757,6,[5화] 튜토리얼이 끝났다고,0.0691374730616949,37147,1,1,0.33485990004355637
564829,15,"사사로운 형벌, 굴하지 않아 (2)",0.0,13,1,0,0.3347429213706809
546589,4,003. 로판제국은 사실 로이더였다(다소의역),0.0194606190622126,6399,1,0,0.334705650296913
573216,5,그거 사람 아니야,0.0299932599415861,8635,1,0,0.3344383500648795
584815,6,6.,0.0419161676646706,160,1,0,0.3341618250528792
539540,3,탁무철,0.0519524617996604,13960,1,0,0.33363593068524494
585750,12,12. 초전 시작,0.0,39,1,0,0.3335870427944779
580111,15,"15화 다들 봤지만, 아무도 입을 열지 않았다",0.0373134328358208,129,1,0,0.33331090498534244
580603,17,마력광산 / 인도자 관리국과 차원문,1.0,0,1,1,0.33259156588941424
583062,9,9화. 모든 건 계획대로 (1),0.0027870680044592,1789,1,0,0.3321724208495436
545079,4,4화 알타 칼리포르니아 (3),0.0972026879199875,5777,1,1,0.332143632634136
374660,13,#013. 동물 요리 대회 (7),1.0,0,0,1,0.3321278699860017
549388,9,건물주 놈이 진상을 부림,0.0556571727201463,3614,1,0,0.33183214900388386
451699,20,절망의 봄 : The Lasher-4,0.1538461538461538,11,1,1,0.33172637977550096
572636,15,15화. 사람한테 건다,0.0861423220973782,244,1,1,0.3316089384062126
532266,6,다음 단계로,0.0581132075471698,2496,1,0,0.33149088393531023
514944,13,금릉춘 13화,0.0196078431372549,50,1,0,0.3313846790933073
238398,18,제 17화 용이 잠든 얼음성4,0.050131926121372,360,1,0,0.3312798992977236
191722,8,민자영 여론을 주도하다,0.0431702641886824,11481,1,0,0.33088031472041884
523319,23,2̸̷1̸̷화 문제 해결을 위한 원인 분석,-0.25,5,1,0,0.33017955424606044
246282,8,헌터라고 다 같은 헌터가 아니다.,0.065222009772679,8800,1,1,0.32999411037795673
477026,3,환생자의 시작은 이르다,0.0704668225429331,11529,1,1,0.32992277100139344
376559,14,014. 엘프를 위한 도서관,0.0512820512820513,37,1,0,0.32990465807982144
522241,10,야주색 10화,0.0535714285714286,53,1,0,0.3298988928895038
419940,5,성장 욕구(2),0.0433469117274446,49083,1,0,0.32968893230531104
579087,9,009,0.0257542310522442,1324,1,0,0.32917991225630966
584447,14,14화,0.0211210398050365,1205,1,0,0.3291303953734867
585750,11,11화 .모랑화(募郞花),0.1333333333333333,39,1,1,0.3290961618772576
575331,14,에피소드 2. 강가에 남은 마음 14화,0.25,3,1,1,0.3289649982122802
550097,20,보루성을 쳐라!,0.032258064516129,30,1,0,0.32892814937334497
417748,24,축구 시작안할끼가?22,0.2941176470588235,36,1,1,0.32856281244850016
333183,13,013,0.0,4,0,0,0.32855511377129437
535774,5,반장 할머니,0.0258637422360248,20075,1,0,0.32806487976401133
557343,9,쿨거래,0.0098141574441428,9484,1,0,0.3280077725868151
561885,17,오래된 동생,-0.0416666666666667,25,1,0,0.3276059878059774
286189,11,11화,0.0292564892212934,4413,1,0,0.3275941274763393
569827,4,"아아, 이건 핸드토키라는 것이다",0.0284865816102067,8833,1,0,0.3273889382224385
575378,19,019. 8강 후반전,0.1129032258064516,55,1,1,0.32734158165293853
584447,15,15화,0.0489626556016598,1146,1,0,0.3270054839200958
513757,4,[3화] 산적들의 모가지를,0.089965113892879,44346,1,1,0.32693223911562785
554642,10,어린 용이 기지개를 켜는 시간 (2),0.072992700729927,1524,1,1,0.32682510566212286
553948,3,투자의 신 (3),0.111338100102145,3480,1,1,0.3267832100413299
134514,8,프로페셔널 8화,0.0548780487804878,1705,1,0,0.32661249825094724
516965,5,B급 파티,0.0139173147769136,9636,1,0,0.32644734756805815
581843,8,008 : 황금 게,0.062469850458273,3887,1,1,0.3259508900772171
552100,7,장공주 07화,0.2121212121212121,26,1,1,0.32593348482212886
575843,16,폭풍의 눈,0.0,42,1,0,0.32586034924761503
557490,9,제9화. 음양합일(陰陽合一),-0.0120481927710842,1596,1,0,0.32540523196405735
585652,5,EP004 - 한울원자력발전소(1),0.0333333333333333,29,1,0,0.32534188109111145
520703,12,#12화,0.0666666666666666,28,1,1,0.32531814506124224
563571,4,아버지와 아들,0.0613873542050337,15290,1,0,0.3252354520647324
573545,17,17. 아텔리의 성,0.5,1,1,1,0.3252257522906132
553138,22,죽서요 22화,1.0,0,0,1,0.3244670523339339
545079,6,6화 코로마 (1),0.1329469299040029,4787,1,1,0.32434743410065686
184654,23,다과회(2),0.082018927444795,582,0,1,0.3241768368496353
553135,6,피난민이지만 육아합니다 6화,0.0949720670391061,324,1,1,0.32414263193525866
571288,15,아슬아슬(1),0.032,121,1,0,0.32399051890023295
554066,4,4화. 새벽 별,0.0239101084447541,22412,1,0,0.32384453351638
564860,25,묘안,0.1818181818181817,9,1,1,0.3237931326157686
557597,17,# EP017. 영점,0.073170731707317,76,1,1,0.32367038613790317
514944,8,금릉춘 08화,0.0350877192982456,55,1,0,0.3234590243643809
554471,4,"004. 다시 ,꿈이 생겼다 (3)",0.1171837479588896,9191,1,1,0.3233819858908586
134514,5,프로페셔널 5화,0.0497047244094488,1931,1,0,0.32270150900623734
580111,16,"16화 거짓말은 다 보여도, 저 형사만은 안 보입니다",0.1085271317829457,115,1,1,0.32254735743856244
567395,13,낯선 바람,-0.0104166666666667,97,1,0,0.32200346356460535
565742,10,10화 경시서의 그림자 (1),0.0531772575250836,2831,1,0,0.32181060195829453
573643,10,금옥만당 10화,-0.0161290322580645,126,1,0,0.3217389056034587
297843,15,불리온 (15),0.008541973490427,3366,1,0,0.32173636896456353
573545,22,22. 공간의 마법사,1.0,0,1,1,0.32169829957061574
537756,16,어둠의 심연,0.0490405117270789,446,1,0,0.3213954492778796
585472,3,3화,0.031634446397188,2755,1,0,0.3213070620226621
383287,23,여우 마을 -4-,0.0647249190938511,289,1,1,0.3211283978239116
273931,16,3. 존재감 (1),0.028169014084507,2139,1,0,0.32078493533354524
565325,22,해방 - 동행 (7),-0.1666666666666667,7,1,0,0.32055097980368896
476831,3,나 강림. - 2,0.1177922590837282,8935,1,1,0.3199297217983339
418603,4,3가지 세상을 이해하는 자 (4),0.0751640943764413,52133,1,1,0.3197703528567566
100685,17,[017화] 그녀는 사천왕?! - 4,0.0320855614973262,181,1,0,0.31965552416361115
581843,7,007 : 아프간츠의 아들들,0.0562258137946733,4146,1,0,0.31947480053634797
554642,11,어린 용이 기지개를 켜는 시간 (3),-0.0078740157480314,1536,1,0,0.3194389371821899
550179,3,#003. 유망주들을 쓸어모음 (3),0.0606495044567724,15070,1,0,0.31941335806148846
564440,3,4계 상급 심법,0.0453490560120428,15220,1,0,0.31935975277528156
553138,9,죽서요 09화,0.0,15,1,0,0.319156163387845
238800,8,7화,0.0304198800342758,11315,1,0,0.31898951564064865
128808,10,9장. 요정과 함께 수업을,-0.0018018018018017,1112,1,0,0.3181107305572019
191722,11,나는 관대하다,0.0037693177534866,10572,1,0,0.31797170048105344
565685,13,은밀한 곳이라니?,-0.0133333333333334,152,1,0,0.31742999707006136
584447,16,16화,0.0532286212914485,1085,1,0,0.31741308862795187
542470,8,마음을 읽는 섭정왕과 혼인했다 08화,0.077720207253886,178,1,1,0.31736522558854396
539992,6,미궁과 축복(3),0.0354415077751524,17554,1,0,0.31713498791763817
523319,22,2̸̷0̸̷화 너에게 닿기를,0.3333333333333333,4,1,1,0.31712917738928187
337226,4,004 - 12번째 인생,0.0305723050883317,18328,1,0,0.31631442644257163
553135,8,피난민이지만 육아합니다 8화,0.012539184952978,315,1,0,0.31587599356387785
552100,9,장공주 09화,0.1363636363636363,19,1,1,0.31583227812012143
580111,17,17화 그 입은 여복채가 직접 열어 줬습니다,0.0,115,1,0,0.31577323436588456
535250,10,삶과 죽음의 기로에서,0.019650655021834,898,1,0,0.31555713100595273
573642,8,중생지재가황숙 8화,0.0236220472440944,124,1,0,0.31522229954347514
523724,15,15화 땅과 작위,0.0403225806451612,238,1,0,0.3151578497349106
572636,16,16화. 돈의 한계,0.0327868852459016,236,1,0,0.31495641565264826
556685,4,[4화] 짓밟히는 한양,0.0581709145427286,6282,1,0,0.3147915121005842
383287,24,반쪽뿐인 복수 -1-,0.0553633217993079,273,1,0,0.3146988765005743
286189,8,8화,0.0766978922716628,4731,1,1,0.3146588100078212
575665,16,8-2 벗이라는 이름으로,0.0384615384615384,50,1,0,0.3142862641467052
583125,11,공격수로 키워야 하는 거 아니야?,0.0374787052810903,565,1,0,0.31426517804812043
548106,5,데뷔전,0.0882372366422297,13805,1,1,0.3142438287695551
455299,9,9화,0.1095184439477621,48208,1,1,0.3138080227338153
123363,20,#5 복실이 리턴즈,0.0143510376362996,28022,1,0,0.31371940448512864
584815,5,5.,0.023391812865497,167,1,0,0.31365342615551545
565685,14,직접 봐야 할 것 같아,0.0855263157894736,139,1,1,0.3135549264800639
418603,3,3가지 세상을 이해하는 자 (3),0.1621830504443981,56370,1,1,0.3133362538532315
577392,24,23화. 수즈 평야 전투,0.0,4,1,0,0.31279899734947614
573683,3,3화 시대를 읽는 법,0.0588978766430737,3723,1,0,0.31243383349037646
558146,8,연인간 성폭행 사건 판결나다,0.0151671837297483,2857,1,0,0.3124261345877535
90225,7,하늘에서 빛이 내리면 (1),0.0691602581708321,108454,1,1,0.3123898534784476
486677,13,013 신입 (1),-0.1818181818181818,26,1,0,0.31232051177405207
577162,6,6. 미국 왕따가 싸움을 잘함,0.0184171688599188,31925,1,0,0.31231521169005466
581595,11,멀쩡한 집,0.091743119266055,297,1,1,0.3119642711460618
580897,9,객이 되다,0.0267379679144385,1092,1,0,0.311843517066001
547482,3,제1화: 재무본부 성자님은 개업 적금 중,-0.0014214641080312,14090,1,0,0.31110228141574053
559657,6,6화.,0.0297450424929178,6165,1,0,0.3107593370878742
536163,3,3화,0.0389719161410212,36718,1,0,0.3104086975803349
584471,7,까막눈 도사,0.1538461538461538,11,1,1,0.3102652241501228
581248,5,5화-어디서 튀어나온 거지?,0.0399695470118005,2522,1,0,0.31015266309171347
557962,4,대통령의 친서,0.0292144557455096,8972,1,0,0.31011613933517007
555850,4,S급 천재,0.0235529092553512,25911,1,0,0.30914719730737994
532266,3,강해질 수단을 증명하다.,0.079090617995517,2876,1,1,0.3091390307806603
584035,8,8화,0.0211718365337272,5964,1,0,0.30911901300107786
563571,6,사냥감 해체,0.0260083173806852,14755,1,0,0.3090673593630584
273931,19,3. 존재감 (4),0.0635162601626015,1843,1,1,0.30887085680261334
319100,4,4화,0.0901502504173622,37060,1,1,0.3088277909592655
359132,13,#013화,0.1428571428571429,6,0,1,0.3088132396746402
558578,16,"제14장: 폭풍 전야의 오판, 제국들의 위험한 도박",-0.021505376344086,95,1,0,0.3085323990467603
581595,12,부르지 않은 병,-0.063973063973064,316,1,0,0.3084160357998547
579087,10,010,-0.0173716012084592,1347,1,0,0.30830206629937346
565742,11,11화 경시서의 그림자 (2),0.0194277640409749,2776,1,0,0.3082703246904298
479971,5,5화.,0.028530670470756,10215,1,0,0.30826397046037896
520418,6,예기치 못한 손님 -1-,0.1097895699908508,973,1,1,0.30790541141568345
417748,21,축구 시작안할끼가?19,0.5242718446601942,49,1,1,0.3076998101936931
268428,8,8. 똥파리들,0.0403168657623,37919,1,0,0.3074474914718677
565325,20,해방 - 동행 (5),-0.1428571428571428,8,1,0,0.3072989230133264
86305,20,그녀들의 계획(5),0.1153846153846154,23,0,1,0.30706641785936006
584815,9,9.,-0.0254777070063694,161,1,0,0.30696572055904847
581248,10,10화-축구는 못하는데 골은 잘 넣음,-0.0278381905176163,2363,1,0,0.3069091830509874
238398,19,제 18화 용이 잠든 얼음성5,0.0027777777777777,359,1,0,0.3067859895908612
292182,5,#005 우리 딸 다 컸네,0.0452486745229355,44479,1,0,0.30618988248023554
286189,10,10화,0.0082897033158813,4546,1,0,0.3060437619565298
585652,6,EP005 - 한울원자력발전소(2),0.2413793103448276,22,1,1,0.3059800792022881
564829,16,"따스함, 당신만 믿어요",-0.1538461538461537,15,1,0,0.3059550682387321
565708,3,3화: 개업,0.0484893696381947,25510,1,0,0.305766593264327
512399,4,4화-연습경기(2),0.0693875486774895,18401,1,1,0.305731923420758
565685,15,이건 닌자술(忍術)이잖아!,0.0503597122302158,132,1,0,0.3052607255671159
549228,4,004화,0.0517271008764392,5518,1,0,0.30525664327931457
553135,5,피난민이지만 육아합니다 5화,0.0350404312668463,358,1,0,0.3051358722169573
563160,6,#006. 그런 취향을 가졌다니.,0.0990834957061412,12484,1,1,0.3049498060984505
493070,4,"다음 날, 같은 호텔에서 다른 여자와",0.0491154769312828,42786,1,0,0.30422164785094485
533114,3,전신귀환 3화,0.0664912037678349,6739,1,1,0.3041501700209885
517290,4,위장잠복조,0.073605520414031,1611,1,1,0.30392704945261484
550171,5,5화. 계란이나 삶아 먹어야겠다,0.0387764459291282,14675,1,0,0.3038387725441969
565742,6,6화 대나무로 물길을 잡아,0.0630057803468208,3242,1,1,0.3034278255780629
573683,6,6화 버기,0.067786955283395,3273,1,1,0.30341264733301937
493070,6,인텔리온의 젊은 여사장 차윤정,0.035365677741982,40123,1,0,0.30319326807013947
535774,7,공간 확장,0.0420313454101364,18826,1,0,0.3030203231705346
451699,23,절망의 봄 : The Lasher-7,0.1666666666666666,10,1,1,0.30265857512986233
581843,9,009 : 말보로와 게보린,0.0136351942372009,3834,1,0,0.3023870799092753
577392,22,21화. 수즈 평야 전투,0.1999999999999999,4,1,1,0.3019777668524319
563571,7,고기 잔치,0.0250762453405625,14385,1,0,0.3018993203702329
86305,10,호환(虎患),0.0198019801980198,495,1,0,0.3016314858953673
584815,7,7.,0.0437499999999999,153,1,0,0.3011662574243001
545935,7,7화. 국밥 위로 울린 총성,0.0230639414963435,5210,1,0,0.3011350735590928
184654,10,두 누나에 대해(6),0.0277569392348087,2592,1,0,0.3008992554769554
538193,3,D급이 국대보다 잘함,0.0784244562022339,23514,1,1,0.3006555788176593
558281,4,4화 - 예? 처음 해보는 거라고요?,0.1361596781680334,16749,1,1,0.30065010974762774
585652,3,EP002 - 살아남기 위한 준비,0.375,40,1,1,0.3003370208898079
381297,9,제9장 열풍요랑,-0.0319634703196347,678,1,0,0.30031336739355474
575854,17,에덴링크 017화. 반값은 아니지만,0.0,9,1,0,0.30023627336180153
505913,9,9화,0.0367399893849147,32668,1,0,0.30009065311600086
532266,4,물러날 수 없는 선,0.0486787204450626,2736,1,0,0.3000406084634785
566061,23,레벨업 대환장 파티의 결과,0.125,7,1,1,0.30001828089608973
481784,5,강화 좀비,0.0471498944405348,17602,1,0,0.2998895979466934
571288,16,아슬아슬(2),0.0330578512396694,117,1,0,0.2997607890110546
550097,21,첩보(牒報)와 화공(火攻),0.0333333333333333,29,1,0,0.2996374313036628
234339,6,입학식 (2),0.0715326133295438,52269,1,1,0.2995401771682637
552788,6,6화,0.0474349833001839,25383,1,0,0.2994597995363124
234339,7,입학식 (3),0.0313952820983757,50628,1,0,0.2989110009849055
584254,9,009,0.0763066202090592,2651,1,1,0.2986836557170688
539540,5,그거 내가 한 건데,0.1126738053380214,11104,1,1,0.2986187285614801
567395,14,여긴 네가 낄 자리가 아니야,-0.1237113402061855,109,1,0,0.29858480489522293
559951,21,21화. 움직이는 계단,0.5,2,1,1,0.2981440855076435
577162,4,4. 미국 왕따가 싸움을 잘함,0.0105737879757442,32470,1,0,0.2980093009351598
556083,3,30만 너튜버의 경악,0.0478347526725856,47295,1,0,0.2978592902703453
563321,4,제 4화. 내 가게,0.0239241764121378,12770,1,0,0.2973658795528877
530197,4,4화 - 빠따의 위협,0.0058685446009389,5929,1,0,0.2968500684524563
522238,10,황상서죄 10화,-0.0714285714285714,60,1,0,0.2963941668258096
583125,12,크리스마스에 눈이라니.,0.0530973451327433,535,1,0,0.29608802625331837
134514,11,프로페셔널 11화,0.0220048899755501,1600,1,0,0.2960461376704316
549388,6,헌터 협회,0.1020408163265306,4268,1,1,0.29598140005392365
559951,25,25화. 보상방의 조건,0.0,1,1,0,0.29578776537078577
128808,7,6장. 루미온 학교 -2,0.099127676447264,1136,1,1,0.2957773889442907
551214,4,동양에서 온 미친놈,0.0191256830601093,8257,1,0,0.2957771357679911
54528,7,입단 테스트 - 1,0.0171699828300171,9731,1,0,0.2957219273027607
547482,4,제2화: 이 얼굴이 전 재산입니다 (6년 전 여름),0.0285308729595458,13688,1,0,0.29545196335074375
576847,23,23화 - 태랑,0.1290322580645161,27,1,1,0.2953682281909123
576538,18,18화. 순서가 바뀌었다,0.0,4,1,0,0.29533461702818836
383287,25,반쪽뿐인 복수 -2-,0.0586080586080586,257,1,0,0.2945678531814467
100685,18,[018화] 그녀는 사천왕?! - 5,0.0773480662983425,167,1,1,0.2943488408789149
537756,17,간도해방구,0.0022421524663677,445,1,0,0.29429050361250036
535250,11,공포,0.0256124721603563,875,1,0,0.2941811156752019
572636,17,17화. 음악의 완성,0.0338983050847457,228,1,0,0.2940307169438226
54528,6,배팅볼 피쳐 - 2,0.0205757246018399,9901,1,0,0.29402997689917637
577416,7,컴백?!,0.0334744382937154,14841,1,0,0.29369304997818424
547756,5,1조달러에 H₂O 팝니다 (5) 화학식으로는 설명할 수 없는 따뜻함,0.0254951058502163,4281,1,0,0.2936914482368174
544138,4,4화,0.0634709276520195,6330,1,1,0.2934528619493346
441725,6,제6화. 영원히 고통 받자.,0.0432071596244131,13043,1,0,0.29335683438968907
162830,11,11장. 폐교회의 사연 (11),0.0289639806906795,10460,1,0,0.29329005490660026
286189,12,12화,0.0217539089055064,4317,1,0,0.29322190697435463
513757,8,[7화] 판타지 주인공처럼,0.0726895399293857,34406,1,1,0.29321532409584367
134514,9,프로페셔널 9화,0.0175953079178885,1675,1,0,0.2925949776675138
558281,5,5화 - 걔가 너보다 잘해,0.0909308018389157,15226,1,1,0.29229086531441295
573643,8,금옥만당 8화,0.088235294117647,124,1,1,0.29203886070943275
583078,7,노르망디 상륙작전(내용 1차수정),0.030520646319569,1080,1,0,0.2917649004235053
584254,8,008,0.0681818181818182,2870,1,1,0.2916291890041261
86305,21,그녀들의 계획(6),0.0434782608695651,22,0,0,0.29146910606971327
514944,9,금릉춘 09화,0.0363636363636363,53,1,0,0.291410417852483
531329,4,4화,0.122075838189342,41582,1,1,0.2910556366055814
529052,13,지오의 가족,0.0410958904109589,210,1,0,0.2910062038901889
128808,13,12장. 샬롯 선생의 연구실,0.0134744947064484,1025,1,0,0.29035388836681514
561885,18,수능,-0.04,26,1,0,0.290290323584664
585750,13,"13화 .종전, 예상 밖의 결과",0.0512820512820513,37,1,0,0.29027384383834004
575665,17,9-1 위대한 출발,-0.2199999999999999,61,1,0,0.29027204634613196
123363,11,#2 나의 작은 고양이 (Sweet little kitty),0.0230548309751534,37078,1,0,0.2900121640337197
514945,9,등당입실 09화,0.0341880341880341,113,1,0,0.289895468418602
545935,5,5화. 사냥은 너희가 아니라 내가 한다,0.0385221502363859,5491,1,0,0.28982435171994314
358812,15,15,0.0954198473282442,474,1,1,0.2897884289432824
486677,23,023 비밀 엄수(6),0.0,1,0,0,0.28961196186661664
452318,4,1.세계를 구하는 방법(3),0.0661035905742605,72645,1,1,0.28954562614848117
337226,5,005 - 전쟁이 끝나기 전에,0.0414120471409864,17569,1,0,0.2893939119439259
542470,9,마음을 읽는 섭정왕과 혼인했다 09화,0.0898876404494382,162,1,1,0.28938449548129547
559951,23,23화. 표식의 값,0.0,2,1,0,0.28936823699514286
584254,10,010,0.1052433044134288,2372,1,1,0.28932670287242745
580897,10,객의 일을 말하다,0.0457875457875457,1042,1,0,0.2890010889752016
488890,5,출시하다.,0.0334475830280108,24534,1,0,0.288769138915468
584035,9,9화,0.0197853789403085,5846,1,0,0.2887413640257322
550171,8,8화. 교과서 위주로 공부했습니다.,-0.0037703016241299,13844,1,0,0.28859448323574716
557597,19,# EP019. 손바닥,0.044776119402985,64,1,0,0.28831176884651427
558281,3,3화 - 꼬셔야 한다...!,0.1108002751662462,19389,1,1,0.2877759349220262
520703,13,#13화,0.0,28,1,0,0.2877585151514853
451699,24,절망의 봄 : The Lasher-8,-0.1,11,1,0,0.28775552328911735
557097,5,전능의 동자신을 주웠다-5,0.0128953024255449,16075,1,0,0.2877099501165522
553892,4,4화,0.0575586095392077,5829,1,0,0.28754911899074304
523724,16,16화 복수의 서막,0.0042016806722688,237,1,0,0.28713053382312526
543879,5,5화. 보급,0.0320611929367726,23790,1,0,0.28698077868799415
544138,6,6화,0.0699371923272789,5479,1,1,0.2869365360933694
584035,10,10화,0.0106055422511118,5784,1,0,0.28688644381063205
554642,12,어린 용이 기지개를 켜는 시간 (4),-0.0123697916666667,1555,1,0,0.2868328599460267
522532,3,3,0.0750697438498605,18235,1,1,0.2867998463412258
523319,25,2̸̷3̸̷화 거래 품목,0.3333333333333333,2,1,1,0.2858394056998734
565325,18,해방 - 동행 (3),0.1999999999999999,8,1,1,0.2857968345711056
574802,20,016화. 뼈만 있는 병사,-0.0465116279069768,90,1,0,0.28518334926561045
580058,11,10장,0.0613026819923371,245,1,0,0.2851241884398414
565213,7,권력의 방향(1),0.0163404560962471,5478,1,0,0.28501096987270563
579284,3,1화. 회귀 첫날 자퇴를 했다 - 2,0.0394602263354119,29113,1,0,0.2849328050603802
522241,11,야주색 11화,0.0188679245283018,52,1,0,0.28468257503165684
571288,17,아슬아슬(3),0.0512820512820513,111,1,0,0.28426498675531103
552100,10,장공주 10화,-0.0526315789473683,20,1,0,0.2839937784216263
530581,5,연계 퀘스트,0.0432108500236555,24268,1,0,0.28397478957273403
418796,7,6. 농사가 쉬워?,0.0549908453816528,14968,1,0,0.2838129112950391
538193,5,내 몸이 사기급 자질로 변했다,0.0671300530455459,20400,1,1,0.2837352355772241
584815,11,11.,0.0,147,1,0,0.2836135555442933
433377,3,제 2 장 혀와 검의 합작,0.220508166969147,6013,1,1,0.2834707892046305
100685,14,[014화] 그녀는 사천왕?! - 1,0.0579710144927536,195,1,0,0.2828495430798292
559391,3,"저를 믿지 마시고, 조사를 해 보세요.",0.1204114204646213,9920,1,1,0.28276683344785614
569827,6,팩스의 맛,0.0314130056798424,8356,1,0,0.2827588333090748
567140,14,13. 그들은 나를 막을 수 없다 (2),0.3333333333333333,2,1,1,0.282703036697595
319100,6,6화,0.1170309378216383,29168,1,1,0.28257661600190076
364922,8,브론테 가의 자매들,0.0159090909090908,10392,1,0,0.28253209983916117
333183,14,014,0.0,4,0,0,0.2825110796761872
574802,18,014화. 하늘을 막은 사제,-0.1071428571428572,93,1,0,0.2822442430297512
557881,5,내가 한번 키워보려고(2),0.0551560214529497,15503,1,0,0.2820970052896178
550097,22,전장의 지배자,-0.1379310344827586,33,1,0,0.2819354910933691
246282,10,돈 벌려면 사냥을 해야지.,0.0085510132364999,8464,1,0,0.2817288287621643
548106,3,웰컴 투 총독부 (2),0.1037841468875951,16010,1,1,0.28167253360835665
191722,7,무기를 보수하고 서양과 통교하다,0.0393114491593274,11999,1,0,0.2815584864927968
577416,4,손바닥 뒤집는 소리,0.0536100987693445,17918,1,0,0.28152165606470536
100685,19,[019화] 그녀는 사천왕?! - 6,0.0179640718562874,164,1,0,0.28150753857414323
556522,11,11화,0.0351467410628811,35276,1,0,0.2810380824653768
567140,12,"11. 꿈, 미래인가 현재인가 (2)",0.6666666666666667,3,1,1,0.2810120846653259
565742,12,12화 쓰레기로 땔감을 만들다,0.020893371757925,2718,1,0,0.2807860841700775
564860,14,벗(3),-0.3999999999999999,7,1,0,0.28048043209306006
549388,5,숨 고르기,0.0499700179892065,4753,1,0,0.2803740361081584
575843,18,"천신(天神)의 심판, 그리고 여명(黎明)",0.0263157894736841,37,1,0,0.28030565242405336
553138,14,죽서요 14화,0.1764705882352941,14,1,1,0.28015235474627337
359132,14,#014화,0.0,6,0,0,0.2800753487267022
201454,8,괴물의 거리 (2),0.0452901172044566,13196,1,0,0.27958840572167615
273931,24,4. 당신에게 도달하는 길 (4),0.0061867266591676,1767,1,0,0.279156909068323
583125,13,리듬을 뒤트는 거다.,-0.0074766355140187,539,1,0,0.2789686345217772
534819,4,아빠가 변했다,0.0159774436090225,6282,1,0,0.27895846147757947
575332,8,8화 - 엇갈림의 빈 칸,0.0,2,1,0,0.27886082419669433
567395,16,비디오 게임이 아니다,0.0681818181818182,82,1,1,0.2786769398301981
548891,7,7화 마탑과 소녀 (1),0.0346725371491469,15786,1,0,0.278450004831705
531246,6,지켜봐주십시오,0.0689306574809045,24867,1,1,0.2783461902196056
297843,9,불리온 (9),0.0503119339907426,4719,1,0,0.27830258188390905
585652,7,EP006 - 한울원자력발전소(3),0.0,22,1,0,0.27828361063443147
580111,18,"18화 손도 안 댔는데, 혼자 넘어졌습니다",0.0695652173913043,107,1,1,0.2780964516573101
567140,25,24. 수호천사 (2),0.5,1,1,1,0.2780046328944294
542580,5,제5화. 72시간의 기적,0.0163847076062342,7384,1,0,0.27797159133055327
246282,9,2권을 다오.,0.0298863636363636,8537,1,0,0.2779397897142072
584815,10,10.,0.0869565217391304,147,1,1,0.2777471011980463
375271,5,5화,0.0628377742208831,49768,1,1,0.27767295667028885
451197,10,0010,-0.0120643431635387,3020,1,0,0.2774258462681511
583062,10,10화. 모든 건 계획대로 (2),0.0033538289547233,1783,1,0,0.27714691077667486
581248,12,12화-개막전(2),0.019650655021834,2245,1,0,0.2769138574748939
451699,22,절망의 봄 : The Lasher-6,0.1428571428571429,12,1,1,0.27670658102989304
297843,18,불리온 (18),0.0970935803257745,2827,1,1,0.2759967409121403
580897,12,장부를 읽다,0.0579420579420579,943,1,0,0.2758084275184136
514940,13,가면을 쓰고 (1),0.0714285714285714,13,0,1,0.2757914863405306
549589,3,뭔가에 홀린 듯,0.1110918352863248,56363,1,1,0.27567989419819805
573683,4,4화 기묘한 동거,0.0201450443190974,3648,1,0,0.2756407393304601
579087,11,011,0.014105419450631,1328,1,0,0.2753646782181583
585750,14,14화 . 결승,0.1081081081081081,33,1,1,0.2752569440956352
238398,20,제 19화 용이 잠든 얼음성6,-0.0083565459610028,362,1,0,0.2751809191081527
563571,5,한 방 (一擊),0.0092217135382602,15149,1,0,0.27508972305833185
553948,7,투자의 신 (7),0.1118233618233618,2494,1,1,0.2747968047501548
584447,17,17화,0.0341013824884792,1048,1,0,0.274681852835691
558578,13,"제12장: 보이지 않는 전쟁, 무너지는 제국",-0.1009174311926606,120,1,0,0.27447386040699473
575843,17,"용의 포효, 마황의 몰락",0.0952380952380952,38,1,1,0.2744211910704772
376559,15,015. 사서들을 위한 피리,-1.0,196,1,0,0.27438173338443606
241417,9,제물의 장(9),-0.0110991468566221,12207,1,0,0.27430070286437586
580111,3,3화 입을 열게 만드는 법,0.0564516129032257,351,1,0,0.2742634761690924
128808,8,7장. 갈등,0.0237676056338028,1109,1,0,0.27419464483579903
575378,24,024. 4강,0.1346153846153845,45,1,1,0.27415205538230514
579284,6,"3화. 됐고, 아르헨티나로 가! - 1",-0.0082275935203131,27572,1,0,0.2739847433796336
563160,4,#004. 죄는 아니잖습니까.,0.1436467141988614,15494,1,1,0.27383011485574876
539540,6,우리가 삼촌 먹여살리께,0.0278278097982709,10795,1,0,0.27382433060660005
557881,4,내가 한번 키워보려고(1),0.0055757575757575,16408,1,0,0.27380933308451494
564241,4,004 : 자유와 평화,0.0613448887960739,17979,1,0,0.2738091867974489
537197,3,"1장. 인생(人生), 꼬이다. (3)",0.1041666666666666,7310,1,1,0.2737649751792447
584254,7,007,0.0467347570411637,3080,1,0,0.2732061529012311
531246,5,"백 과장, 너만 믿는다",0.0444706808343171,26708,1,0,0.27312430756863915
584254,5,005,0.0287667331244659,3410,1,0,0.2730644803605492
522241,22,야주색 22화,0.1538461538461538,22,0,1,0.27285528601661224
535250,12,폭설,0.0022857142857143,873,1,0,0.2728353430638051
574368,7,7화,0.0315495207667732,19400,1,0,0.27256442544563436
580897,13,흐름을 읽다,0.0233297985153764,921,1,0,0.27239214040070786
574802,22,018화. 아르벨라의 사제,0.05,57,1,0,0.27210179509020577
433377,5,제 4 장 구사일생,0.0940152339499456,4163,1,1,0.271625643865016
556522,7,7화,0.0120951518809092,39287,1,0,0.271366128116659
54528,5,배팅볼 피쳐 - 1,0.0341104528950888,10109,1,0,0.27135616099676974
565325,23,절제 - 함께 (1),0.1428571428571429,6,1,1,0.27109064364317775
575331,15,에피소드 2. 강가에 남은 마음 15화,-1.0,6,1,0,0.2710611635331717
541873,3,3화 십계(十戒),0.1611505122143419,14903,1,1,0.271001849800481
546644,3,우나기야 마쓰모토,0.016609672691744,4026,1,0,0.2707963575286705
555164,7,007,0.0214530576136238,8849,1,0,0.27079591890561266
580897,11,장부를 보다,0.0393474088291746,1001,1,0,0.27071295255260613
553135,9,피난민이지만 육아합니다 9화,0.0253968253968254,307,1,0,0.27070498029017487
441725,8,제8화. 저승사자(1),0.0116602316602316,12799,1,0,0.27068923077829415
376559,17,017. 의적들을 위한 도주,0.088235294117647,31,1,1,0.2703570368398869
576538,19,19화. 이미 그렇게 살고 있다,0.0,4,1,0,0.2702227665053729
477026,4,난 유치원생이다,0.0524763639517738,10924,1,0,0.2694928817797013
581843,10,010 : 번듯한 집 한 채씩,0.0,3834,1,0,0.26931602263371374
561939,5,5. 가족,0.0176237332941694,6689,1,0,0.2692362069809741
573642,9,중생지재가황숙 9화,-0.064516129032258,132,1,0,0.26888909299378655
542531,3,3. CIF,0.0740716114232521,27851,1,1,0.2688834181868553
330536,5,플레이어,0.0909573427940888,32541,1,1,0.2688632094928554
443334,7,전 승조원 전투태세! (2),0.0681761940113833,7531,1,1,0.268696932656356
573666,6,006. 초대석 (3),0.0185198687568355,13461,1,0,0.2683340894449935
578822,23,# 23화. 닫힌 남문,0.0,1,1,0,0.2682790573411619
557490,10,제10화. 극의(極意)와 금강(金剛),0.0451127819548872,1524,1,0,0.2680016638204018
558578,17,제16장: 묵시록의 거울과 피의 맹약,0.031578947368421,92,1,0,0.2674564984279178
585750,15,15화. 대나무 숲 낭군님,0.0,33,1,0,0.267391945192807
525227,3,3. 자동차 부품을 쇼핑했다.,0.0388524518959301,44257,1,0,0.26738938504549936
246282,16,만렙까지 올려주마!,0.0184977578475336,7004,1,0,0.2673327463203139
568900,4,4화 봉황대기 (3),0.0193406794385259,21448,1,0,0.26718660736200345
555850,3,대기업 입사제안,0.0337193212439006,26536,1,0,0.2671776902434518
558281,6,6화 - 대체 얼마짜리 화살이길래,0.0973991856035728,13743,1,1,0.26710780675590134
571288,18,아슬아슬(4),-0.0270270270270269,114,1,0,0.2667353269066961
543382,6,6화,0.0333462488497118,39917,1,0,0.26661587684065136
581248,11,11화-개막전(1),0.0308929327126533,2290,1,0,0.26640524946370464
559657,7,7화.,0.0128142741281427,6086,1,0,0.26630868090454635
564829,18,시작했으면 끝장을 봐야지,-0.0769230769230768,14,1,0,0.2662224371548299
124930,8,조별과제,0.0539243365330321,3351,1,0,0.26617998691842326
572636,18,18화. 못지킨 자,0.0175438596491228,224,1,0,0.2659570485015688
534215,3,1화. 임관 첫날 상태창이 생김 (2).,0.0609400630170288,79575,1,0,0.2659133495043723
573643,9,금옥만당 9화,0.0,124,1,0,0.26590281394230003
553948,4,투자의 신 (4),0.042816091954023,3331,1,0,0.2658910396325631
580058,15,14장,0.0544554455445545,191,1,0,0.265861538516851
86305,9,성가신 녀석(3),-0.0202020202020201,505,1,0,0.2658093749620355
514940,14,가면을 쓰고 (2),0.1538461538461538,11,0,1,0.2657314943850226
575331,17,에피소드 2. 강가에 남은 마음 17화,0.1999999999999999,4,1,1,0.2657100798613621
560429,3,3화 - 흐름,0.0654654654654655,18672,1,1,0.26522435034100617
575665,19,9-3 위대한 출발,-0.0217391304347827,47,1,0,0.26508422399753484
580111,19,19화 그 여자는 제 발로 무덤을 팠습니다,0.0373831775700934,103,1,0,0.2648744090656646
580897,5,회상하다,0.0263340263340263,1405,1,0,0.2647708056893108
565685,16,2차 타구봉 경진대회,-0.5075757575757576,199,1,0,0.2647341845374182
555465,5,5화 영근(靈根),0.0018646280067126,5353,1,0,0.2646744396232108
559951,24,24화. 베지 말고 찔러,0.5,1,1,1,0.2645721024545694
537756,18,클라우제비츠,0.0808988764044943,409,1,1,0.26445534083831385
561885,19,군대,-0.1923076923076923,31,1,0,0.2639928313199936
560429,4,4화 - 수(水)의 이치,0.041452442159383,17898,1,0,0.26391768156735673
552434,4,004. 채광 드론,0.04773859931802,25413,1,0,0.26389335265607655
162830,14,14장. 폐교회의 사연 (14),0.0527478862413528,9859,1,0,0.26372943703361174
554066,3,3화. 한무결은 죽었다,0.0333024587403165,22961,1,0,0.26359861912846755
184654,11,두 누나에 대해(7),0.0343364197530864,2503,1,0,0.2634945508537609
577416,8,유통기한,0.0252004581901489,14467,1,0,0.2630757261719394
550013,5,이 새끼가 미쳤나?,0.147220409051349,31355,1,1,0.2630655948037452
234339,8,입학식 (4),0.0310302599352136,49057,1,0,0.2630498502117315
561939,4,4. 삶의 무게,0.0235192886849275,6809,1,0,0.2629825123052577
455299,10,10화,0.017818619316296,47349,1,0,0.2629231981477617
479971,8,8화.,0.0339147286821704,8973,1,0,0.262916833057436
567395,15,내가 그리던 팀,0.1926605504587155,88,1,1,0.2628885217293037
581595,13,보여드리겠습니다,0.0886075949367088,288,1,1,0.26239910910972025
505913,10,10화,0.0226215256520142,31929,1,0,0.26225044012984167
545935,4,4화. 서대문 적십자 병원,0.0727390810196461,5711,1,1,0.26219445535577757
124930,6,자금을 마련하자!,0.0887355188562977,3697,1,1,0.261900250164307
584447,19,19화,0.0199401794616151,983,1,0,0.2618927328689953
571118,3,주사위 굴려서 역대급 홈런왕(3),0.045304312777106,23686,1,0,0.2612822045297232
550171,4,4화. 가자미 구이.,0.1060952046372738,15267,1,1,0.26120436982311274
577416,9,마이애미,0.0150687772171148,14249,1,0,0.26115733598055474
552788,7,7화,0.045778670763897,24221,1,0,0.2610599824765163
574368,5,5화,0.0200117983391568,21596,1,0,0.26096672537396726
558578,18,"제17장: 기만의 체스판, 중전의 수수께끼 )",0.1413043478260869,79,1,1,0.2608295740737573
533114,4,전신귀환 4화,0.0305683335806499,6533,1,0,0.2606712021041745
330536,6,미확인 추가 보상,0.0925294244184259,29530,1,1,0.26057483376355967
540166,6,02. 구조 작전(2),0.043732782369146,5554,1,0,0.26030779023942524
541873,5,5화 걸렸다,0.0433875377752194,13295,1,0,0.2600118731702421
565685,18,별당 아가씨,0.0070921985815602,140,1,0,0.25983101292644073
575843,20,"매화는 피지 않고, 검끝은 녹슨다. (2)",-0.1333333333333333,34,1,0,0.2598152794794734
563526,5,5화 걱정하지 마세요. 캡틴.,0.0353367748279253,15697,1,0,0.2596483183411745
554642,13,왕의 시간 (1),-0.0128617363344052,1575,1,0,0.259509669012388
565742,13,13화 선녀같은 비서가 들어오다,-0.0014716703458426,2722,1,0,0.2592460845697107
516965,9,리더십,0.0115642118076688,8120,1,0,0.2590315636973019
542470,10,마음을 읽는 섭정왕과 혼인했다 10화,0.0185185185185184,159,1,0,0.25864621466821697
529960,4,004:엘프 여왕 ─ 아리아,0.0434349624636126,24974,1,0,0.2583912094653305
455299,6,6화,0.0139924901917863,58558,1,0,0.2583883304828017
443313,9,9화. 광산,0.0563848205512143,20166,1,0,0.2579098203786355
537197,7,"2장. 인생, 더 꼬이다. (2)",0.0808977035490605,5283,1,1,0.2577440347739488
563321,3,제3화. 신뢰의 장사,0.034037212049616,13083,1,0,0.2574550302144543
376244,5,제5화. 보고(報告) 2.,0.0412531780529812,11690,1,0,0.25709202175846674
529052,14,엔진 업그레이드,0.019047619047619,206,1,0,0.2569777766478702
565325,24,절제 - 함께 (2),-0.1666666666666667,7,1,0,0.25665093222778346
520418,12,최고의 신랑감 -2-,0.164490861618799,640,1,1,0.25639202686843965
550097,24,"운명의 아침, 밀려드는 3만 대군",0.0357142857142857,27,1,0,0.25632027345454594
477026,6,코딩 시작,0.0397256358959702,10080,1,0,0.25631722104453547
576538,22,22화. 어디로 출근했나,0.0,2,1,0,0.256166936720802
557597,20,# EP020. 시선,0.015625,63,1,0,0.2560689726970734
579087,12,012,-0.0037650602409637,1333,1,0,0.2560131691044038
574802,21,017화. 죽음을 부르는 문양,0.3333333333333333,60,1,1,0.25591939217173487
583062,11,11화. 미래에 관하여 (1),0.002804262478968,1778,1,0,0.2558461147757059
581595,14,아무도 오지 않았다,-0.0451388888888888,301,1,0,0.2557450694329891
581869,17,17화. 1번 타자,0.1388888888888888,124,1,1,0.255671034201139
530581,4,암시장 진입,0.0530520813888369,25364,1,0,0.2555293973483929
575843,19,"매화는 피지 않고, 검끝은 녹슨다. (1)",0.1891891891891891,30,1,1,0.25528834200868794
573643,7,금옥만당 7화,0.0072992700729926,136,1,0,0.25509886942355803
580058,18,17장,-0.0564971751412428,187,1,0,0.255068491975052
514945,10,등당입실 10화,0.0176991150442478,111,1,0,0.25490500184487663
547482,6,"제4화: 지옥에서 온 비글, 덫에 걸리다 (6년 전 여름)",0.025991362387122,12404,1,0,0.2545593348724891
443313,11,11화. 육감,0.0319607308426507,17749,1,0,0.2540599230107731
567395,5,선수로서의 문제,-0.1188118811881189,226,1,0,0.2534852812497244
527164,4,4-자식은 부모의 등을 보고,0.0811448606007484,54512,1,1,0.2534810756217717
581248,13,13화-팀원 덕분입니다,0.0044543429844098,2235,1,0,0.2533485931312192
563160,7,#007. 괜찮을 거야. 아마도.,0.0493431592438321,11868,1,0,0.25306776046603396
297843,14,불리온 (14),0.0592962039346078,3395,1,0,0.25289765498911465
513757,7,[6화] 저택의 정원에,0.0011844832691738,37103,1,0,0.252858281343769
525008,3,3화,0.048349290850582,47908,1,0,0.2528045500201807
273931,15,2. 세계 유일의 강령술사 (5),0.0187249219794917,2201,1,0,0.25275321057433864
246282,15,너는 그놈을 모르니까....,0.023535851122058,7136,1,0,0.2526482902533864
571931,4,4화. 기묘한 경험 (2),0.0522074468085106,35637,1,0,0.2524985145624793
556522,3,3화,0.0447201017811704,45051,1,0,0.2524487159069664
557343,4,창고 경매(1),0.0018155757286192,10446,1,0,0.2517800514053531
546644,6,토요쓰 도매시장,0.047006155567991,3406,1,0,0.2517297573680235
584035,11,11화,0.0038035961272475,5762,1,0,0.2516846798370501
557225,4,실력 회복 (1),0.0342074298201378,34473,1,0,0.25105626021175587
552788,5,5화,0.0223795722199802,26647,1,0,0.25084119682956174
358812,16,16,0.0295358649789029,460,1,0,0.2506412842261227
100685,20,[020화] 그녀는 사천왕?! - 7,-0.0304878048780488,169,1,0,0.2503697314269142
552100,22,장공주 22화,0.0999999999999999,9,0,1,0.2503607304426517
555164,4,004,0.077205208142307,10064,1,1,0.2501093245807968
534957,3,[3화],0.1542266187050359,9405,1,1,0.24984478686004702
238398,21,제 20화 용이 잠든 얼음성7,0.0220994475138122,354,1,0,0.24932282035234568
583062,12,12화. 미래에 관하여 (2),0.0078740157480314,1764,1,0,0.24891702936278962
486677,24,024 비밀 엄수(7),0.0,1,0,0,0.24858732877451079
543879,4,4화. 현실,0.0495746326372776,24578,1,0,0.2485455391886729
162830,13,13장. 폐교회의 사연 (13),-0.0034708831469341,10408,1,0,0.24846556905976036
273931,25,4. 당신에게 도달하는 길 (5),-0.0588568194680247,1871,1,0,0.24838188974512856
581248,4,4화-증명,0.0925734024179619,2627,1,1,0.24833504057101055
558578,19,"제18장: 천하를 속이는 무대, 거문도의 사자들과 도성의 여우들",-0.0506329113924051,83,1,0,0.24825042170631303
512544,4,여기 있었네,0.0028991383679675,49182,1,0,0.24801143301370066
583125,15,만만한 리그는 아니다.,0.0057034220532319,523,1,0,0.2479777726317915
381297,10,제10장 추살,0.0589970501474926,638,1,0,0.24789830861418774
545079,5,5화 알타 칼리포르니아 (4),0.0443136576077548,5521,1,0,0.24788756176988977
537756,19,임무형 지휘체계,-0.0146699266503667,415,1,0,0.24753826871829415
584815,4,4.,0.0284090909090909,171,1,0,0.24672659714919296
570506,3,컴플레인?,0.0819328154948048,45504,1,1,0.24661744372128758
576538,20,20화. 오늘은 무사히 지나갔다,0.0,4,1,0,0.24650602856159107
544370,3,3화,0.0376878612716763,79078,1,0,0.24627303146332197
572636,19,19화. 천재의 거절,0.0401785714285714,215,1,0,0.24575653060921201
535250,13,돌아오지 않는 강,0.0171821305841924,858,1,0,0.2454696264087955
533114,6,전신귀환 6화,0.0721023181454836,5804,1,1,0.2452808413749998
566106,4,범인이라 불리다,0.0443572829381351,26801,1,0,0.2450781712742117
534957,6,[6화],0.1272023491724506,6539,1,1,0.2450102768187676
238800,9,8화,0.0332302253645603,10939,1,0,0.24492527638768308
554471,8,008. 박힌 돌 빼기 (2),0.031145303387517,7808,1,0,0.2448571730948764
583801,4,첫 번째 화살 (4),0.0417209908735332,735,1,0,0.24474964643576633
514945,22,등당입실 22화,0.0799999999999999,46,0,1,0.24451231098999673
523724,17,17화 거짓의 가면,0.1097046413502109,211,1,1,0.24434292528684007
533114,5,전신귀환 5화,0.0425531914893616,6255,1,0,0.24410435760553933
578822,24,# 24화. 기다린 자,-1.0,2,1,0,0.24374522503267684
201454,11,동서울 피난촌 (2),0.0321116064058114,11725,1,0,0.24361816354207502
554560,8,3장. 보스턴의 황태자 (1),0.0072498791686804,4108,1,0,0.2435753806775079
541245,4,-4- 양의 침묵,0.075199318832727,23895,1,1,0.2432061499360714
577162,5,5. 미국 왕따가 싸움을 잘함,-0.0016630736064058,32524,1,0,0.24313256087125348
542580,3,"제3화. 한서반도체, 안 팔았죠?",0.0415474561512625,7705,1,0,0.24297767147823893
573809,16,016화 〈삭제된 아이템〉,0.0,2,1,0,0.24289801188713178
234339,14,방과후 (2),0.0322128256342696,45546,1,0,0.24272941894630093
419162,5,히든피스(2),0.0422252406543436,32436,1,0,0.24266174475315747
584815,12,12.,0.0272108843537415,143,1,0,0.2425536797046946
555164,6,006,0.063386846193682,9043,1,1,0.24229619645139386
162830,9,9장. 폐교회의 사연 (9),0.0243021049778661,10800,1,0,0.24221598473513417
523319,24,2̸̷2̸̷화 군림하는 자 군림하지 않는자-,0.4,3,1,1,0.24212879357805878
581869,18,18화. 이겨도 쉬지 못한다,0.1451612903225806,106,1,1,0.24195980020022495
552434,3,003. AI 센터,0.0593563850410631,26687,1,0,0.241690135241667
539992,11,이상한 파티와 미궁(2),0.0395242225250898,15504,1,0,0.24135598064496572
508912,10,만급작정 10화,0.0,276,1,0,0.24104644212734774
583078,8,"오키나와 전투, 광복",-0.0259259259259259,1108,1,0,0.24091959820500153
575331,22,에피소드 2. 강가에 남은 마음 22화,0.0,3,1,0,0.2408758903430108
564829,17,달아날 기회를 주마,0.1333333333333333,13,1,1,0.24082988021592847
476539,3,쇄산권(碎山拳),0.0851151954439555,17671,1,1,0.24074228396024186
583837,5,05화. 너무 심하게는 하지 말고,0.0981881940385739,1543,1,1,0.24069596580358155
333183,15,015,0.0,4,0,0,0.2406090646325805
557881,6,능력은 만능이 아니다(1),0.0615364768109397,14549,1,0,0.24050849267827878
481784,7,업그레이드,0.0190197092455324,17072,1,0,0.2402506363270414
580111,20,"20화 모르는 사이라더니, 5분을 통화했습니다",0.0194174757281553,101,1,0,0.2402362525697683
575378,25,025. 4강,0.0444444444444444,43,1,0,0.23994086878888674
522241,12,야주색 12화,0.0576923076923077,49,1,0,0.2399286558992228
418796,8,7. 잔디깎기와 페인트칠,0.0309326563335115,14505,1,0,0.23964315887031826
522238,22,황상서죄 22화,0.0294117647058823,33,0,0,0.23960646802631158
557097,7,전능의 동자신을 주웠다-7,0.0414752424706482,15022,1,0,0.23953522388951765
550964,6,6화,0.0275514799197609,23754,1,0,0.23952377412708434
535774,9,차용증,0.029917562919692,17769,1,0,0.23948992496851887
375271,9,9화,0.0239352659851764,43063,1,0,0.23916953841487948
86305,7,성가신 녀석,0.0402010050251255,573,1,0,0.23913216298937653
567395,17,타협,0.0,82,1,0,0.23899389230498277
520703,14,#14화,0.0357142857142857,27,1,0,0.2389411034937295
554066,5,5화. 의뢰,0.0337765482777083,21655,1,0,0.2389222714604734
451699,25,절망의 봄 : The Lasher-9,-0.0909090909090908,12,1,0,0.23865514736778126
557490,11,제11화. 채움의 지혜,0.0144356955380577,1502,1,0,0.23861373333717134
547756,4,1조달러에 H₂O 팝니다 (4) 벽은 뚫고 나가면 된다.,0.0895336787564766,4393,1,1,0.23838557302484994
560969,4,낙오병 소탕,0.0748440748440748,19580,1,1,0.238353798263305
556522,5,5화,0.0382111193202807,41657,1,0,0.23834952659688305
514940,15,망국의 후손 (1),0.0,11,0,0,0.23825252017287052
514944,22,금릉춘 22화,0.1153846153846154,23,0,1,0.23824161597477575
581843,11,011 : 한국산 만병통치약,-0.0020865936358893,3842,1,0,0.23818515983929797
557597,21,# EP021. 현장,0.1428571428571429,54,1,1,0.23796756101018307
548106,4,웰컴 투 총독부 (3),0.0542785758900686,15141,1,0,0.23791745566748307
552788,10,10화,0.0772731289210921,20885,1,1,0.23784106308819747
582089,7,적산 가옥(敵産家屋)을 불하(拂下)받다,0.0165289256198346,833,1,0,0.2375938064158828
565391,5,5화,0.0274179111508927,20645,1,0,0.23756565602429155
418603,6,3가지 세상을 이해하는 자 (6),0.0526831754994804,48316,1,0,0.23754387195647275
297843,17,불리온 (17),0.0673220137027107,3131,1,1,0.23744679309999378
577416,3,천재,0.0544373969934575,18933,1,0,0.23701615116622315
124930,23,동료들의 랭크업,0.0368932038834951,496,0,0,0.237002675921651
512399,3,3화-연습경기(1),0.0516546762589927,19773,1,0,0.2369669282388841
523319,21,1̸̷9̸̷화 공작과 특사,0.0,6,1,0,0.23686286175243082
505913,8,8화,0.0147007553747821,33914,1,0,0.23673886090394744
552788,8,8화,0.032905330085463,23424,1,0,0.23667962399286202
330536,9,귀문,0.0383119266055046,26206,1,0,0.23656394876753717
363040,8,7화,0.0518259935553169,7062,1,0,0.2365519682541096
554642,14,왕의 시간 (2),-0.0057142857142857,1584,1,0,0.23641281687400822
319100,9,9화,0.0259232175502742,26641,1,0,0.23606846059858907
518734,4,4화,0.0556110081277627,6623,1,0,0.23583523818357233
557097,6,전능의 동자신을 주웠다-6,0.0250699844479004,15672,1,0,0.23581844993710702
201454,9,괴물의 거리 (3),0.042740224310397,12632,1,0,0.23576499083871474
512544,5,출연하고 싶어요,0.0227928917083485,48061,1,0,0.23569661466479525
560429,8,8화 - 흰 옷의 검수,0.0097223066172449,16297,1,0,0.23557575223508506
123363,7,#1 해질녘의 저주,0.0567238390657787,41357,1,0,0.23548108127475897
557490,12,제12화. 혜안(慧眼)을 뜨다,0.0352862849533954,1449,1,0,0.23547419739767314
337226,6,006 - 토지 자본 노동 (1),0.037566167681712,16909,1,0,0.2352621564495661
569827,7,통신규칙,0.0388942077549067,8031,1,0,0.2350617546666752
542531,5,5화 이민자,0.0240776551776438,25738,1,0,0.23503316586770015
574693,4,# 4화,0.0566760790641387,51447,1,0,0.23451716094567426
364922,11,비밀 서고,0.0419862737182075,9492,1,0,0.23430536075020536
553135,10,피난민이지만 육아합니다 10화,0.009771986970684,304,1,0,0.23420628933799442
529719,5,천재는 주목받기 마련이다 (1),0.0510005558643691,34145,1,0,0.23333000432774972
585064,4,귀신을 부리는 여고생,0.0,1,1,0,0.23306699524969554
585750,16,16화.택화검(擇花劍),0.0303030303030302,32,1,0,0.2320560846119237
534957,4,[4화],0.0946305156831472,8515,1,1,0.23204389474192377
581248,14,14화-경쟁은 언제든 환영이야,0.0277404921700223,2173,1,0,0.23191870357709252
546589,5,004. 로판제국이 아니라 인류제국이었다.,0.0418815439912486,6131,1,0,0.23190936820710698
526298,3,003화,0.0757048652578015,53403,1,1,0.23172940051168042
123363,8,#2 나의 작은 고양이 (Sweet little kitty),0.0004594143675799,41338,1,0,0.2314361535422363
286189,13,13화,0.0310400741255501,4183,1,0,0.23125878961290197
585472,4,4화,0.0243194192377494,2688,1,0,0.23125426087731543
550097,23,한 땅의 전사들,0.1515151515151515,28,1,1,0.23099996290500566
530581,7,극품 법기 획득,0.0273565269104966,22897,1,0,0.23099831613884741
579087,13,013,0.0180045011252812,1309,1,0,0.23087028832484957
476831,6,젊음 - 1,0.0168644597126795,7870,1,0,0.2307832024669482
553948,11,투자의 신 (11),0.0967108492881688,1840,1,1,0.23071433583239448
532266,12,브레이크의 예외,0.0549281314168378,1841,1,0,0.23058172347593225
557962,5,수동 협곡,0.0364467231386536,8645,1,0,0.23056196106685486
557580,5,승리 투수 (2),0.0591958125148703,39542,1,0,0.2305415692527244
551214,9,자금을 조달하는 방법,0.0232558139534884,7350,1,0,0.2302737753789292
584217,18,18화. 레이디 메러디스의 일기 (1),0.0,2,1,0,0.23024036439286294
555465,6,6화 옥허종 입문,0.0414720717354754,5131,1,0,0.2301928301019512
542580,4,"제4화. 공장에 들어가면, 숫자가 보인다",0.0256975989617131,7507,1,0,0.22982725841992108
238398,22,제 21화 용의 여왕,-0.002824858757062,355,1,0,0.22982364188954363
533816,7,회귀한다고 없던 재능이 생기진 않는다(6),0.0218716385801363,5456,1,0,0.22971774010718365
564440,6,남계 위가,0.0542268189327013,13168,1,0,0.22964101984181678
184654,12,두 누나에 대해(8),0.0331602077506991,2420,1,0,0.22919864917280033
565202,4,004화. 이번엔 그렇게 안 돼,0.0310869241091397,12997,1,0,0.22900305347170694
565213,5,생존을 위한 투쟁(2),0.0341325341325341,5801,1,0,0.22896007303314694
539540,7,암시장,0.047244094488189,10285,1,0,0.228507642346822
534819,5,아빠가 변했다(2),0.0119388729703916,6207,1,0,0.22826034844418178
556685,5,[5화] 삼도근왕군을 구원하라.,0.0339063992359121,6069,1,0,0.22819044085777684
549388,10,문제가 생겼다고 들었습니다만,0.0384615384615384,3475,1,0,0.22808038305337483
572636,20,20화. 휴지가 된 심장,0.0,215,1,0,0.22769215895552733
543562,3,003,0.0156432617099703,10949,1,0,0.2276167880552025
584447,20,20화,-0.0071210579857579,990,1,0,0.22757951879153168
554560,6,2장. 훌륭한 대화 수단 (2),0.0442949907235621,4121,1,0,0.22746552704309553
526298,4,004화,0.0201861318652509,52325,1,0,0.22738480218970095
273931,20,3. 존재감 (5),-0.0113944655453066,1864,1,0,0.22723490686230993
558146,7,막걸리 농약 사건 2,0.106834975369458,2901,1,1,0.22723290696780582
571288,19,첫 트로피,-0.0789473684210526,123,1,0,0.22720559207393623
543382,4,4화,0.0359536728831334,42285,1,0,0.22715663907973047
292182,8,#008 송금이 완료되었습니다,0.0362190812720848,37094,1,0,0.22703853527992884
580111,21,"21화 손도 안 댔는데 혼자 넘어진 그 순간, 카메라가 보고 있었습니다",0.0099009900990099,100,1,0,0.2264972036904675
565742,14,14화 새로운 모내기와 방문객들 (1),0.0282880235121234,2645,1,0,0.22616871815922768
522238,11,황상서죄 11화,0.0999999999999999,54,1,1,0.2259184996704112
363040,11,10화,0.0498382828579829,6463,1,0,0.22556978025037852
584447,24,24화,0.1018735362997658,767,1,1,0.22547554776951942
584815,13,13.,-0.006993006993007,144,1,0,0.22544822379843232
566106,3,다시 절정이 되다,0.0692310245262354,28045,1,1,0.22540294647734263
549228,5,005화,0.0217470097861544,5398,1,0,0.22535842740144113
575665,18,9-2 위대한 출발,0.2459016393442623,46,1,1,0.22534944549172314
585652,9,EP008 - 생존을 위한 회의,-0.2272727272727273,27,1,0,0.22530670112930873
537197,8,"2장. 인생, 더 꼬이다. (3)",0.0743895513912549,4890,1,1,0.22519867474321745
583062,13,13화. 깨달음 (1),0.0362811791383219,1700,1,0,0.22517887424717736
359132,15,#015화,0.0,6,0,0,0.2251037630210056
433377,4,제 3 장 마두를 만나다,0.2358223848328621,4595,1,1,0.2250841281284641
563526,6,6화 똑똑히 봐 둬라.,0.0387972223991845,15088,1,0,0.22484989670413053
481784,6,최적화,0.0113055334621066,17403,1,0,0.22484394605832753
561939,6,6. 사람 사는 냄새,0.0354313051278217,6452,1,0,0.22480508814877337
549388,8,천마의 설득법,0.0299112801013942,3827,1,0,0.22458362904371887
576538,21,21화. 아빠는 언제 와,0.5,2,1,1,0.22422967237064587
535250,14,얼어붙은 길,0.0221445221445221,839,1,0,0.2240138161851742
561885,21,남산의 밤,0.0,29,1,0,0.22385400706934622
455299,7,7화,0.0247446975648075,57109,1,0,0.223845699831085
508912,8,만급작정 08화,0.0106382978723403,279,1,0,0.2238196782448047
549589,4,사느냐 죽느냐,0.043752106878626,53897,1,0,0.2236765865980071
565325,25,절제 - 함께 (3),0.1428571428571429,6,1,1,0.2235267103601328
100685,21,[021화] 그녀는 재기 중?! - 1,-0.0650887573964498,180,1,0,0.22346801754308543
488890,7,회사를 세우다.,0.0270986145069275,23875,1,0,0.2233894921895277
579284,5,2화. 한국에서의 마지막 시합 - 2,0.0300418528764985,27347,1,0,0.22326768920589085
476831,5,나 강림 - 4,0.0405130049142994,8005,1,0,0.22323795116382095
557597,22,# EP022. 실측,0.074074074074074,50,1,1,0.22316851167574306
134514,13,프로페셔널 13화,0.0154340836012861,1531,1,0,0.22308883000872656
581869,19,19화. 내가 없어도,0.0471698113207547,101,1,0,0.22292365634747463
523724,18,18화 역병의 시대,0.04739336492891,201,1,0,0.22277285277958034
567140,15,14. 내가 할 수 있는 것과 할 수 없는 것 (1),-0.5,3,1,0,0.22264154024810756
522241,15,야주색 15화,0.0196078431372549,50,1,0,0.2225292741754453
538483,4,4화,0.0674851784888366,44356,1,1,0.22249890929916
557343,5,창고 경매(2),0.0247941795902737,10187,1,0,0.2222046947424586
224777,10,스승 선택(1),0.0173770978761325,6616,1,0,0.22214986895087266
488890,6,두 번째 게임.,-0.0002445585717778,24540,1,0,0.22199344774053237
418796,12,11. 이걸로 해주세요,0.0173121408850085,13169,1,0,0.22185106432574495
381297,11,제11장 부동명왕인,0.0376175548589341,614,1,0,0.22163552041053153
553135,22,피난민이지만 육아합니다 22화,0.0254777070063694,153,0,0,0.22154851015943125
514944,11,금릉춘 11화,0.0192307692307692,51,1,0,0.22144810731316394
575378,23,023. 쿠폰 가족,-0.0196078431372548,52,1,0,0.22141206203666206
556522,6,6화,0.0453465203927311,39768,1,0,0.22078637075988636
577416,10,이번엔 진짜로,0.0096147098041967,14112,1,0,0.22076665488626415
555164,9,009,0.0262048535946223,8547,1,0,0.2206859253458541
376244,7,제7화. 결행(決行) 2.,0.0435931307793923,10860,1,0,0.22060634982567737
567140,19,18. 기록도 사진도 없는 군인 (2),0.0,3,1,0,0.2204450866834126
565213,6,생존을 위한 투쟁(3),0.0399931046371315,5569,1,0,0.2203416986498411
585652,8,EP007 - 한울원자력발전소(4),0.0,22,1,0,0.22016137502301344
552100,11,장공주 11화,0.0999999999999999,18,1,1,0.21996542655080784
522241,14,야주색 14화,0.1206896551724138,51,1,1,0.2199396566425934
512544,3,시운이요?,0.0107300441235459,49325,1,0,0.21989903553592033
544647,4,4화 귀환한 삼촌은 재앙급 마법사,0.0717997768212976,29113,1,1,0.21951125448246836
575843,22,"꺾이는 금검(金劍), 드러나는 위선",0.1034482758620689,26,1,1,0.2193821850701485
567140,23,22. 기록도 사진도 없는 군인 (6),0.25,3,1,1,0.21921414071223058
561885,20,용산,0.0645161290322581,29,1,1,0.21915143117718724
552434,5,005. 변이체,0.0281745563294376,24697,1,0,0.21915088464325844
564860,15,잠행(1),-0.2857142857142858,9,1,0,0.21903451321662398
542470,22,마음을 읽는 섭정왕과 혼인했다 22화,0.0895522388059701,61,0,1,0.21885064659251452
184654,24,다과회(3),0.0549828178694158,550,0,0,0.21884164063063696
481784,9,던전 공략,0.0418463407227451,15776,1,0,0.21880651915789207
559391,4,떠나요~ 인도로~ 모든 걸 훌훌 버리고~,0.0555443548387096,9369,1,0,0.21867460060893731
582089,10,부산에서 새출발을 시작하다,0.0806845965770171,752,1,1,0.2185302737168261
563512,8,마이너리티 리포트,0.0413279132791327,12735,1,0,0.21822795334675205
522238,12,황상서죄 12화,-0.0185185185185186,55,1,0,0.21819395390945132
581843,12,012 : 아프간츠 협동조합,0.019260801665799,3768,1,0,0.2180925812310977
581595,15,소강,-0.0033222591362125,302,1,0,0.21799842951483828
544647,6,6화 귀환한 삼촌은 재앙급 마법사,0.0558053236280596,26462,1,0,0.21782607080670272
573216,8,줄 서. 좋은 말로 할 때,0.052175022324276,7430,1,0,0.21774510619087736
557490,13,제13화. 신기원의 극치,0.0186335403726708,1422,1,0,0.21767148442532466
530581,6,뽑기 30연차,0.0299571452118015,23541,1,0,0.21759605170213697
512399,5,5화-투수가 필요하다,0.0810825498614206,16909,1,1,0.21747215541695103
581595,5,별은 죽지 않는다 (3),-0.0055096418732782,365,1,0,0.21674989864142433
556083,9,다시 나타난 미치광이 사내,0.0295763753014515,42654,1,0,0.21664003720264974
520418,13,최고의 신랑감 -3-,0.0906249999999999,582,1,1,0.21659421772385404
584447,18,18화,0.0429389312977098,1003,1,0,0.2165671339206233
524031,6,6화 - 흙 속에 핀 보물,0.0408088009341773,15607,1,0,0.21656042375055684
201454,12,동서울 피난촌 (3),0.0347974413646055,11317,1,0,0.21648653261421186
580897,16,질책받다,-0.0127167630057802,876,1,0,0.2161638684413649
273931,18,3. 존재감 (3),0.015015015015015,1968,1,0,0.21609597038266162
580897,14,의문을 남기다,0.013029315960912,909,1,0,0.21605819455538203
554560,7,2장. 훌륭한 대화 수단 (3),-0.0041252123271051,4138,1,0,0.21604469744639215
567395,18,효율 vs 이상향,-0.1097560975609757,91,1,0,0.2157879612471167
529052,15,경영보안실,0.0194174757281553,202,1,0,0.21570829893688948
569827,8,특진,0.0128253019549247,7928,1,0,0.21566085238927657
581248,15,15화-변화의 바람,0.0589047399907961,2045,1,0,0.21563770715443184
573666,5,005. 초대석 (2),0.0332017482024531,13715,1,0,0.21554983878971712
557580,7,변화 (1),0.0618129018875751,36184,1,0,0.21534461369043822
575665,20,10. 신분제 폐지를 결정하다.,-0.148936170212766,54,1,0,0.21517809512518804
564440,4,잠원귀식심결,0.018988173455979,14931,1,0,0.21509677958993342
575331,25,에피소드 2. 강가에 남은 마음 25화,-0.5,3,1,0,0.2150394812878602
576538,24,24화. 최근 목적지,1.0,0,1,1,0.21500610470049777
479971,6,6화.,0.0451297112090063,9754,1,0,0.21484321773760343
508912,22,만급작정 22화,0.0,165,0,0,0.2147085441134514
585750,17,17화. 천맹 과 마교,-0.0625,34,1,0,0.21459145118829087
544138,5,5화,0.0693522906793049,5891,1,1,0.21454242170354018
537756,20,간도연석회의,-0.0024096385542169,416,1,0,0.21436463366562775
583078,10,이상이 우선인가 현실이 우선인가,0.0329474621549421,1086,1,0,0.21421545955322077
579087,14,014,0.0091673032849503,1297,1,0,0.2140188402628111
201454,10,동서울 피난촌 (1),0.0410069664344522,12114,1,0,0.21392730564713985
556685,7,[7화] 전라좌수사 이순신!,0.0038694481830416,5921,1,0,0.21383351311795637
541873,8,8화 영약 창고의 폐기물,0.0239679358717435,12176,1,0,0.2135878782323316
573642,10,중생지재가황숙 10화,0.0530303030303029,125,1,0,0.21345056089580025
550013,4,당신 앞에 있는 사람. 대영의 후계자예요,0.0990222744982723,36768,1,1,0.21316988267818837
583125,14,프로 선수로 뛰는 거다.,0.0241187384044526,526,1,0,0.21302924879051263
554642,15,왕의 시간 (3),0.0422979797979797,1517,1,0,0.2129667395036091
540166,7,02. 구조 작전(3),-0.0055815628375945,5585,1,0,0.2123145549830242
319100,8,8화,0.0235281516655361,27350,1,0,0.21225634727570394
514945,11,등당입실 11화,0.0270270270270269,108,1,0,0.21212862044155706
358812,17,17,0.0717391304347826,427,1,1,0.21199764183932007
565707,4,낙하산 감독이 되었다,0.0514451841240414,22513,1,0,0.21197521776119166
542470,11,마음을 읽는 섭정왕과 혼인했다 11화,0.0125786163522012,157,1,0,0.21196915017769427
564829,19,"응급 상황, 일분일초를 다투는 일",0.0,14,1,0,0.21176408597990712
486677,25,025 비밀 엄수(8),0.0,1,0,0,0.21164342311868037
565685,20,다른 사람한테도 빙의할 수 있어?,-0.032,129,1,0,0.21158579731932792
418796,9,8. 샤라웃을 받다,0.0290244743192003,14084,1,0,0.2115609998713831
292182,7,#007 내 행운은 지금부터,0.0665955279623611,38488,1,1,0.21149087691651122
561939,8,8. 삶의 무게 LV2,0.029780309194467,5962,1,0,0.21140333415676998
555850,5,10년의 세월,0.0313380417583265,25099,1,0,0.21093315360319548
576847,25,25화 - 6년 만의 총집결,0.125,21,1,1,0.21066665472297885
520418,14,최고의 신랑감 -4-,0.0274914089347079,566,1,0,0.21037416845336118
559391,5,"저기, 혹시 우리가 만난 적이 있었나요?",0.0223076102038638,9160,1,0,0.21028523032662755
554560,4,"1장. 미친 나라, 미친 시대 (4)",0.0439957492029755,4498,1,0,0.21002630610645195
583078,9,"미군정, 혼돈의 격류",-0.013537906137184,1123,1,0,0.20989979576809226
577416,11,그러시면 안 되는데,0.0243055555555555,13769,1,0,0.2098366068697353
581843,13,013 : 독립군의 후손인데,0.0010615711252653,3764,1,0,0.20958827033777133
568900,3,3화 봉황대기 (2),0.0376221068379829,21871,1,0,0.20950472137622103
90225,9,하늘에서 빛이 내리면 (3),-0.0044073726839546,103919,1,0,0.2093125289890542
550097,25,싸울 수 있을 때까지,0.1481481481481481,23,1,1,0.2092518796863562
563512,5,"제가 이 나이에도 맞는 건, 너무하잖아요?",0.0372462858338564,13803,1,0,0.20905055886025634
565202,6,006화. 안 되지 않을까요?,0.0308295533174444,12606,1,0,0.20883741889064034
581595,19,장영실 (4),0.0461538461538461,248,1,0,0.20882211582426935
580897,4,인정하다,0.0367156208277703,1443,1,0,0.20857268129737375
549388,4,가장 효과적인 경고,0.0736900573967783,5003,1,1,0.20849852816695086
546589,6,005. 로판제국은 금이 많다,0.0319686837383786,5935,1,0,0.20844351314149534
550171,6,6화. 나? 깐부?,0.0389778534923338,14103,1,0,0.2084326440847607
529719,4,핑거 스냅,0.048450227441024,35980,1,0,0.2083049165104051
565742,15,15화 새로운 모내기와 방문객들 (2),0.0079395085066162,2624,1,0,0.20785866930982158
520703,15,#15화,-0.0740740740740741,29,1,0,0.20784326237075382
538193,4,탑 SSS 랭크가 쉬운 거였어?,0.0700008505571149,21868,1,1,0.2076396966220899
558146,11,검은 머리 짐승의 배신 2,0.0709495234733498,2632,1,1,0.20762722359608993
273931,23,4. 당신에게 도달하는 길 (3),0.0300054555373704,1778,1,0,0.20739287943533352
575843,21,"황하(黃河)의 혈로, 가라앉는 사슬",0.1470588235294118,29,1,1,0.20720682411520477
545079,8,8화 셔터 요새 (1),0.0376380437232364,4270,1,0,0.2071253905450504
560969,6,닭고기와 신뢰,0.0211198428290766,17937,1,0,0.20675887406752766
560969,5,의외의 만남,0.06414708886619,18324,1,1,0.20660893011051149
547482,7,"제5화: 후계구도, 균열",-0.0128184456626894,12563,1,0,0.20648475235242397
238398,23,제 22화 용과 신도 모르는....,0.0140845070422535,350,1,0,0.20647553570313665
574368,6,6화,0.072420818670124,20032,1,1,0.2063627436609357
548687,6,6화. 세상이 나를 억까한다(3),0.0332904175096561,26280,1,0,0.20620131012680373
535250,15,내세우기 부끄러운 아들,0.0047675804529201,835,1,0,0.2060559801698078
451197,12,0012,0.0545330606680299,2774,1,0,0.20599283081002462
558578,20,"제19장: 사기극의 서막, 19세기판 국가급 ‘보이스피싱’",-0.072289156626506,89,1,0,0.20595299084498392
584254,6,006,0.0524926686217008,3231,1,0,0.20594403184012228
539540,4,손 안 대고 탑 먹기,0.1035816618911175,12514,1,1,0.20566171096172084
557597,23,# EP023. 재인증,0.0799999999999999,46,1,1,0.2055218143141737
583078,11,"선거, 포섭",0.0248618784530386,1059,1,0,0.20549048864540312
538193,7,국대 헌터들이 유준을 언급하는 이유,0.0504514615109932,18614,1,0,0.20539539414422278
552100,12,장공주 12화,-0.0555555555555555,19,1,0,0.20530244716245605
549228,8,008화,0.0342261904761904,4543,1,0,0.2051136581764417
563512,3,"맞짱을 뜰 때, 나는 항상 최선을 다한다.",0.0707948129304461,14976,1,1,0.20506163750458958
581248,16,16화-상상이 현실이 됐다,0.0053789731051344,2034,1,0,0.2043242003639622
557225,6,스프링캠프 (1),0.0306035869978641,33133,1,0,0.20422273608507804
551214,7,시추는 시작에 불과할 뿐,0.0216768406627632,7853,1,0,0.20421881366009817
558281,7,7화 - 저게 말이 되냐고요,0.0377646802008294,13224,1,0,0.20401706134461176
575331,23,에피소드 2. 강가에 남은 마음 23화,0.0,3,1,0,0.20391831931542254
479971,9,9화.,0.0772316950852557,8280,1,1,0.2038444492868618
534957,8,[8화],0.0354704412989175,5792,1,0,0.20363104037821134
575843,23,"위선의 옥좌, 들이치는 백색의 신뢰(神雷)",0.2307692307692307,20,1,1,0.20317456647886337
333183,16,016,0.0,4,0,0,0.203161380510854
583062,14,14화. 깨달음 (2),0.0,1700,1,0,0.20272280897574393
565708,4,4화: 오함마와 딸기모찌,0.0470795766366131,24309,1,0,0.2027191861213825
571118,5,주사위 굴려서 역대급 홈런왕(5),0.0369899118422248,21192,1,0,0.20254327900312757
372155,4,4. 경복궁은 불타오르는가?(3),0.0569873781271257,24954,1,0,0.20249129362220275
529719,3,유명세,0.0022955750811367,37812,1,0,0.20218055619142775
123363,12,#3 미남은 괴로워,0.0445547224769404,35426,1,0,0.20198880619593856
524031,4,4화 - 당첨금 수령,0.0015330188679245,16934,1,0,0.20194697599082465
554642,16,살생부 (1),-0.0230718523401449,1552,1,0,0.20192202429405356
565685,19,납치라도 해야 할까?,0.1071428571428571,125,1,1,0.20169440286240958
508912,11,만급작정 11화,0.0036231884057971,275,1,0,0.2011651855662466
543562,8,008,0.0498608534322819,8194,1,0,0.2009999933926525
549388,13,대한민국 기록 경신,0.0387019946412622,3229,1,0,0.20093193851930477
545079,9,9화 셔터 요새 (2),0.0177985948477751,4194,1,0,0.2007064765703364
572636,21,21화. 빼앗긴 심장,0.1023255813953488,193,1,1,0.2005511660744685
571288,20,진실,0.024390243902439,120,1,0,0.20049851245885983
580897,15,읽히다,0.0484048404840483,865,1,0,0.20035808912574155
86305,22,그녀들의 계획(7),0.0,22,0,0,0.19985283923883293
553135,11,피난민이지만 육아합니다 11화,0.0131578947368421,300,1,0,0.19984330512448542
550179,4,#004. 유망주들을 쓸어모음 (4),0.0216987392169873,14743,1,0,0.19965952484101449
529960,6,006:세계수 감자 맛이 미쳤다.,0.0827174412292789,21968,1,1,0.1995221360814475
297843,21,불리온 (21),0.0545587696814353,2582,1,0,0.19931205448925168
524031,5,5화 - 1톤짜리 플렉스,0.0391520018896893,16271,1,0,0.19927189659424996
555164,5,005,0.0406399046104928,9655,1,0,0.19913822931299574
559391,7,클리셰는 클래식으로.,0.0437201907790143,8421,1,0,0.19896206091538882
555164,8,008,0.0081365126002938,8777,1,0,0.1988363760479307
573666,10,010. 첫 방송 (3) - The Deep Ground,0.0411736488647265,11993,1,0,0.19867083883246303
543382,3,3화,0.0509142053445851,43862,1,0,0.19854597405161417
540166,9,03. 오아후 해전(2),0.0213075942451284,5374,1,0,0.1983829048856169
548891,8,8화 마탑과 소녀 (2),0.0330672748004561,15264,1,0,0.1981459863122954
443313,12,12화. 분위기,0.0171840667079835,17444,1,0,0.19806046737560057
124930,24,왕의 초대,0.0201612903225806,486,0,0,0.19798048385683173
581869,20,20화. 뛰면 지는 공,0.0198019801980198,99,1,0,0.19795857566717823
561885,22,잭슨 대위,0.0689655172413793,27,1,1,0.19766008249440337
573666,4,004. 초대석 (1),0.037388885119088,14186,1,0,0.19742415017122178
297843,23,불리온 (23),0.007533703409992,2503,1,0,0.19729563085225832
548891,9,9화 출판을 향해 (1),0.0203092243186582,14954,1,0,0.19715485745194866
565685,17,함께라면 뭐든지 할 수 있어,0.2914572864321608,141,1,1,0.19709660891297917
297843,6,불리온 (6),0.0780644073512055,5468,1,1,0.19707313935071194
537756,21,만주사변,0.0048076923076922,414,1,0,0.19699715680140176
319100,7,7화,0.0397353263850795,28009,1,0,0.19693368646406878
580111,22,"22화 밀린 월세는 못 받는다더니, 계약서에 한 줄을 넣었습니다",0.0799999999999999,92,1,1,0.1968655815757993
564829,20,"구세주 등장, 고분고분 기다려라",0.0714285714285714,13,1,1,0.19681096651513827
581595,16,장영실 (1),-0.0033112582781456,303,1,0,0.19672603630053367
584815,14,14.,0.0138888888888888,142,1,0,0.19658273027878567
571288,22,승격(2),0.05,95,1,0,0.19658177905452953
476831,7,젊음 - 2,0.0613722998729352,7387,1,0,0.19646173064321065
557343,6,전당포,0.019534701089624,9988,1,0,0.1964505498769932
443313,10,10화. 가능성,0.0907963899633045,18335,1,1,0.1964216648480474
541873,4,4화 나는 첫 장만 보려 했다,0.0674360866939542,13898,1,1,0.19640280902834806
563286,4,4화,0.0442335211114532,52765,1,0,0.1963567391386582
549388,11,화톳불과 불나방,0.0443165467625898,3321,1,0,0.1962573406452638
563339,3,곡물선 납품 입찰(1),0.0777222877506462,36750,1,1,0.19624524740280497
542531,4,4.파이어맨캐리,0.053068112455567,26373,1,0,0.1960254608044843
579087,15,015,0.0015420200462605,1295,1,0,0.19554236725317117
246282,14,흑막은 환영이지!,0.013898259344218,7308,1,0,0.19547398937660088
571118,4,주사위 굴려서 역대급 홈런왕(4),0.0709279743308283,22006,1,1,0.19532746804031062
525008,4,4화,0.0490732236787175,45557,1,0,0.1952318793474199
477026,5,반 쯤 준비되었던 기획,0.0390882460637129,10497,1,0,0.19521498382530575
558578,22,"제21장: 가짜 깃발과 진짜 공범, 심야의 경복궁 밀담",0.0958904109589041,66,1,1,0.19494590238819035
583078,12,국무회의(내용이 약간 수정되었습니다!),0.0028328611898017,1056,1,0,0.19486705593117543
540166,5,02. 구조 작전(1),0.0174251395702926,5808,1,0,0.19480928010203333
433377,8,제 7 장 뱀을 먹는 뱀,0.0417227456258412,3560,1,0,0.1947056288859004
128808,11,10장. 요정과 함께 수업을 -2,0.033273381294964,1075,1,0,0.19424712417133946
573642,11,중생지재가황숙 11화,0.048,119,1,0,0.19395283508127584
100685,22,[022화] 그녀는 재기 중?! - 2,0.0999999999999999,162,1,1,0.19386038488019364
565742,16,"16화 몽인, 꿈을 품은 사람",0.0144817073170732,2586,1,0,0.1937942079031592
571118,6,주사위 굴려서 역대급 홈런왕(6),0.0185919214798037,20798,1,0,0.19375390900177186
90225,8,하늘에서 빛이 내리면 (2),0.0460195105759123,103463,1,0,0.19365189699133742
573643,11,금옥만당 11화,0.0317460317460317,122,1,0,0.19359509018744717
557490,14,제14화. 군림하는 지혜,0.0140646976090014,1402,1,0,0.19347753895690745
441725,7,제7화. 민들레 홀씨.,0.0071302614429196,12950,1,0,0.19345868407479494
577162,7,7. 미국 왕따가 싸움을 잘함,0.0477995301487862,30399,1,0,0.19342261021620213
170423,3,이름 없는 조연의 튜토리얼 (2),0.1723596586736889,98058,1,1,0.1932479168111031
571288,21,승격(1),0.1666666666666666,100,1,1,0.19322683318678607
522241,13,야주색 13화,-0.183673469387755,58,1,0,0.19321262356941946
522241,23,야주색 23화,0.0,22,0,0,0.19310217842937816
553892,9,9화,0.0320855614973262,4887,1,0,0.19303199223344836
532266,7,기준이 바뀌었다.,0.0356570512820513,2407,1,0,0.1929910045671451
476539,4,가획(加劃),0.0559108143285609,16683,1,0,0.19297142056579766
536163,4,4화,0.0136172994171795,36218,1,0,0.19270850410672466
572636,22,22화. 빈틈 발견,-0.0103626943005181,195,1,0,0.19264548983242843
451197,9,0009,0.0135537190082644,2984,1,0,0.19242163047213737
54528,8,입단 테스트 - 2,0.0100709074093104,9633,1,0,0.19242040541705338
550171,10,10화. 반장엄마 한번 해보고 싶어서.,0.0249401870514028,13449,1,0,0.1923256011917799
375271,10,10화,0.0395467106332582,41360,1,0,0.19223079847566715
583062,15,15화. 왕중왕전 (1),0.0523529411764706,1611,1,0,0.1921477011499806
529960,5,005:묻고 더블로 가!,0.0410426843917673,23949,1,0,0.19182504154837793
554560,5,2장. 훌륭한 대화 수단 (1),0.041351711871943,4312,1,0,0.19167426513665786
565708,5,5화: 독사과,0.0142334114936855,23963,1,0,0.19164614390739088
330536,7,용병 영입,0.0628174737555028,27675,1,1,0.19153538660885294
567140,16,15. 내가 할 수 있는 것과 할 수 없는 것 (2),0.3333333333333333,2,1,1,0.1914451558750308
564829,21,"긴장, 그 결과는?",-0.1538461538461537,15,1,0,0.19106133942861556
537219,7,[무협] 무림청룡대회(3),0.0279231233648621,19321,1,0,0.19104909298057568
565122,4,4화,0.0405410878457738,23690,1,0,0.19094335282881622
567395,19,첫경기,0.1318681318681318,79,1,1,0.1908076362206858
552788,11,11화,0.0418003351687814,20012,1,0,0.19064609763402804
518734,5,5화,0.0253661482711762,6455,1,0,0.19060386596826287
580111,23,"23화 월세는 못 낸다면서, 3만 명 앞에서 게임기를 자랑했습니다",0.1195652173913043,81,1,1,0.19057715603126432
100685,23,[023화] 그녀는 재기 중?! - 3,0.037037037037037,156,1,0,0.1902946720319947
533114,7,전신귀환 7화,0.0389386629910406,5578,1,0,0.18998477858310106
576538,23,23화. 잘못 들어간 문,0.5,1,1,1,0.18976582573788597
363040,7,6화,0.0359823971006989,7448,1,0,0.18949455297738918
359132,16,#016화,0.0,6,0,0,0.18947351382698124
561939,7,7. 침묵의 살인자,0.0475821450712957,6145,1,0,0.18928606800883918
363040,10,9화,0.0241032998565279,6802,1,0,0.18919563171064085
552434,6,006. 복합물질,0.0987974247884359,22257,1,1,0.1889723393865392
536098,7,7화 인류가 재건될 씨앗이라···.,0.0250237567310738,12312,1,0,0.18889055991008288
575665,22,11-2. 모여드는 개혁 세력,0.1956521739130434,37,1,1,0.1885837194520809
514940,16,망국의 후손 (2),0.0,11,0,0,0.18844952801684695
565685,21,사주(四柱)는 알아서 뭐 하게?,0.1085271317829457,115,1,1,0.18834653488626726
238398,24,제 23화 괴물들의 왕과 이계의 검사.,-0.0685714285714285,374,1,0,0.18828304866614867
530197,7,7화 - 고릴라 군단,0.0358266340440405,5517,1,0,0.18800419074146787
548891,6,6화 공작 (3),-0.0058432771558616,16353,1,0,0.1879090170296265
552965,7,007,0.0142763013397759,17952,1,0,0.18787904773916878
557597,24,# EP024. 비정상 패턴,0.0652173913043477,43,1,1,0.18770401612445659
563715,5,5화,0.0590920460230115,15047,1,0,0.18763515449903748
238800,7,6화 (수정본),0.0397432732658602,11670,1,0,0.18760110476570616
573216,7,너 하는 거 봐서,0.0791730294843181,7839,1,1,0.18747144299271398
241417,10,제물의 장(10),-0.1907102482182354,14535,1,0,0.1873831265869893
536163,6,6화,0.0464348334307422,32631,1,0,0.18735871304503876
537197,9,"2장. 인생, 더 꼬이다. (4)",0.061963190184049,4587,1,0,0.18733702707032937
556083,4,진촤 대박!,0.006448884660112,46990,1,0,0.18707111540977686
567395,20,기초,0.0,79,1,0,0.1870626517580203
443334,8,작계를 원점에서 재검토한다,0.0284158810250962,7317,1,0,0.1869918807754608
292182,9,#009 쥐약 치킨과 먼치킨,0.0477166118509732,35324,1,0,0.18698892330959094
381297,12,제12장 후천경 6중 돌파,0.0325732899022801,594,1,0,0.18683299093973932
553138,11,죽서요 11화,-0.0588235294117647,18,1,0,0.1868118193232921
561885,23,합격,-0.0370370370370369,28,1,0,0.1866319009429031
557597,15,# EP015. 코드,0.0117647058823529,84,1,0,0.1865477868727945
546644,5,곁눈질만으로도 습득할 수 있으니,0.0266884531590414,3574,1,0,0.18641872002587906
505913,11,11화,0.0534310501425037,30223,1,0,0.1860570385770202
527164,5,5-그 남자의 사정,0.0830642794247138,49984,1,1,0.1860168357784944
273931,22,4. 당신에게 도달하는 길 (2),0.0155746509129968,1833,1,0,0.18577505319448254
534819,7,아빠는 우렁각시(2),0.0107349298100742,5990,1,0,0.18541048828752324
534957,5,[5화],0.1201409277745155,7492,1,1,0.18540253609165022
573642,22,중생지재가황숙 22화,0.0235294117647059,83,0,0,0.18519048284945627
555164,10,010,0.021996021996022,8359,1,0,0.18511166227727938
539540,10,만월길드,0.0318556701030927,9391,1,0,0.18510683032238168
563715,6,6화,0.0263175383797434,14651,1,0,0.1850830545905186
567140,17,16. 대학에서 군으로,-1.0,6,1,0,0.18496594724603804
418603,5,3가지 세상을 이해하는 자 (5),0.0216753304049258,51003,1,0,0.1848351143904633
513757,10,[9화] 판타지 세계관답게,0.0505696703832327,31166,1,0,0.18474155385723395
90225,10,하늘에서 빛이 내리면 (4),0.0529354593481461,98418,1,0,0.18448265771416072
535250,16,어둑한 눈밭,0.0263473053892215,813,1,0,0.18443422904342407
577162,8,8. 미국 왕따가 싸움을 잘함,0.0031251027994342,30304,1,0,0.18422559371278557
514945,12,등당입실 12화,-0.0185185185185186,110,1,0,0.184193175361364
201454,13,달에서 온 색채 (1),0.0280993196076698,10999,1,0,0.18399883568487788
563321,8,제 8화. 천재의 칼질,0.0472799536308685,11506,1,0,0.18399791120531034
550171,7,7화. 이 새끼. 진짜 난 놈이었네?,0.022052045664043,13792,1,0,0.1838802037872497
162830,12,12장. 폐교회의 사연 (12),0.0084130019120458,10372,1,0,0.18350264405480432
584447,23,23화,0.0251141552511415,854,1,0,0.1831278424733607
549228,6,006화,0.1011485735457576,4852,1,1,0.1830960599637952
577416,12,실력파였다고?,0.0116203064855835,13609,1,0,0.1830628698026686
529052,16,영등포공장 게이트(1),0.0396039603960396,194,1,0,0.1829973175825967
224777,8,동아리실 구석 아싸(1),0.0604402595750095,7384,1,0,0.18264638835780517
375271,7,7화,0.0118609058580524,46404,1,0,0.18264585102833114
575665,23,12-1 쿠데타의 서막,-0.1081081081081081,41,1,0,0.18257585489149447
534819,6,아빠는 우렁각시,0.024488480747543,6055,1,0,0.18248750158893715
418796,10,9. 청혼하다,0.0029821073558647,14042,1,0,0.1823806963196386
565742,18,18화 미래산업의 사람들,0.0257527733755943,2459,1,0,0.1821737570389803
559391,6,"너, 나 기억 안 나?",0.038646288209607,8806,1,0,0.1820612838505027
523724,19,19화 어둠의 성자 리안,-0.0049751243781095,202,1,0,0.18182853807638913
184654,25,다과회(4),0.0709090909090909,511,0,1,0.1818233685412098
558578,21,"제20장: 가짜 깃발과 진짜 불꽃, ‘아수라장’의 설계자들",0.1797752808988764,73,1,1,0.181734961389267
512399,6,6화-첫 대회 (1),0.1094091903719912,15059,1,1,0.1817329045170715
451197,13,0013,0.0198269646719538,2719,1,0,0.181684479660219
558146,5,법원 항소이유서에 감탄하다,0.0659402067616652,3343,1,1,0.18154922865450843
372155,6,6. 경복궁은 불타오르는가?(5),0.0304039807708527,22993,1,0,0.18153828205144606
516965,7,이능,0.1082441787287602,8502,1,1,0.18126972326064064
543562,5,005,0.0930816347022793,9032,1,1,0.18125501428219554
585750,18,18화. 텅 빈 세가,0.0294117647058823,33,1,0,0.1809840471468057
525008,5,5화,0.0443620080338915,43536,1,0,0.18095642251833843
543879,7,7화. 전투 복기,0.0094604846267124,22197,1,0,0.18090459401349296
577416,13,첫 광고,0.007348078477478,13509,1,0,0.18080798414815
480433,3,1년 차 첫날 (2),0.0525267834588923,63764,1,0,0.18080328209581098
574802,25,020화. 안식에 들지 못한 해골들,0.0357142857142857,54,1,0,0.18055255286008165
565685,22,연하도 연하 나름이지,-0.0956521739130433,126,1,0,0.18025710809599782
358812,18,18,0.0585480093676814,402,1,0,0.18019396680384125
550013,6,권재준입니다,0.086333918035401,28648,1,1,0.17975729478487737
493070,8,전 여친 나락의 전조,0.0237191409136072,38320,1,0,0.17972803953232255
580111,24,"24화 종이 한 장 보냈더니, 세입자 셋이 하루 만에 조용해졌습니다",0.0246913580246913,79,1,0,0.17941468319658424
297843,20,불리온 (20),0.0274216524216523,2731,1,0,0.17931077850307744
569827,10,지금은 전화가 어려워,0.0258811288854207,7490,1,0,0.1792414401994099
580897,3,괴리를 느끼다,0.0177049180327868,1498,1,0,0.17874124831856084
545079,7,7화 코로마 (2),0.0731146856068518,4437,1,1,0.178057047885956
372155,5,5. 경복궁은 불타오르는가?(4),0.049691432235313,23714,1,0,0.17784068016200036
531329,5,5화,0.0291712760328988,40369,1,0,0.17764630616617053
297843,19,불리온 (19),0.0067209055535903,2808,1,0,0.1773403275772555
376244,11,제11화. 근무(勤務),0.0263003601641678,11625,1,0,0.17704373689505246
292182,10,#010 너지?,0.0229872041671385,34512,1,0,0.17702978926870205
537756,22,마지막 조선,-0.0096618357487923,418,1,0,0.17697382022744354
553892,5,5화,0.0337965345685365,5632,1,0,0.17695935556696207
575665,21,11-1. 모여드는 개혁 세력,0.1481481481481481,46,1,1,0.17685339676051945
539992,7,미궁과 축복(4),0.0257491170103679,17102,1,0,0.17681446681982302
557580,4,승리 투수 (1),0.0267003218859273,42030,1,0,0.17660837938181348
581869,21,21화. 안 잡아야 막는다,0.1313131313131312,86,1,1,0.1765259234630655
563339,5,곡물선 납품 입찰(3),0.0678615647662284,31620,1,1,0.17644901874373137
581843,14,014 : 차르 시대의 유산,-0.005047821466525,3783,1,0,0.17644663575017
375271,14,14화,-0.0045732909296396,38221,1,0,0.17626439869775662
493070,7,(전)처제가 집으로 처들어왔다,0.0217331705007103,39251,1,0,0.1762573486202542
576847,20,"20화 - 가짜 왕, 진짜 괴물",0.0689655172413793,27,1,1,0.17622477962318397
543879,8,8화. 둥지,0.0223003108528179,21702,1,0,0.17590598742157287
579087,16,016,-0.0069498069498068,1304,1,0,0.17582199711517638
581248,19,19화-코리아컵 16강(1),0.0614589316484779,1634,1,0,0.17563032628921302
557490,15,제15화. 깨달음과 통과,0.0378031383737518,1349,1,0,0.17535831968323343
564241,6,006 : 콘실리에레,0.0099736650417436,17669,1,0,0.1753443940958656
554642,17,살생부 (2),0.0103092783505154,1536,1,0,0.17523180150446666
567140,21,20. 기록도 사진도 없는 군인 (4),0.5,3,1,1,0.17499213590456544
552100,23,장공주 23화,0.1111111111111111,8,0,1,0.17497203976333722
584447,22,22화,0.0394736842105263,876,1,0,0.1749582418346953
535335,4,실전 (1),0.0576383892017964,37980,1,0,0.17491877903058933
518734,9,9화,0.01880081300813,5793,1,0,0.1747138607023822
533816,8,회귀한다고 없던 재능이 생기진 않는다(7),0.0274926686217008,5306,1,0,0.17466170064402772
551214,11,운송 카르텔,0.011124845488257,7200,1,0,0.1746611581324777
567140,22,21. 기록도 사진도 없는 군인 (5),-0.3333333333333332,4,1,0,0.17455813648559756
514944,12,금릉춘 12화,0.0,51,1,0,0.17441281937616396
441725,13,제13화. 사람 같지 않은 것.,0.0224350205198358,10719,1,0,0.17440785820877508
364922,10,진다연,-0.0104017948194983,9908,1,0,0.17429728705052194
542470,12,마음을 읽는 섭정왕과 혼인했다 12화,0.0382165605095541,151,1,0,0.17380366460100563
581248,17,17화-여전히 배가 고파요,0.0732546705998034,1885,1,1,0.17373662434254347
441725,9,제9화. 저승사자(2),0.0382842409563247,12309,1,0,0.1737298400450156
553948,8,투자의 신 (8),0.0573376102646351,2351,1,0,0.1735051574403465
581248,18,18화-잃을 거 없는 놈들,0.0763925729442971,1741,1,1,0.1730887704157433
539992,8,축복과 일자리,-0.0092386855338557,17260,1,0,0.17307680571540138
532266,10,한번의 실수,0.0609090909090909,2066,1,0,0.1730407296477098
545835,5,홍콩 출장 (1),0.0160218033366402,86288,1,0,0.1729403789054644
550171,9,9화. 나 예쁜데?,0.0036839063854376,13793,1,0,0.1727105139390493
297843,22,불리온 (22),0.0232378001549187,2522,1,0,0.1723385695975654
544647,7,7화 귀환한 삼촌은 재앙급 마법사,0.011979442219031,26145,1,0,0.17209722927132037
234339,9,자기소개 (1),-0.0093768473408484,49517,1,0,0.17209620640669576
433377,6,제 5 장 이상한 계곡과 신기한 뱀,0.096805188565938,3760,1,1,0.17182617535777006
419940,7,"쉽게, 쉽게(2)",0.0263197505644554,45281,1,0,0.17173466102398516
573216,6,든든한 뒷배,0.014128546612623,8513,1,0,0.1713067424346589
541873,7,7화 광독문마(狂讀文魔) 주백봉,0.0272904483430799,12475,1,0,0.1706113469199432
535250,17,보물,0.0024600246002459,811,1,0,0.17060249144959422
580897,17,순유가 찾아오다,0.0171232876712328,861,1,0,0.1704516099159819
538483,5,5화,-0.0095590224546848,44780,1,0,0.17037393570678983
508912,12,만급작정 12화,-0.018181818181818,280,1,0,0.1703685985974706
333183,17,017,0.0,4,0,0,0.17023539042347074
573643,22,금옥만당 22화,0.05,95,0,0,0.16990153528913565
565742,17,17화 상복을 벗지 못한 사장,0.0239752513534415,2524,1,0,0.16988103996783366
583078,13,"의심, 무기구매",0.0293560606060605,1025,1,0,0.16983770712845947
534957,9,[9화],0.018128453038674,5687,1,0,0.169760088057146
481784,11,로봇,0.0083811488620978,15381,1,0,0.16975400874302854
376559,18,018. 순애를 위한 마도서,-0.1290322580645162,35,1,0,0.1695027125175226
553948,10,투자의 신 (10),0.0715587967183226,2037,1,1,0.16944140398565163
574368,8,8화,0.0408247422680412,18608,1,0,0.1693733214164744
546589,7,006. 로판제국의 서부대공(동부임)은 갈려나간다.,0.0072451558550968,5892,1,0,0.16927607045108706
517290,7,동일 모델,0.0146648044692737,1411,1,0,0.16920649121362213
375271,8,8화,0.0492414447030428,44119,1,0,0.16896879957915362
536098,8,8화 강철 쉘터의 심장,0.0132391163092917,12149,1,0,0.16895413779846538
517290,6,탄생 설화,0.0516556291390728,1432,1,0,0.16865643302516797
550179,5,#005. 출정식,0.0202129824323408,14445,1,0,0.1682899010047125
86305,24,그녀들의 계획(9),0.0454545454545454,21,0,0,0.1680656720249977
514945,23,등당입실 23화,0.0434782608695651,44,0,0,0.16791255593592977
559657,8,8화.,0.0414065067367729,5834,1,0,0.16762879329497707
563286,3,3화,0.0542860079484719,55207,1,0,0.16748722395425328
493070,9,터지기 시작한 금전운,0.026670146137787,37298,1,0,0.16730520297980273
100685,24,[024화] 그녀는 재기 중?! - 4,0.1282051282051282,136,1,1,0.167119692519795
522238,13,황상서죄 13화,-0.0909090909090908,60,1,0,0.16684209359639238
241417,13,결의의 장(3),0.0434283696707564,10837,1,0,0.16665434498181544
526298,5,005화,0.0513139034878165,49640,1,0,0.16659543200723936
572636,23,23화. 우회 특허,-0.0717948717948717,209,1,0,0.1665492826273562
558578,23,제22장: 늑대들의 집결과 여우의 보따리,0.0303030303030302,64,1,0,0.16644634167417577
564440,5,어그러진 일상,0.0675105485232067,13923,1,1,0.16641884208549598
552965,6,006,0.0359940715646834,18212,1,0,0.16625716746545602
571288,23,승격(3),-0.0736842105263158,102,1,0,0.16606058239405824
573642,12,중생지재가황숙 12화,-0.0168067226890755,121,1,0,0.1659744265629062
573643,12,금옥만당 12화,0.0327868852459016,118,1,0,0.1654356312103975
553135,12,피난민이지만 육아합니다 12화,-0.0266666666666666,308,1,0,0.16528717908617696
330536,8,Lv.99 삼재검법의 위력,0.015356820234869,27250,1,0,0.16517755579281132
443313,13,13화. 목적,0.0315294657188718,16894,1,0,0.16503111409165366
584471,14,내 말좀 들어줘,0.0,6,1,0,0.16487947463147704
86305,23,그녀들의 계획(8),0.0,22,0,0,0.16478669039835037
552788,9,9화,0.0337260928961749,22634,1,0,0.16476694813496362
581843,15,015 : 시베리아의 검은 보석,0.0047581284694686,3765,1,0,0.1645296344777442
555465,9,9화 이광과의 협력,0.0372431506849315,4498,1,0,0.16422203470180066
530197,5,5화 - 길들이기,0.0236127508854782,5789,1,0,0.16401998577468976
567140,18,17. 기록도 사진도 없는 군인 (1),0.5,3,1,1,0.16375658797680545
577416,14,오기준,0.0563328151602635,12748,1,0,0.16368461170999013
581869,22,22화. 십오 분,0.0930232558139535,78,1,1,0.16367940170075299
134514,10,프로페셔널 10화,0.0232835820895522,1636,1,0,0.1635690558445004
554471,11,011. 박힌 돌 빼기 (5),-0.0038540596094553,7814,1,0,0.16347726965516568
552965,5,005,0.0434430379746835,18892,1,0,0.16343663306268338
563512,7,중앙일보가 날 너무 좋아함.,0.0118277170274492,13284,1,0,0.16321240806264067
552788,13,13화,0.0302531385058654,18848,1,0,0.16318850173894636
576847,22,22화 - 내 산에서,-0.1923076923076923,31,1,0,0.1631143893176794
554642,18,살생부 (3),-0.0325520833333332,1586,1,0,0.16295664503446416
238398,25,제 24화 이세계의 중원인,0.1176470588235294,330,1,1,0.16284644372762513
537219,4,[무협] 변화의 바람,0.0644244433917574,21725,1,1,0.16280565081045895
579284,7,"3화. 됐고, 아르헨티나로 가! - 2",0.0203104598868417,27012,1,0,0.16273957576710746
583078,5,"태평양전쟁, 북아프리카 전선",0.0634920634920634,1180,1,1,0.16204285035838073
573683,7,7화 로런스,0.0727161625420104,3035,1,1,0.1619894883465188
525227,8,8. 15분의 추억을 만들었다.,0.042360803970711,38974,1,0,0.16151264102102247
567140,20,19. 기록도 사진도 없는 군인 (3),-1.0,6,1,0,0.16132275853257091
517290,12,한상 차림,0.0277777777777777,1085,1,0,0.16123757644564762
520703,16,#16화,0.0344827586206896,28,1,0,0.16097068243885904
577162,9,9. 미국 왕따가 싸움을 잘함,0.0104936642027455,29986,1,0,0.16066927189896998
124930,25,왕가의 핏줄,0.0,486,0,0,0.16043916342419473
545935,9,9화. 묻힌 것은 시체 뿐이 아니다,0.0379942140790742,4988,1,0,0.16039260021041035
561885,25,졸업,-0.0833333333333332,26,1,0,0.16029326092378032
580897,19,손님이 되다,0.0060532687651331,821,1,0,0.16012470450727204
536163,7,7화,0.0138518586620085,32179,1,0,0.16010848149469684
563512,6,우주를 줄께 feat. AI,0.0260812866768094,13443,1,0,0.15987314391987983
561885,24,클럽 드레곤,0.1428571428571429,24,1,1,0.1597971421509712
246282,18,너 가만히 있다가 메테오 맞는다?,0.0045038500653784,6852,1,0,0.1594798851334474
224777,12,불청객(1),0.0214013950538998,6173,1,0,0.1593509062235794
585064,5,빈 껍데기 속 그 녀석,0.0,1,1,0,0.15924607311691397
558146,10,검은 머리 짐승의 배신,-0.0049663001064206,2833,1,0,0.1591286094107329
557962,8,진격 중지,0.0130192188468691,7960,1,0,0.15864822088011382
543562,7,007,0.0082796688132474,8624,1,0,0.15861370690013663
100685,25,[025화] 그녀는 재기 중?! - 5,-0.0220588235294116,139,1,0,0.15853178800528248
536098,9,9화 지상과는 완전히 다른 세계가 되겠군요.,0.0105358465717343,12021,1,0,0.1585172963018368
569827,5,무선통신의 맛,0.0233216347786708,8627,1,0,0.15846523802083062
359132,17,#017화,0.0,6,0,0,0.1583293240945055
297843,16,불리온 (16),0.0026737967914438,3357,1,0,0.15831177766414467
548106,6,독살 미인 사건,0.0599782687432089,12977,1,0,0.15830139073403912
541245,6,-6- 오늘도 평화로운 스페인,0.0264718521701762,22654,1,0,0.15804751692531097
522532,4,4,0.0349876610913079,17597,1,0,0.15771863823780052
529052,17,영등포공장 게이트(2),0.0412371134020618,186,1,0,0.15756265507148318
493717,4,4. 알빠 쓰레빠냐?,0.0154480591739215,60164,1,0,0.15755482795577783
565391,8,8화,0.0632498965659908,18113,1,1,0.15754524558606786
337226,7,007 - 토지 자본 노동 (2),0.0568336388905317,15948,1,0,0.15754467548773146
557597,16,# EP016. 진동하는 측정실,0.0238095238095238,82,1,0,0.157480311321443
552100,13,장공주 13화,0.0526315789473684,18,1,0,0.15747779147579166
514940,17,망국의 후손 (3),0.0,11,0,0,0.15743660055118047
516965,10,대사원,0.0791871921182265,7477,1,1,0.15732823583203243
451197,14,0014,0.0158146377344612,2676,1,0,0.15732678685891688
381297,13,제13장 흑혈사 사냥,0.0016835016835017,593,1,0,0.1572106992456546
376244,8,제8화. 고문(拷問).,-0.0058011049723756,10923,1,0,0.15710442925964138
537756,23,제2차 봉오동 전투,0.0119617224880382,413,1,0,0.15691826702373987
522238,23,황상서죄 23화,0.0303030303030302,32,0,0,0.15687430518666912
577416,15,summer wine,0.0390649513649199,12250,1,0,0.15638746921325233
54528,10,새 학기의 시작 - 2,0.0337578958268613,9331,1,0,0.15629367551862333
585750,20,20화. 청하촌,0.0344827586206896,28,1,0,0.15621549429006967
443334,4,1941년 11월 (1),0.0323385671207236,9306,1,0,0.1561600863139959
552788,12,12화,0.0287827303617829,19436,1,0,0.15601463601650048
531329,7,7화,0.0662661911019335,34818,1,1,0.15582427011596175
581248,20,20화-코리아컵 16강(2),0.0483476132190942,1555,1,0,0.15550976668310626
522532,6,6,0.0290388548057259,16618,1,0,0.1553695251364274
552434,8,008. 아티팩트,0.0182814492890547,20782,1,0,0.1550387763207589
553948,9,투자의 신 (9),0.0667800935772011,2194,1,1,0.15470092961089107
567395,21,체화,0.1139240506329114,70,1,1,0.15459438205126577
534957,7,[7화],0.0816638629759902,6005,1,1,0.15456009875841384
549228,11,011화,0.0047233468286099,4425,1,0,0.15449116991241574
529960,7,007:직화 버터 감자 통구이,0.0453386744355426,20972,1,0,0.15439184781015888
481784,10,정체 확인,0.0167976673427991,15511,1,0,0.15432918630363
565391,6,6화,0.0177767013804794,20278,1,0,0.15410278762202165
297843,13,불리온 (13),0.0109619073718827,3609,1,0,0.15350732810193668
553135,23,피난민이지만 육아합니다 23화,0.0326797385620915,148,0,0,0.15345975096031475
553138,13,죽서요 13화,-0.1333333333333333,17,1,0,0.15343578834207405
563571,8,나만 아는 길 (1),0.037956204379562,13839,1,0,0.1533361814199174
574802,24,019화. 여신의 이름을 아는 적,-0.0370370370370369,56,1,0,0.1531656889621982
542470,13,마음을 읽는 섭정왕과 혼인했다 13화,0.0529801324503311,143,1,0,0.15309608036085895
381321,6,역면접 1,0.0071459454265949,82669,1,0,0.15304427127576034
557597,6,# EP006. 감히 이 라인에,0.2490421455938697,196,1,1,0.15298337771580175
541245,7,-7- 어떤 농사법이 맞는지 형이랑 내기할래?,0.0288690738942349,22000,1,0,0.152961018400209
567395,22,미신의 시작,0.0,70,1,0,0.15288804951503274
565742,19,19화 귀인들이 먼저 찾아왔다,0.0130134200894672,2427,1,0,0.1528072337604599
476831,8,젊음 - 3,0.0362799512657371,7119,1,0,0.15277038643108204
553948,13,투자의 신 (13),0.061503416856492,1648,1,0,0.15275544374489844
554066,7,7화. 선을 넘은 짐승,0.0487218359558785,18197,1,0,0.1524976379938079
565707,5,또라이 감독,0.0127926087149646,22225,1,0,0.15240101309815876
548106,7,독살 미인 사건 (2),0.0141018725437311,12794,1,0,0.15239530837841397
191722,9,굳센성곽이 대포 한방에 무너지다,0.0303109485236477,11133,1,0,0.15221190129609558
544138,8,8화,0.0343059936908517,4898,1,0,0.1522049164470245
568900,5,5화 봉황대기 (4),0.0534315553897799,20302,1,0,0.1522040504304059
580111,25,"25화 계약서가 두 장이었습니다. 보증금만 9,000만 원이 사라졌습니다",0.0632911392405063,74,1,1,0.15179351053185225
479971,11,11화.,0.0530657473528687,7691,1,0,0.1517895495213994
372155,7,7. 경복궁은 불타오르는가?(6),0.0008698299482451,22973,1,0,0.15174060631438835
584447,25,25화,0.0782268578878748,707,1,1,0.15167266020171866
557097,8,전능의 동자신을 주웠다-8,0.0537877779257089,14214,1,0,0.15156996664052283
358812,19,19,0.1691542288557214,334,1,1,0.15136586141758399
565213,8,권력의 방향(2),0.0394304490690032,5262,1,0,0.1512899656404819
565708,6,6화: 평등한 기회,0.0159412427492383,23581,1,0,0.1511326477562729
568900,6,6화 봉황대기 (5),0.0429514333563195,19430,1,0,0.1511125078349379
488890,9,마이 리틀 몬스터.,0.0168260038240918,23139,1,0,0.15107128814984427
246282,17,레벨 올랐다!,0.0172758423757852,6883,1,0,0.15100002902329615
563321,6,제 6화. 직원입니다만?,0.019445329933057,12304,1,0,0.1509780987676054
535250,18,독고구검,-0.0123304562268804,821,1,0,0.15091590970374902
522241,24,야주색 24화,0.0454545454545454,21,0,0,0.15086792543161737
523724,20,20화 진설흑가의 절망,-0.0049504950495049,203,1,0,0.15073035542555344
513757,9,[8화] 정상적인 귀족이라면,0.0459222228681044,32826,1,0,0.15063226181260034
268428,9,9. 검은 비,0.0394525172077322,36423,1,0,0.15046526875461097
375271,12,12화,0.0409314033983637,38099,1,0,0.1503562228604111
54528,9,새 학기의 시작 - 1,-0.0024914356898162,9657,1,0,0.1502908418868107
579284,8,"3화. 됐고, 아르헨티나로 가! - 3",0.022582555901081,26402,1,0,0.15027044668827533
535774,10,속전속결,0.0257189487309359,17312,1,0,0.15019905973538575
577162,10,10. 미국 왕따가 싸움을 잘함,-0.005769359034216,30159,1,0,0.14991035488455687
581595,20,장영실 (5),-0.0161290322580645,252,1,0,0.14977850600176393
535335,6,실전 (3),0.0205422945770542,35617,1,0,0.14976087528451623
552100,24,장공주 24화,-0.125,9,0,0,0.1496462011289128
564241,7,007 : 쫑알쫑알 시끄럽네,0.0195257230177146,17324,1,0,0.1495565177599499
514945,13,등당입실 13화,0.0454545454545454,105,1,0,0.14951332763190306
542470,24,마음을 읽는 섭정왕과 혼인했다 24화,0.087719298245614,52,0,1,0.14935361211089887
581843,16,016 : 이거 죽이는데?,0.0029216467463479,3754,1,0,0.1492005083341759
557490,16,제16화. 완전하지 못한 고독,-0.0059303187546331,1357,1,0,0.14916239543469584
583078,14,토벌,0.008780487804878,1016,1,0,0.14896450388383445
363040,12,11화,0.0020114497911186,6450,1,0,0.1489578891321518
530197,8,8화 - 동명중학교,0.0300888163857169,5351,1,0,0.14889956283396485
553892,6,6화,0.0603693181818182,5292,1,0,0.1488754487092362
571288,25,3부 리그 개막(2),0.1046511627906976,77,1,1,0.1488737793127313
512399,8,8화-첫 대회(3),0.0251311039978205,14314,1,0,0.14847687328781273
418796,11,10. 부적,0.0456487679817689,13401,1,0,0.1484189870014858
581869,23,23화. 결승의 첫 15분,0.0512820512820513,74,1,0,0.14813955851721067
508912,23,만급작정 23화,0.0060606060606061,164,0,0,0.14809614893814935
580897,18,고민하다,0.040650406504065,826,1,0,0.1479939642410439
557097,10,전능의 동자신을 주웠다-10,0.0221307256819351,13300,1,0,0.1478524879706428
545935,6,"6화. 심문으로, 배후를 찾아내기",0.0287743580404298,5333,1,0,0.1474960277024637
542531,6,6화 이산화탄소 훈련.,0.0288678218975833,24995,1,0,0.14747090322264808
566061,24,세계최강 아들이 교도소를 접수함,-0.2857142857142858,9,1,0,0.1473814683139672
514944,18,금릉춘 18화,0.0,48,1,0,0.14731869854271692
548891,10,10화 출판을 향해 (2),0.0205296241808211,14647,1,0,0.14723765172804779
571288,24,3부 리그 개막(1),0.1568627450980392,86,1,1,0.14672355811272922
577416,16,보상 (1),0.0122448979591837,12100,1,0,0.14670733988543347
585750,21,21화 .재능,0.0,28,1,0,0.14658640224408337
579087,17,017화 무당파(武當派)(1),0.0161042944785275,1283,1,0,0.14647963853786494
550179,9,#009. 여름 이적시장 (2),0.0252328026434364,12980,1,0,0.1461206776838344
580058,22,21장,0.0595238095238095,158,1,0,0.14606108634902987
558578,24,"제23장: 대역전의 밤, 가짜 깃발이 부른 불꽃놀이",0.015625,63,1,0,0.14599065105662712
540166,10,04. 마노아(1),-0.0059545962039448,5406,1,0,0.14598710712847407
54528,12,청백전의 에이스 - 1,-0.0022988505747125,9156,1,0,0.14589700686837478
584815,17,17.,0.0352112676056337,137,1,0,0.1457633591123727
534215,4,1화. 임관 첫날 상태창이 생김 (3).,0.0381275526233113,76541,1,0,0.14575753956551182
433377,10,제 9 장 찾아온 마두들,0.0377948280761579,3386,1,0,0.1455043719558361
540166,8,03. 오아후 해전(1),0.0168307967770814,5491,1,0,0.1454871946512789
572636,25,25화. 이어폰 한 짝,0.0439560439560439,174,1,0,0.14548335248972594
418603,7,3가지 세상을 이해하는 자 (7),0.030404006954218,46847,1,0,0.14546911505514862
533816,9,회귀한다고 없던 재능이 생기진 않는다(8),0.0016961929890689,5297,1,0,0.14512046989817595
330536,10,암시장,0.069983973135923,24372,1,1,0.14505584283054831
560429,7,7화 - 격차,0.0278237240075613,16457,1,0,0.1449664151225309
524031,7,"7화 - 스위트홈, 그리고 새로운 시작",0.0094829243288268,15459,1,0,0.14483806865110804
555850,8,수금의 미학(수정),0.0138077776268731,21784,1,0,0.144812225374102
539992,10,이상한 파티와 미궁,0.0178875638841566,16142,1,0,0.1447803902921338
546644,8,"천재, 근데 이제 노력을 곁들인",0.0002963841138114,3373,1,0,0.14467211728549334
535335,7,불 속성 (1),0.0491338405817446,33867,1,0,0.14463631506886745
566106,5,선의는 선의로 갚는다,0.0355583746875116,25848,1,0,0.14435357039744182
210472,3,당신들 머리 위에 있어,0.115087843775952,109753,1,1,0.14429349240242026
557225,7,스프링캠프 (2),0.0414692300727371,31759,1,0,0.1442472280582965
545079,10,10화 랜초 델 파소 (1),0.0484024797329518,3991,1,0,0.14421009500003565
549228,10,010화,0.0097995545657015,4446,1,0,0.144160596352645
525008,6,6화,0.0139884233737596,42927,1,0,0.14412897842759256
241417,15,심연의 장(2),0.0928092042186001,9462,1,1,0.1440958516594367
571118,8,주사위 굴려서 역대급 홈런왕(8),0.037136352137617,19031,1,0,0.14409163626632654
564440,8,성화세근단,0.0117306639555798,12637,1,0,0.14390500542043538
580897,21,순가를 읽다,0.0899408284023668,769,1,1,0.1435579260168079
531329,8,8화,0.0323970360158538,33690,1,0,0.143511523647617
585064,6,스스로 원귀가 된 여고생,0.0,1,1,0,0.1433533169537783
574693,5,# 5화,0.0604311232919314,48338,1,0,0.1432555255122865
513757,13,[12화] 망치로 머리를,0.0108805497540928,29363,1,0,0.14318271375177352
532266,9,"C급, 문 앞에서",0.0329670329670329,2200,1,0,0.14302931537535216
128808,12,11장. 요정과 함께 수업을 -3,0.0334883720930232,1039,1,0,0.14299148179193577
544138,7,7화,0.074283628399343,5072,1,1,0.14293342611260854
520703,17,#17화,0.0357142857142857,27,1,0,0.14278015576399147
554471,6,"006. 다시, 꿈이 생겼다 (5)",0.0613865879950074,8272,1,0,0.1427771551028539
573643,13,금옥만당 13화,-0.0084745762711864,119,1,0,0.14269751431571834
537756,24,이렇게 된거 조선으로 간다.,-0.0048426150121065,415,1,0,0.14267690094395422
565213,10,전두엽 절제술(1),-0.0264822134387352,5194,1,0,0.14260992473434622
572636,24,24화. 막아선 손,0.1291866028708134,182,1,1,0.1424697566492841
578822,25,# 25화. 사람이 아니라 문,0.5,1,1,1,0.14237345188054196
573643,15,금옥만당 15화,-0.0258620689655173,119,1,0,0.14224887586872562
554642,19,어지러울 난(亂) (1),0.0844892812105927,1452,1,1,0.14173453953838955
333183,18,018,0.0,4,0,0,0.14169561547864862
534819,8,아빠는 우렁각시(3) (26.02.02 수정),0.0005008347245408,5987,1,0,0.14168935233954932
530581,8,축기기 저물대,0.0348080534567847,22100,1,0,0.1415830492885973
529960,8,008:난공불락의 판교,-0.0072954415411023,21125,1,0,0.14155849751219501
557881,3,저 펠로우 말이 맞는 것 같은데(2),0.0368338100519526,16500,1,0,0.14147913523968053
553892,11,11화,0.0097007223942208,4798,1,0,0.14133726002109315
443313,14,14화. 연금술,0.0177577838285781,16594,1,0,0.14130131571595503
543382,5,5화,0.0234362066926806,41294,1,0,0.14119336703638757
573683,8,8화 나름의 쓸모,0.0507413509060955,2881,1,0,0.14111100438469773
246282,13,먼치킨한테 그런 건 필요 없습니다.,0.0211332716946242,7411,1,0,0.1410429766836447
480433,4,똥군기하면 마취과,0.0266921774041779,62062,1,0,0.14096640471176938
210472,4,이젠 독종 짓 하지 않아,0.0441445791914572,104908,1,0,0.14081573241027948
554642,20,어지러울 난(亂) (2),0.0268595041322313,1413,1,0,0.1407962756649491
564829,22,"처벌이다, 호랑이 위세 빌리기",-0.0666666666666666,16,1,0,0.1406924241599399
571931,5,5화. 기묘한 경험 (3),0.0304458848949126,34552,1,0,0.14069066127648064
563512,4,천재를 내려다보는 법,0.0426682692307692,14337,1,0,0.14060210241011942
330536,11,빚 갚으러 왔다,0.0269571639586411,23715,1,0,0.14046722293182995
548687,9,9화. 그냥 팔자다(3),0.0449160717731044,24751,1,0,0.14044071856523904
552100,14,장공주 14화,-0.0555555555555555,19,1,0,0.1402893046724118
575331,19,에피소드 2. 강가에 남은 마음 19화,0.625,3,1,1,0.14027697482704737
537197,5,"1장. 인생(人生), 꼬이다. (5)",0.0455206515415939,6563,1,0,0.14027281035345662
575665,24,12-2 쿠데타의 서막,-0.024390243902439,42,1,0,0.1400585178218952
522238,24,황상서죄 24화,0.0625,30,0,1,0.1398129844173968
512544,6,시운 씨가 복덩이,0.0457543538419924,45862,1,0,0.13966721651516362
573642,23,중생지재가황숙 23화,0.0240963855421686,81,0,0,0.1394313029621803
123363,13,#3 미남은 괴로워,0.0628069779258172,33201,1,1,0.13940052819509655
241417,14,심연의 장(1),0.0375565193319183,10430,1,0,0.1391030102638505
581843,17,017 : 제국의 밤을 지배하라,-0.0127863612147043,3802,1,0,0.13857813272128575
570506,4,학부모를 설득하는 법,0.0383263009845288,43760,1,0,0.13855269370326648
564860,16,잠행(2),0.3333333333333333,6,1,1,0.1383246465741743
238800,11,10화,0.0435633871757219,9770,1,0,0.1383223296687832
530581,10,두번째 특수 뽑기,0.0071009149255769,21813,1,0,0.1381528856651992
514945,24,등당입실 24화,0.0,44,0,0,0.1380543221757076
533114,10,전신귀환 10화,0.0241904018728053,5002,1,0,0.1380505521431577
508912,13,만급작정 13화,0.0107142857142856,277,1,0,0.1379786144155495
537219,5,[무협] 무림청룡대회(1),0.0357192174913694,20949,1,0,0.13794137522901684
563321,7,제 7화. 난 호구가 아니니까,0.0184492847854356,12077,1,0,0.13781288187340013
559657,10,10화.,0.061008433518751,5233,1,0,0.13781184248361908
551214,12,운송 카르텔 (2),-0.0006944444444445,7205,1,0,0.1374766158050481
433377,11,제 10 장 낙원의 참극,0.0156526875369167,3333,1,0,0.13739860237662965
563160,10,#010. 실물은 처음 뵙네요.,0.0205648218347233,10335,1,0,0.1371719043597075
532266,13,깨진 규칙,-0.0038022813688212,1848,1,0,0.1370914846276045
553892,7,7화,0.0394935752078609,5083,1,0,0.137052039854125
571118,7,주사위 굴려서 역대급 홈런왕(7),0.0496682373305125,19765,1,0,0.13704427076705528
552434,7,007. 버그 웨이브,0.0488834973266837,21169,1,0,0.13684879827492719
580897,23,깨닫다,0.0414507772020725,740,1,0,0.13677764372073128
364922,12,보이지 않는 벽,0.0247576906868942,9257,1,0,0.13675165106624776
530197,6,6화 - 수고하세요,0.0115736742097081,5722,1,0,0.13671519909112168
516965,16,프로의 호흡,0.0698177324683348,6022,1,1,0.13670796814536468
433377,12,제 11 장 무참한 낙화(落花),-0.0084008400840083,3361,1,0,0.13669977667688216
584447,21,21화,0.0787878787878787,912,1,1,0.13658419759671556
581595,17,장영실 (2),0.1617161716171616,254,1,1,0.13656971414394845
536098,11,11화 미래라니··· 그런 만화 같은 소릴 믿으라는 겁니까?,0.0255769893213916,11315,1,0,0.13650837883825753
563715,8,8화,0.0349956255468066,13236,1,0,0.13641479716913968
556685,9,[9화] 무너지는 임진강 방어선,0.0076857386848847,5810,1,0,0.1361385605449262
557490,22,제22화. 제갈세가의 아픔,0.0458937198067632,1185,1,0,0.13597090106784956
565708,8,8화: 도파민 풀충전,0.0169250032382021,22769,1,0,0.1358899675137043
538193,6,감히 명성 그룹 회장의 호의를 거절한다고?,0.0390686274509803,19603,1,0,0.1358667105577457
522238,14,황상서죄 14화,0.1333333333333333,52,1,1,0.13568907359028598
477026,7,시연 용 샘플,0.0208333333333333,9870,1,0,0.13533511120803488
292182,11,#011 넌 나한테 잘못 걸렸어,0.0479253592953176,32858,1,0,0.13529200086743368
584815,18,18.,0.0145985401459853,135,1,0,0.13529025550918478
539992,9,수업과 정식 등록,0.0477404403244495,16436,1,0,0.13494152603507087
518734,6,6화,0.0373353989155693,6214,1,0,0.13470036596423748
381321,3,청반오공(靑斑蜈蚣) 3,0.0198394929907347,85371,1,0,0.13437212472205176
579284,9,4화. 회귀자가 축구 실력을 안 숨김 - 1,0.0099992424816302,26138,1,0,0.13424028879478603
581248,21,21화-더미 플레이,0.027652733118971,1512,1,0,0.1342329018108056
580897,20,조언하다,-0.0292326431181486,845,1,0,0.1342088228808534
567395,23,분산,0.0428571428571428,67,1,0,0.13416802466199068
553135,13,피난민이지만 육아합니다 13화,0.0389610389610389,296,1,0,0.1340046929172041
581869,24,24화 — 감독 셋,0.0270270270270269,72,1,0,0.13384560811402796
573643,23,금옥만당 23화,0.0210526315789473,93,0,0,0.1337948366639316
514944,24,금릉춘 24화,0.0434782608695651,22,0,0,0.13372575476844883
550964,9,9화,0.0117965319969843,22283,1,0,0.13359510116259485
565685,23,갈자이음(渴者易飮),0.0476190476190476,120,1,0,0.13354654525429369
564829,24,"손님, 은혜를 아는 소장군",0.0714285714285714,13,1,1,0.1335354449014487
565685,24,길흉이 공존하는 팔자,-0.05,126,1,0,0.13347818840323636
574802,23,019화. 여신의 이름을 아는 적,0.0526315789473684,54,1,0,0.13322409634812568
201454,14,달에서 온 색채 (2),0.0408218928993544,10550,1,0,0.13322198410998817
565213,12,전두엽 절제술(3),-0.0107632093933462,5165,1,0,0.13294967830752452
573642,13,중생지재가황숙 13화,0.0165289256198346,119,1,0,0.13289238787810287
542470,14,마음을 읽는 섭정왕과 혼인했다 14화,-0.0279720279720279,147,1,0,0.13285553614359802
569827,11,"새로운 체계, 그리고 비문",0.0081441922563417,7429,1,0,0.13285012010720307
555465,8,8화 잡일,0.0292956575940162,4672,1,0,0.1327852054118546
583078,15,"토벌의 여파, 기업가 육성(오타 및 불필요한 내용 수정했습니다!)",-0.0049212598425196,1021,1,0,0.13268295257181867
433377,9,제 8 장 이름이 새겨지다.,0.0115168539325842,3519,1,0,0.13266714932978785
529052,18,영등포공장 게이트(3),0.043010752688172,178,1,0,0.13264835580590983
577162,11,11. 미국 왕따가 싸움을 잘함,0.0589542093570741,28381,1,0,0.13250051727584966
479971,7,7화.,0.0477752716834118,9288,1,0,0.13244589891156083
535250,19,금광,0.0255785627283799,800,1,0,0.13243166754855465
557597,18,# EP018. 예외,0.1184210526315789,67,1,1,0.13234632862295426
573666,8,008. 첫 방송 (1),0.0387867101750222,12961,1,0,0.13231120009291844
376244,6,제6화. 결행(決行) 1.,0.0286569717707442,11355,1,0,0.13225743461787937
170423,4,이름 없는 조연의 튜토리얼 (3),0.1192865446980359,86361,1,1,0.13222605558053638
358812,20,20,-0.1107784431137723,371,1,0,0.13206542364747045
481784,8,확장,0.0355552952202437,16465,1,0,0.13201070905955334
419162,8,말하는 괴물(3),-0.0013334700994973,29286,1,0,0.1318959235153157
162830,18,18장. 폐교회의 사연 (18),-0.001876368185135,9611,1,0,0.1316998526551406
577416,17,보상 (2),0.0156198347107437,11911,1,0,0.1316774724174979
533114,9,전신귀환 9화,0.0411522633744856,5126,1,0,0.13161700586376476
359132,18,#018화,0.0,6,0,0,0.1314703994572754
505913,13,13화,0.0084126327403116,28760,1,0,0.13142439323906116
514944,14,금릉춘 14화,0.0,50,1,0,0.131365172639147
567140,24,23. 수호천사 (1),0.3333333333333333,2,1,1,0.1312540339237986
234339,10,자기소개 (2),0.0227194700809822,48392,1,0,0.13114649346345422
525227,4,4. 동창이 하는 부품샵에 갔다.,0.0464333325801568,42202,1,0,0.1310687806095082
134514,14,프로페셔널 14화,0.0424559111691704,1466,1,0,0.1308957099464495
238800,10,9화,0.0661852088856385,10215,1,1,0.13078976191339792
565391,7,7화,0.0464542854324884,19336,1,0,0.13075521811798743
514940,18,반드시 일어나야 할 비극,0.0,11,0,0,0.13070544843817716
558578,25,"제24장: 도성의 불꽃, 찢겨진 깃발 아래의 통곡",0.0476190476190476,60,1,0,0.13058812741686293
579450,15,새 삶의 시작,-1.0,4,1,0,0.1305674420713843
533114,8,전신귀환 8화,0.0415919684474722,5346,1,0,0.1305467486674485
575331,16,에피소드 2. 강가에 남은 마음 16화,0.1666666666666666,5,1,1,0.13047476937399477
553948,14,투자의 신 (14),0.0345873786407766,1591,1,0,0.13038310151779844
516965,11,화염폭발,0.0920155142436806,6789,1,1,0.13019933402810266
514945,14,등당입실 14화,0.019047619047619,103,1,0,0.13014990084324418
547756,8,1조달러에 H₂O 팝니다 (8) 이론은 완벽하다,0.0497549019607843,3877,1,0,0.1301350480949782
238800,12,11화,0.0469805527123848,9311,1,0,0.12993884148736015
565742,20,20화 지켜보는 조정의 눈,-0.0234857849196539,2484,1,0,0.1299211817092696
518734,10,10화,0.0145002589331952,5709,1,0,0.12989166744124864
541873,10,10화 수라마존의 정체,-0.0102594539596405,11915,1,0,0.12987031109858804
234339,12,자기소개 (4),0.006472284524191,46512,1,0,0.12984313973769296
548687,8,8화. 그냥 팔자다(2),-0.0083265242597563,25915,1,0,0.12979766516236124
543562,11,011,0.034713612695264,7786,1,0,0.12973209793957327
575665,25,13-1 왕의 귀환,0.0238095238095238,41,1,0,0.12951594301412495
565122,7,7화,0.0040818157351754,22203,1,0,0.12945675226197423
563512,9,미래의 술주정뱅이를 만나다.,0.0128778955634079,12571,1,0,0.12929227059525294
557097,9,전능의 동자신을 주웠다-9,0.0431264950049247,13601,1,0,0.12916472630748077
564241,5,005 : 이제는 믿어 주시나요,0.007341898882029,17847,1,0,0.12909117422573455
583078,16,개혁,0.0597453476983349,960,1,0,0.12889646946436542
563160,8,#008. 조잡한 조작질.,0.0610043815301651,11144,1,0,0.1288404990868175
585064,7,귀신들린 여고생,0.0,1,1,0,0.1288057253736113
585750,22,22화. 제가 책임지겠습니다,0.1071428571428571,25,1,1,0.12875847075865465
381297,14,제14장 흑혈사의 정기,0.0101180438448567,587,1,0,0.1287529183098066
560969,7,명검을 줍다,0.0160004460054635,17650,1,0,0.12850261879698413
565391,9,9화,0.0331253795616408,17513,1,0,0.1284839043167831
505913,12,12화,0.040333520828508,29004,1,0,0.12839836378249944
555850,6,사직서,0.0525917367225785,23779,1,0,0.12834452790657497
551214,6,검은 황금 (2),0.0093792422559545,8027,1,0,0.1283301558599317
542580,6,제6화. 여신 회수 통지서,0.0021668472372697,7368,1,0,0.12831383555113762
523724,21,21화 인생묻고 더블,0.0,203,1,0,0.12825873128264034
581595,21,장영실 (6),-0.0039682539682539,253,1,0,0.12825004978795565
191722,10,최후의 발악은 수포로 돌아가고,0.0467978083176142,10612,1,0,0.1282246684815076
330536,14,튜토리얼 정산,0.0254117040030958,22666,1,0,0.12815677594119596
570506,7,페인트와 철물점 그리고 햄버거,0.0020155415250121,41097,1,0,0.1281446039066931
577162,12,12. 미국 왕따가 싸움을 잘함,0.0465452239174095,27060,1,0,0.12786084601710979
584815,15,15.,-0.0422535211267605,148,1,0,0.1276576575774553
582089,11,사람을 구하고 미래상사의 기초를 닦다,0.0199468085106383,737,1,0,0.12758571639712613
547482,10,"제8화: 신입의 첫 마디는 '보고 싶었어요, 선생님'",-0.0037751677852349,11965,1,0,0.12738683119772523
537756,25,우사 김규식,0.053012048192771,393,1,0,0.12708228596696802
201454,16,달에서 온 색채 (4),-0.0071629077533637,10405,1,0,0.12701095379135754
560429,5,5화 - 정밀 측정,0.0365962677394122,17243,1,0,0.12696069050543052
545935,11,11화. 노덕술,0.0342929720575783,4562,1,0,0.12687214928058013
554642,21,어지러울 난(亂) (3),-0.0035385704175512,1418,1,0,0.12678539591270654
376559,19,019. 사욕을 위한 연회,0.1428571428571429,30,1,1,0.12671738321957912
580058,20,19장,-0.0457142857142858,183,1,0,0.1267067757862579
542470,25,마음을 읽는 섭정왕과 혼인했다 25화,0.0,52,0,0,0.1266675031641596
583078,17,"전쟁계획, 6.25 전쟁",0.0218749999999999,939,1,0,0.12651987325898167
297843,24,불리온 (24),-0.0115860966839791,2532,1,0,0.12640402959570193
557490,23,"제23화. 천도(遷道), 핏빛 서막",0.0675105485232067,1105,1,1,0.12613976624297174
526298,7,007화,0.0775730944735507,43664,1,1,0.12613644526963558
476831,11,스탈린 - 2,0.0476325088339222,6738,1,0,0.12611350474260224
517290,10,크로스핏 짐,0.0008503401360544,1175,1,0,0.12606157095728607
585750,23,23화. 함께 걷는 길,0.0799999999999999,23,1,1,0.12552545024211895
557490,21,제21화. 세상의 한복판,0.0212765957446808,1242,1,0,0.12531457643068072
565122,6,6화,0.0450203469693724,22294,1,0,0.12512160245120055
547482,11,제9화: 움직이는 설계자,0.0146259924780609,11790,1,0,0.12508643235369155
522238,15,황상서죄 15화,0.0,52,1,0,0.12500444671579666
553135,24,피난민이지만 육아합니다 24화,0.0202702702702702,145,0,0,0.12496409255770659
238800,13,12화,0.0387713457201159,8950,1,0,0.12494714772887498
546589,8,007. 북북서로 진로를 돌려라,0.0132382892057026,5814,1,0,0.12483119335240277
581595,18,장영실 (3),-0.0236220472440944,260,1,0,0.12466240834207505
550179,6,#006. 로열 FC (1),0.0154378677743163,14222,1,0,0.12460029369662248
518734,8,8화,0.0254209310003301,5904,1,0,0.12457061882818203
550013,7,괜찮으니까 솔직하게 말씀해주세요,0.019442893046635,28091,1,0,0.12420866014334586
246282,19,얼마 안 되네.,0.0217454757734968,6703,1,0,0.12419664330999419
556685,8,[8화] 전승 신화를 써 내려가는 조선 수군,0.0111467657490288,5855,1,0,0.12413613564061689
564829,23,실컷 구경하세요,0.125,14,1,1,0.12408358110600984
526298,6,006화,0.0464141821112006,47336,1,0,0.12402655493442002
557490,18,제18화. 광체문호의 서광(曙光),0.0203466465712132,1300,1,0,0.12402289428434152
234339,11,자기소개 (3),0.0325880310795172,46815,1,0,0.12397801125293663
544647,9,9화 귀환한 삼촌은 재앙급 마법사,0.0356117870568737,23858,1,0,0.12390918008775326
563715,10,10화,-0.0021545090797168,13024,1,0,0.12385227858058383
542531,8,8화 레슬오프 (2),0.03377636873552,23772,1,0,0.12380002390313719
563571,9,나만 아는 길 (2),0.0426331382325312,13249,1,0,0.12351296487768437
557490,19,제19화. 금철우화(金鐵遇火),0.0038461538461538,1295,1,0,0.1233506337544598
554066,6,6화. 도망의 끝에,0.1166474255368275,19129,1,1,0.12333795880757825
567395,24,오답 노트,-0.0895522388059701,73,1,0,0.12333100319315987
508912,24,만급작정 24화,0.0304878048780488,159,0,0,0.12329274210652923
522532,7,7,0.0284029365747984,16146,1,0,0.12320986727573853
573666,7,007. 초대석 (4),-0.0017086397741623,13484,1,0,0.12318140240128536
550964,8,8화,0.0209708232025008,22549,1,0,0.12310731939244686
535250,20,감시받는 자,0.0012499999999999,799,1,0,0.12308071662226704
452318,3,1.세계를 구하는 방법(2),0.1882982719759579,77787,1,1,0.12282763574935217
579284,10,4화. 회귀자가 축구 실력을 안 숨김 - 2,0.0264748641824164,25446,1,0,0.12273633328036027
330536,12,노예 해방,0.0189331646637149,23266,1,0,0.12264628859956951
455299,8,8화,0.05204083419426,54137,1,0,0.1226033624525379
546644,7,재료를 꿰뚫는 눈,0.009395184967704,3374,1,0,0.1225854675554923
488890,8,돈이 복사된다.,0.0142408376963351,23535,1,0,0.12246119283325892
563339,4,곡물선 납품 입찰(2),0.076952380952381,33922,1,1,0.12230267514821966
544370,4,4화,0.0322719340398087,76526,1,0,0.12229206587082773
372155,11,11. 다시 벼려진 자들(1),0.073447118074986,19869,1,1,0.12217773873962934
559391,9,"야, 너 솔의 눈 좋아해?",0.0560587515299877,7712,1,0,0.12217087119694715
564829,25,돌아온 의태비,0.0,13,1,0,0.12214623331669479
579087,18,018화 무당파(武當派)(2),0.0140296180826188,1265,1,0,0.12195886708355609
363040,9,8화,0.0130274709713962,6970,1,0,0.1219117683556196
582089,13,성공시대,-0.0123796423658872,736,1,0,0.12186936456814092
529719,7,Guess who's back (1),0.0217641032009686,31508,1,0,0.1218180642648502
581843,18,018 : 블라디보스토크의 해방구,0.0378748027354024,3658,1,0,0.121777950417105
550964,11,11화,0.0247090338075004,21117,1,0,0.12166496195079926
584815,16,16.,0.0405405405405405,142,1,0,0.12140527188083602
488890,11,이것도 싸게 파는 거야.,-0.0039045362814775,22883,1,0,0.12124519898962687
419162,10,탐식(貪食)(2),-0.0169556171983356,29329,1,0,0.12116444096993151
581843,5,005 : 안식처의 새 주인,0.0764762826718296,4770,1,1,0.12115342970672134
469259,3,레이미 캐슬,0.1890054148254185,52121,1,1,0.12079052182524273
549228,9,009화,0.011666299801893,4490,1,0,0.1207579125924708
549388,14,재앙급 막내 도련님,0.0068132548776711,3207,1,0,0.12074296434050977
554642,24,마도성인(磨刀成刃) 칼을 갈아 칼날을 만들다 (3),0.1069476971116315,1144,1,1,0.12065214511490725
584815,19,19.,0.0148148148148148,133,1,0,0.12058212609512423
555465,7,7화 외문 제자,0.0619762229584875,4813,1,0,0.12042118893572448
577162,13,13. 미국 왕따가 싸움을 잘함,-0.0052475979305246,27202,1,0,0.1203831295660662
493717,6,6. 음악하기 정말 잘했어.,0.0191321042004567,59266,1,0,0.12029021643292553
559657,9,9화.,0.044737744257799,5573,1,0,0.12028308532274609
224777,11,스승 선택(2),0.0465538089480048,6308,1,0,0.12027096765319602
520703,18,#18화,0.037037037037037,26,1,0,0.12026603450732484
541245,5,-5- 후안의 기묘한 모험,0.0261560996024272,23270,1,0,0.12007159641634443
372155,8,8. 경복궁은 불타오르는가?(7),-0.0184999782353196,23398,1,0,0.1199932088611075
376559,20,020. 성공을 위한 실패,-0.1,33,1,0,0.11993620243875287
238800,17,16화,0.0213217104488161,8308,1,0,0.11991733953950473
577416,18,한국 지부는 너무 평화롭다,-0.0044496683737722,11964,1,0,0.11951885902180377
553135,14,피난민이지만 육아합니다 14화,-0.0135135135135135,300,1,0,0.1193993249357646
319100,11,11화,0.0165101600985221,25555,1,0,0.11936322089063336
162830,15,15장. 폐교회의 사연 (15),0.0157216756263313,9704,1,0,0.11932107732801217
565742,21,21화 손끝에서도 혁명이,0.037037037037037,2392,1,0,0.11907538770864326
563286,5,5화,0.0356107268075428,50886,1,0,0.11889013860913474
557490,20,제20화. 오해와 해명,0.0200772200772201,1269,1,0,0.11863618666673048
539540,9,랭킹 1위와의 만남,0.032129315505887,9700,1,0,0.11855018771113711
493717,5,5. 영혼이 없어,-0.0042882787048732,60422,1,0,0.1185216333901506
564241,9,009 : 회색지대와 유토피아,-0.0022872558794204,17090,1,0,0.11844926878341089
381321,4,식구 1 (삽화 有),0.0076841081866207,84715,1,0,0.11841408545507913
538483,6,6화,0.0671505136221527,41773,1,1,0.11831465160806473
557490,24,제24화. 대지(大地)의 갈망,0.0443438914027148,1056,1,0,0.11827897675872438
547756,7,1조달러에 H₂O 팝니다 (7) 그 안에 증명해야 한다,0.0189949507093051,4080,1,0,0.11820649851631818
124930,16,좀비 인 더 시티,0.0563380281690141,2345,1,0,0.11820553071787583
537219,8,[현대] 다시 돌아온 지옥,0.019719476217587,18940,1,0,0.11805724891134295
522241,25,야주색 25화,-0.0952380952380953,23,0,0,0.11791130206673217
522241,16,야주색 16화,0.02,49,1,0,0.11768693627641595
531329,6,6화,0.0762961678515692,37289,1,1,0.1176204161494199
550013,8,꽤 디테일한 미팅이 될 겁니다,0.0039158449325407,27981,1,0,0.11759288504713246
418796,14,13. 농사를 짓다.,0.0192785601325401,13023,1,0,0.11749398317951333
333183,19,019,0.0,4,0,0,0.11726573616533546
201454,15,달에서 온 색채 (3),0.0207582938388625,10331,1,0,0.11726294015777425
581595,22,이천 (1),-0.0039525691699604,254,1,0,0.1171101023821846
535774,8,승부사,0.0270370763837246,18317,1,0,0.11710001708562466
455299,12,12화,-0.0040792409456626,44552,1,0,0.1170382648581339
565707,8,첫 경기 (1),-0.0025828871982718,21349,1,0,0.11693177329902173
124930,12,옛 동료와의 재회,0.1084812623274161,2712,1,1,0.11684036208078127
476831,10,스탈린 - 1,-0.0028348688873138,7075,1,0,0.11683338620241819
433377,7,"제 6 장 북두무랑(北斗武廊), 천하제일인을 만드는 복도",0.011968085106383,3715,1,0,0.1167718392209186
565213,13,미국은 우리 편(1),0.0067763794772507,5130,1,0,0.11651473392550944
512399,9,9화-vs 경산고 (1),0.0590331144334218,13469,1,0,0.1164616468904546
542531,11,11화 어머니,0.0163737161029696,22888,1,0,0.11642186594307716
268428,12,12. 이래서 돈 버는 거 아니겠어,0.0043911259076429,34690,1,0,0.11639994567098709
543562,6,006,0.0372010628875111,8696,1,0,0.11631488588580836
419162,6,말하는 괴물,0.0490504377851769,30845,1,0,0.11631284901949356
557962,10,1950.11.27,0.0143133462282398,7644,1,0,0.1162380627162557
520418,17,두 번째 손님 -2-,0.0556586270871984,509,1,0,0.116148088542989
162830,17,17장. 폐교회의 사연 (17),0.0128627289565754,9593,1,0,0.11587520558414423
554642,25,"승천하기 전, 비늘을 벗다 (1)",0.0463286713286713,1091,1,0,0.11574478471181694
533816,10,회귀한다고 없던 재능이 생기진 않는다(9),0.0064187275816499,5263,1,0,0.11573631309871961
455299,11,11화,0.0628946757059283,44371,1,1,0.11555832108361794
549228,7,007화,0.0305028854080791,4704,1,0,0.11554648534241073
585064,8,겁보 퇴마사,0.0,1,1,0,0.115533451630468
134514,12,프로페셔널 12화,0.0281249999999999,1555,1,0,0.11552411006222628
90225,11,하늘에서 빛이 내리면 (5),0.0251173565811132,95946,1,0,0.11551958121247564
319100,10,10화,0.0246612364400735,25984,1,0,0.11548560317731207
508912,14,만급작정 14화,-0.0108303249097472,280,1,0,0.11540190557643162
372155,9,9. 가장 어두운 시대(1),-0.0058552012992563,23535,1,0,0.11532088752654743
555164,14,014,0.0235354310565362,7634,1,0,0.11499611105082191
419940,11,레이드 이벤트(2),0.0351286294568978,38481,1,0,0.11498908594065614
505913,15,15화,0.0200311990356661,27641,1,0,0.11488051778099707
581843,19,019 : 자발적 협력업체,0.0131219245489337,3610,1,0,0.11482788160996225
581869,25,25화 — 하나를 고르라고,0.1111111111111111,64,1,1,0.11482645018016645
234339,15,유매 (1),-0.0127563342554779,46127,1,0,0.11482202356972865
557962,9,추수감사절,0.025753768844221,7755,1,0,0.11476841228696218
86305,25,그녀들의 계획(10),0.0,21,0,0,0.11476295488957482
286189,18,18화,0.0097161851188953,3873,1,0,0.11472514157688461
573642,14,중생지재가황숙 14화,0.0168067226890756,117,1,0,0.11462816095704825
550179,7,#007. 로열 FC (2),0.0315708057938405,13773,1,0,0.11451300114910329
556083,6,듬직하고 야무져서 부럽소,0.0190802989902522,44881,1,0,0.1144228435425531
555850,7,사채업자도 괜찮은 직업이지,0.0710711131670801,22089,1,1,0.11429928105436596
542531,7,7화 레슬 오프,0.0156831366273254,24603,1,0,0.1142248516334354
451197,16,0016,0.0558470764617691,2519,1,0,0.11395781686965951
552434,9,009. Upgrade Complete,0.0150129920123183,20470,1,0,0.11385883522719681
550964,10,10화,0.0283175514966566,21652,1,0,0.11380848684035429
563160,9,#009. 쓸모있는 놈.,0.0531227566403446,10552,1,0,0.11347155489312559
585750,24,24화. 남궁세가 지부,0.0434782608695651,22,1,0,0.11342689398529823
525008,8,8화,0.0122649025809411,40911,1,0,0.11338359187413583
514944,25,금릉춘 25화,0.0454545454545454,21,0,0,0.11334149066930246
419940,9,사냥에 대한 깊은 고민 (2),0.0587902257852661,41561,1,0,0.11324428311582854
134514,15,프로페셔널 15화,0.0115961800818553,1449,1,0,0.11318782484808204
549388,17,김태만 회장 납치 사건,0.0454545454545454,2730,1,0,0.11313557491017445
536163,8,8화,0.03781969607508,30962,1,0,0.11305739435664058
554066,9,9화. 개봉의 질서,-0.0116808335618316,18448,1,0,0.11305082155587641
582089,14,달러를 모으다,0.0135869565217391,726,1,0,0.11286195576085517
565685,25,두 개의 가짜 사주,0.0238095238095238,123,1,0,0.11283885224683725
553948,15,투자의 신 (15),0.0395977372721558,1528,1,0,0.11254942933381143
560969,8,후회하고 싶지 않습니다,0.0201133144475921,17295,1,0,0.11237135471620728
520418,15,최고의 신랑감 ―5―,-0.0229681978798586,579,1,0,0.11221721158781196
583078,18,6.25전쟁(2): 인생은 계획대로 되지 않는 법,-0.0298189563365283,967,1,0,0.11218524147910687
574693,6,# 6화,0.0817783110596218,44385,1,1,0.11215914624156119
533816,12,러브 코미디는 원래 봄에 시작한다(2),0.0466291043326209,4907,1,0,0.11193725266584233
512399,7,7화- 첫 대회(2),0.0249684574008898,14683,1,0,0.1119084794632114
565122,5,5화,0.0145631067961164,23345,1,0,0.11190361048189697
514945,25,등당입실 25화,0.0227272727272727,43,0,0,0.11188685063618597
529052,19,영등포공장 게이트(4),0.0786516853932584,164,1,1,0.11173486270118578
555164,11,011,0.0223710970211747,8172,1,0,0.11158968077287104
532266,14,다음 단계,0.0270562770562771,1798,1,0,0.11125965947775028
565391,11,11화,-0.0009175890348109,17453,1,0,0.11122608616874892
554642,22,마도성인(磨刀成刃) 칼을 갈아 칼날을 만들다 (1),0.0169252468265161,1394,1,0,0.11114537156692593
493070,11,젊은 여사장과 호텔에서,0.0143731555361241,36070,1,0,0.11104472667561573
273931,17,3. 존재감 (2),0.0659186535764375,1998,1,1,0.11098481428763796
579087,19,019화 무당파(武當派)(3),0.0158102766798419,1245,1,0,0.1109807778444181
579284,11,4화. 회귀자가 축구 실력을 안 숨김 - 3,0.0143834001414761,25080,1,0,0.11095437294427749
549228,12,012화,0.0305084745762711,4290,1,0,0.1109366963456803
536098,12,12화 그런 사람이 필요합니다.,0.02545293857711,11027,1,0,0.11083279710605333
560969,12,강가에서의 만남,0.0185396978270029,16305,1,0,0.11078639075251201
537219,11,[무협] 독고진,0.0072251944183994,18000,1,0,0.11070571500023986
584815,20,20.,-0.0300751879699248,137,1,0,0.1106570127570072
241417,16,심연의 장(3),0.0560135277953921,8932,1,0,0.11057763941548952
547756,6,1조달러에 H₂O 팝니다 (6) 화학식보다 맛이 먼저였다,0.0284980144825974,4159,1,0,0.11056228722726023
554642,23,마도성인(磨刀成刃) 칼을 갈아 칼날을 만들다 (2),0.0810616929698708,1281,1,1,0.11038171120522615
563715,7,7화,0.0638181694082314,13716,1,1,0.1103029635931681
554471,9,009. 박힌 돌 빼기 (3),0.006531762295082,7757,1,0,0.11027724768517652
573642,24,중생지재가황숙 24화,0.0246913580246913,79,0,0,0.11012320483159015
580897,22,담장 밖으로 나가다,-0.0039011703511053,772,1,0,0.11002110875791708
557580,6,승리 투수 (3),0.0246320368216074,38568,1,0,0.10997605746099182
522238,25,황상서죄 25화,0.0333333333333333,29,0,0,0.10992313168028742
297843,25,불리온 (25),0.0071090047393365,2514,1,0,0.10972987835359464
246282,21,정두석 고자 되는 소리,0.038340099233198,6396,1,0,0.10962683516630053
557225,5,실력 회복 (2),0.008528413541032,34179,1,0,0.1093239737991499
577416,5,당황하면 지는 거야,0.0702645384529523,16659,1,1,0.10928713516411151
565202,7,007화. 사이다였다,0.0038077106139933,12558,1,0,0.10921148400573466
441725,10,제10화. 어설픈 정의.,-0.0009748964172555,12321,1,0,0.10887669075482626
552100,25,장공주 25화,0.1111111111111111,8,0,1,0.10878862558511658
523724,22,22화 의술 대결,0.0492610837438424,193,1,0,0.10875996432718954
531246,7,제가요? 거기를?,0.0269433385611452,24197,1,0,0.10872378872944637
191722,14,국혼 그리고 조선통신사의 파견,-0.0338264299802761,10483,1,0,0.10862031773352787
359132,19,#019화,0.0,6,0,0,0.10858002011801351
565742,22,22화 도련님 곁에서 평생,-0.0020903010033443,2397,1,0,0.10852716127314335
292182,12,#012 현실은 소설보다 지독하다,0.0183212611844908,32256,1,0,0.10832622371503832
535774,11,돈다발,0.0025993530499075,17267,1,0,0.10818866436377171
123363,15,#4 개는 소년의 친구,0.0777819596035629,29404,1,1,0.1080464663257807
552100,15,장공주 15화,0.0526315789473684,18,1,0,0.10796190901835055
54528,14,갈림길 - 1,-0.0031521739130435,9229,1,0,0.10793708955728791
514940,19,미쳐 날뛰다 (1),-0.0909090909090908,12,0,0,0.10793113325259468
560429,6,6화 - 박진철,0.0182682827814185,16928,1,0,0.10775094692461488
535250,21,흰눈 아래 잠들다,-0.0125156445556946,809,1,0,0.10774507663459847
542580,9,제9화. 붉은 딱지와 두 어머니,0.0056227157717176,7074,1,0,0.107530700234227
381321,5,식구 2,0.0171280174703417,83264,1,0,0.10749647197213612
573643,24,금옥만당 24화,0.021505376344086,91,0,0,0.10743830859908944
419940,8,사냥에 대한 깊은 고민 (1),0.0248227733486451,44157,1,0,0.10738613639822608
419162,9,탐식(貪食),0.0152291197159052,28840,1,0,0.10730268928774067
549388,12,천마 강림,-0.0114423366455886,3359,1,0,0.10727361661948513
553138,15,죽서요 15화,0.0,14,1,0,0.10724181427512179
551214,8,시추는 시작에 불과할 뿐 (2),0.041767477397173,7525,1,0,0.10722166488927738
548106,8,독살 미인 사건 (3),0.0246209160544005,12479,1,0,0.10703857432178489
381297,15,제15장 난전,0.0204429301533219,575,1,0,0.10702746195620573
514945,15,등당입실 15화,-0.0388349514563106,107,1,0,0.10699476580297693
535774,13,대성전기,0.03060522696011,16914,1,0,0.10698287734997139
90225,12,하늘에서 빛이 내리면 (6),0.0226377337252204,93774,1,0,0.1068997454379627
554471,7,007. 박힌 돌 빼기 (1),0.0257495164410057,8059,1,0,0.10659728699535347
553892,8,8화,0.0066889632107023,5049,1,0,0.1063389749224057
539540,8,득템,0.0255712202236266,10022,1,0,0.10631266518332261
553135,25,피난민이지만 육아합니다 25화,0.0,145,0,0,0.10616433874079416
418796,13,12. 초호화 놀이방,-0.0083529501101071,13279,1,0,0.10598948052507864
518734,7,7화,0.0251046025104602,6058,1,0,0.1059820132636772
577162,14,14. 미국 왕따가 싸움을 잘함,0.0088596426733328,26961,1,0,0.10595267093895162
520418,16,두 번째 손님 -1-,0.0690846286701208,539,1,1,0.10594595970186971
574368,9,9화,0.0511607910576096,17656,1,0,0.1058164493439295
494781,3,농장을 인수하다(2),0.0442701390545413,68112,1,0,0.10580011488963414
529960,9,009:말도 안 되는 보상!,0.0349349112426035,20387,1,0,0.1057888817072508
560969,9,영천 전투,0.0294882914137033,16785,1,0,0.10578138484742339
527164,7,7-연금술,0.025555782174179,47777,1,0,0.10575063665908878
566106,6,방시가 열리다,0.0509130300216651,24532,1,0,0.10569907808485561
548687,7,7화. 그냥 팔자다(1),0.0220319634703196,25701,1,0,0.10557335559005078
531246,8,"상식은 나중에, 문제 해결 먼저.",0.0447989420176054,23113,1,0,0.10554424873424799
567395,25,봉인,0.1232876712328767,64,1,1,0.10550686479576515
570506,6,소문과 짜x게티,0.0237079184447605,41180,1,0,0.10548095174154772
579284,12,4화. 회귀자가 축구 실력을 안 숨김 - 4,0.0089712918660287,24855,1,0,0.10534642568254668
563526,7,7화 너희도 평생 후회하게 만들어주마.,-0.0216728525980911,15415,1,0,0.10512319936403244
522532,8,8,0.0226681531029356,15780,1,0,0.10492018361241959
581843,20,020 : 군 수표도 받아주나요?,0.0157894736842105,3553,1,0,0.10486190963258948
544138,13,13화,0.0200653289780681,4200,1,0,0.10482465408159969
376244,10,제10화. 회귀(回歸),-0.0576718639262934,11939,1,0,0.10474749939337384
286189,15,15화,0.0190959632583997,4058,1,0,0.10448069976255213
522532,5,5,0.0273910325623686,17115,1,0,0.10418050130706173
570506,5,신앙심,0.0361060329067641,42180,1,0,0.10409628198269999
542531,9,9화 스탠포드,0.0190980986033989,23318,1,0,0.10408116099540962
541873,11,11화 빈 수레가 우는 이유,0.0381871590432227,11460,1,0,0.10394188014649154
538193,8,조유준은 전례없는 천재일지도,0.0676909852798968,17354,1,1,0.10393900660649041
268428,13,13. 에어K,0.0122801960219083,34264,1,0,0.10389646756440128
268428,10,10. 돈이 비처럼 내려,0.029596683414326,35345,1,0,0.10388326086118005
476539,7,체질 검사,0.0343844867108605,15586,1,0,0.10350257337885713
547482,9,제7화: 과외 첫날(6년 전 여름),0.0263028916843652,11920,1,0,0.10342691667626909
557225,8,시범 경기 (1),0.0318334960168771,30748,1,0,0.10333637380721912
548687,11,11화. 내가 착각하고 있었다(2),0.0237242425519362,23168,1,0,0.10329017962069786
581595,23,이천 (2),0.0826771653543306,233,1,1,0.10325793526289039
565213,9,권력의 방향(3),0.0383884454580008,5060,1,0,0.10324476412666701
268428,11,11. 비켜. 안비키면 밀고 간다,0.0142028575470363,34843,1,0,0.10295424559094844
542470,15,마음을 읽는 섭정왕과 혼인했다 15화,0.0272108843537415,143,1,0,0.10280176010500498
375271,11,11화,0.0395309477756286,39725,1,0,0.10272670719824006
559391,10,면제가 쉽게 되는 게 아닙니다.,0.0529045643153527,7304,1,0,0.10271535771385637
319100,12,12화,0.0314224222265701,24752,1,0,0.10264416644473137
530197,11,11화 - 해방의 시간,0.0318297207576645,4958,1,0,0.10253760978987862
508912,25,만급작정 25화,-0.0062893081761006,160,0,0,0.1023509681413675
571931,6,6화. 신비한 힘 (1),0.0210696920583468,33824,1,0,0.10229943196623434
577416,19,"결국, 노래",0.0294215981277164,11612,1,0,0.10228908302446618
565707,6,술래잡기 (1),0.0255118110236221,21658,1,0,0.10222202987775719
544647,8,8화 귀환한 삼촌은 재앙급 마법사,0.0537770128131573,24739,1,0,0.10214839161739932
481784,12,엘리트 몬스터,0.0304921656589298,14912,1,0,0.1020924347856299
545935,14,14화. 노덕술의 심문,-0.0390153274500697,4474,1,0,0.10208919809849587
534957,12,[12화],0.0120702267739575,5402,1,0,0.10205132457679612
128808,14,13장. 기도,0.0302439024390244,994,1,0,0.1020187355585569
513757,11,[10화] 여주인공이 없어서,0.0348777513957517,30079,1,0,0.1019402368448434
557490,17,제17화. 각궁무현(角弓無弦),0.0221075902726602,1327,1,0,0.10190315646242865
552965,8,008,-0.0027852049910872,18002,1,0,0.10184952205090231
573216,10,오늘 제대로 모시겠습니다,0.0304187696085117,7108,1,0,0.10178719815344665
544138,9,9화,0.0308289097590853,4747,1,0,0.10169110395442334
184654,17,머더 메이지(4),-0.0059442158207589,2200,1,0,0.10158607474447526
525227,6,6. 헤어질 결심을 했다.,0.0156582438861131,41176,1,0,0.10156125225904858
443334,9,울릉도 점령 (1),0.044417110837775,6992,1,0,0.10142558313314366
476539,6,깨달음,0.0518122540092815,16141,1,0,0.10135319444583676
531246,9,너도 백건우냐?,0.0584519534461125,21762,1,0,0.10123035487722522
558146,13,의료 소송,0.0302798006899195,2530,1,0,0.1012019036407225
565707,9,첫 경기 (2),0.0105391353224975,21124,1,0,0.10101158203676873
579087,20,020화 무당파(武當派)(4),-0.0016064257028112,1247,1,0,0.10094765610993388
555465,10,10화 방립의 위협,0.0228990662516673,4395,1,0,0.10091281790510039
563321,11,"제 11화. 도, 도, 도 돈은 어디서 바꾸죠?",0.0253493371551415,10881,1,0,0.10090311287579881
520703,19,#19화,0.0384615384615384,25,1,0,0.10088855247440301
363040,15,14화,0.0327586206896551,6171,1,0,0.10082664409162839
512544,9,진짜 복스럽게 먹네,0.0187469879518071,40722,1,0,0.10080067062491817
543879,6,6화. 실버 코인,0.0580496006725514,22409,1,0,0.10078289120070233
529719,6,천재는 주목받기 마련이다 (2),0.0566993703324059,32209,1,0,0.1005353737392575
585750,25,25화. 선물,0.0454545454545454,21,1,0,0.10048064163216423
476831,9,젊음 - 4,0.0089900266891417,7055,1,0,0.1003771245553575
488890,10,페이스북의 초대.,0.0149098923894722,22794,1,0,0.10033047800812259
550964,7,7화,0.0303948808621705,23032,1,0,0.1003212118483194
191722,16,작전명 화려한 개항,0.0017662643508978,10173,1,0,0.10026116003125427
563339,7,두각을 드러내다(1),0.023730224812656,30485,1,0,0.10021722347174145
556522,10,10화,-8.20613819136895e-05,36561,1,0,0.10016904246019924
563321,10,제 10화. 사장님 딸이 내 밑으로 들어왔다.,0.0057885831329592,11164,1,0,0.10014631797131884
556620,3,3화,0.0142600812163565,73066,1,0,0.10011136625074996
534819,10,아빠는 꼴값을 떤다(2) (2026.02.02수정),0.0169747899159663,5849,1,0,0.10001025809390497
518734,11,11화,0.025573655631459,5563,1,0,0.09992464523281112
530197,10,10화 - 엑스포 공원,0.0267958950969213,5121,1,0,0.09989882967127528
549589,6,목숨을 건 보조 출연,0.0128334699948513,51768,1,0,0.09976338755177198
532266,11,비어 있는 자리,0.0571151984511132,1948,1,0,0.0995939226115119
337226,9,009 - 우시장(牛市場) (1),0.0321472551688378,14933,1,0,0.09954230220555281
549388,15,난입,0.078578110383536,2955,1,1,0.09950162308848987
134514,18,프로페셔널 18화,0.0,1352,1,0,0.09947590670535637
514944,15,금릉춘 15화,0.02,49,1,0,0.09914572692274075
579450,17,기다림과 기회,-1.0,2,1,0,0.09906085646863592
577392,25,24화. 수즈 평야 전투,0.0,4,1,0,0.0988135200361387
581595,24,폭풍의 강상,-0.0472103004291846,244,1,0,0.09877362219474738
525227,5,5. 첫 보상을 받았다.,0.0087910525567508,41831,1,0,0.09868673271415612
550179,8,#008. 여름 이적시장 (1),0.0331808611050605,13316,1,0,0.09854922819710657
536098,10,10화 인류가 누릴 수 있는 최고의 사치,0.034023791697862,11612,1,0,0.09854686020678786
545079,11,11화 랜초 델 파소 (2),0.0348283638185917,3852,1,0,0.09853913257309756
581843,21,021 : 특권의 상징,0.0061919504643962,3531,1,0,0.0983154896971278
559391,8,고연수가 누구야?,0.0298064362902268,8170,1,0,0.09817821841097661
565742,23,23화 어둠 속의 주판알,0.0559032123487692,2263,1,0,0.09804376741086847
520418,11,최고의 신랑감 -1-,0.0531520395550061,766,1,0,0.0980107758396056
574368,11,11화,0.0501719375387563,16849,1,0,0.09769463131531221
542580,7,제7화. 저평가 지도,0.017372421281216,7240,1,0,0.09765102561596214
533816,11,러브 코미디는 원래 봄에 시작한다(1),0.0220406612198366,5147,1,0,0.09753996494605437
573683,5,5화 사람 참 귀찮게 만드네,0.0375548245614034,3511,1,0,0.09744079198120338
577416,20,블라인드 테스트 (1),0.051498449879435,11014,1,0,0.09742757617469609
533114,11,전신귀환 11화,0.0311875249900039,4846,1,0,0.09738923147216456
543382,7,7화,0.0093944935741664,39542,1,0,0.0971258775656369
573642,15,중생지재가황숙 15화,0.0085470085470085,116,1,0,0.0971214616767795
337226,8,008 - 삼팔따라지,0.032543265613243,15429,1,0,0.0970934641848045
522238,16,황상서죄 16화,-0.0192307692307691,53,1,0,0.09682858622826783
530581,9,영근 개선법,0.0059276018099547,21969,1,0,0.096822412804436
537219,9,[현대] 각성자 교육원,0.0150475184794086,18655,1,0,0.096717314290036
573642,25,중생지재가황숙 25화,0.0253164556962025,77,0,0,0.09670574984313125
333183,20,020,0.0,4,0,0,0.09657355347460456
358812,21,21,0.0215633423180593,363,1,0,0.09653268275411862
577162,15,15. 미국 왕따가 싸움을 잘함,0.0211416490486258,26391,1,0,0.09647376362040185
128808,20,19장. 그 이후,-0.0011560693641619,866,1,0,0.0963504118737464
552788,14,14화,0.0467423599320883,17967,1,0,0.09608686295905172
554560,13,4장. 값비싼 경비견 (2),0.0396930404869012,3629,1,0,0.09608116550296934
372155,10,10. 가장 어두운 시대(2),0.0888463989802421,21444,1,1,0.09597090040724081
556685,12,[12화] 임진강 전선을 봉쇄하라!,0.0342034203420341,5365,1,0,0.09592438816537166
545935,10,10화. 사자가 들개를 피하겠는가,0.0529270248596631,4724,1,0,0.09587345328403778
451197,17,0017,0.0087336244541484,2497,1,0,0.09567867378041928
565202,8,008화. 플레이 버튼,0.0192705844879758,12316,1,0,0.09566395140987193
573683,9,9화 보석은 숨어 있는 법,0.0034710170079833,2871,1,0,0.09565685362841217
552100,16,장공주 16화,-0.1666666666666667,21,1,0,0.09556458575704804
529052,20,영등포공장 게이트(5),0.0304878048780488,159,1,0,0.09548515501771879
553138,16,죽서요 16화,0.0,14,1,0,0.09546681245614991
541873,6,"6화 그래서, 그게 누군데요?",0.0353516359533658,12825,1,0,0.09536478364084597
563571,10,진짜배기,-0.0021888444410897,13278,1,0,0.09534959502646001
558146,12,항공기 안의 응급환자,0.0087386018237082,2609,1,0,0.09532086332405498
565202,9,009화. 시뮬레이션해 보겠습니까?,0.0080383241312114,12217,1,0,0.09523027488817333
545079,13,13화 랜초 델 파소 (4),0.0453545904343045,3473,1,0,0.0951473516618977
529719,8,Guess who's back (2),0.0393868223943125,30267,1,0,0.09512868453542901
234339,17,유매 (3),-0.0739960962344012,48971,1,0,0.09508983837841091
540166,11,04. 마노아(2),0.0362560118386977,5210,1,0,0.09504853669841166
535250,22,댓가,0.0370828182941903,779,1,0,0.0949940473268159
574693,9,# 9화,0.0294068464680729,40630,1,0,0.09498022667458708
560969,10,파재를 베다,0.007864164432529,16653,1,0,0.09496017816848906
534819,9,아빠는 꼴값을 떤다 (26.02.02수정),0.006180056789711,5950,1,0,0.09491786766709602
537219,6,[무협] 무림청룡대회(2),0.0512196286218912,19876,1,0,0.09480828869806233
546589,9,008. 러시아 리얼리티 쇼크,0.0058479532163743,5780,1,0,0.09469098011927359
532266,15,포위,0.042825361512792,1721,1,0,0.09466758515525113
553135,15,피난민이지만 육아합니다 15화,-0.0033333333333334,301,1,0,0.09448524681861392
579284,13,4화. 회귀자가 축구 실력을 안 숨김 - 5,0.0015691007845504,24816,1,0,0.09428825734600967
534819,11,아빠는 엄마를 지킨다.,-0.0005129081894341,5852,1,0,0.09422102567130038
527164,6,6-도유꾼,0.0190861075544174,49030,1,0,0.09398886874413433
363040,13,12화,0.0021705426356589,6436,1,0,0.0939398297850624
568900,8,8화 강유현(2),0.0232082984073763,18645,1,0,0.09382339852561909
549388,18,한밤의 추격전,0.0322344322344322,2642,1,0,0.0936848344553852
364922,14,인체 모형,0.031805866415361,8219,1,0,0.0935599026766027
547482,8,제6화: 비글이 효녀가 되는 시간,0.0255512218419167,12242,1,0,0.09354309719402036
508912,15,만급작정 15화,-0.0071428571428571,282,1,0,0.09347147511821952
433377,13,제 12 장 겁난(劫難)중의 인연,0.0383814340969949,3232,1,0,0.09344489755231278
451197,11,0011,0.0284768211920529,2934,1,0,0.09343335465188388
543879,10,10화. 보상,0.0201759418626888,20494,1,0,0.09338091298913169
582089,15,고철 사업을 준비하다,0.0234159779614324,709,1,0,0.09335040056504064
162830,19,19장. 폐교회의 사연 (19),-0.0036416605972322,9646,1,0,0.09329986350916877
523724,23,23화 두 개의 프로젝트,-0.0414507772020724,201,1,0,0.09329661463881211
557881,9,납치당하기 딱 좋은 날씨네(1),-0.0159149350198068,14618,1,0,0.09321787481466262
558281,8,8화 - 14... 14...,0.0125529340592861,13058,1,0,0.09318991546179405
512399,10,10화-vs 경산고(2),0.0263568193629816,13114,1,0,0.09312070943890861
546644,9,영업 중단 위기,0.0112659353691075,3335,1,0,0.0930174387396309
580897,24,급보를 받다,0.0391891891891892,711,1,0,0.0930131367958596
522241,17,야주색 17화,-0.0204081632653061,50,1,0,0.09283574441465721
553948,16,투자의 신 (16),0.0242146596858638,1491,1,0,0.09278733309107168
505913,14,14화,0.0192628650904033,28206,1,0,0.09268240767565172
536098,13,13화 미래를 안다고 하면 어떻게 하시겠어요?,0.0214926997370091,10790,1,0,0.09267057885275648
493717,8,8. Sunday After Silence,0.0261754146007864,56959,1,0,0.09256159618177506
538483,8,8화,0.0261683602939393,40154,1,0,0.09246963910676875
441725,12,제12화. 귀신 장사.,0.0291305117761643,10965,1,0,0.09240927991517209
538193,9,드래곤 다짐육을 내가 먹어도 돼?,0.0387806845683992,16681,1,0,0.09231704529286955
543382,8,8화,0.0225582924485356,38650,1,0,0.09228777412027109
524031,8,8화 - 씁쓸한 소식,0.0046574810789831,15387,1,0,0.0921830392997464
531329,9,9화,0.0056396556841792,33500,1,0,0.09216223536100975
441725,15,제15화. 반휘혈.,-0.0016007532956685,10637,1,0,0.09215350282276441
134514,16,프로페셔널 16화,0.0358868184955141,1397,1,0,0.09215111405303279
128808,15,14장. 원준의 첫 강의,0.028169014084507,966,1,0,0.09197631851931573
571931,7,7화. 신비한 힘 (2),-0.0065633869441816,34046,1,0,0.09184323193115329
418603,8,3가지 세상을 이해하는 자 (8),0.0080474736909513,46470,1,0,0.09177326820926379
479971,13,13화.,0.0446267204226331,6872,1,0,0.09163219219512869
563526,9,9화 공간이 열리면 찬다.,0.0490295529857307,14062,1,0,0.09155027850892593
452318,5,1.세계를 구하는 방법(4),0.0783811686970885,66951,1,1,0.09141924206093018
573643,25,금옥만당 25화,0.0109890109890109,90,0,0,0.09137653002790938
561939,9,9. 임자 있는 몸이었냐?,0.0276752767527674,5797,1,0,0.09128295240174474
546644,12,폭풍 속 지휘자,0.0221955608878224,3260,1,0,0.09120936111456958
557881,7,능력은 만능이 아니다(2),0.0164272458588219,14310,1,0,0.0908522426943328
556522,8,8화,0.0209229516124926,38465,1,0,0.090826183981983
480433,5,응급 수술 (1),0.0542683123328284,58694,1,0,0.09066028243237836
584471,15,억울해요,-0.1666666666666667,7,1,0,0.09062636506112083
337226,10,010 - 우시장(牛市場) (2),0.0332819929016272,14436,1,0,0.09059637764705322
469259,4,레이미 캐슬(2),0.0465839105159149,49693,1,0,0.09058731273009515
573666,12,012. 첫 방송 (5) - The Deep Ground,0.0092449922958397,11574,1,0,0.09040091038234038
565122,9,9화,0.0241076872566953,20807,1,0,0.09039092096873506
565391,10,10화,0.0043396334151772,17437,1,0,0.0903735387767859
565707,7,술래잡기 (2),0.0168067226890756,21294,1,0,0.09033910114740668
525008,7,7화,0.035129405735318,41419,1,0,0.09032355873230705
513757,14,[13화] 경험치 이벤트로,-0.0200252017845588,29951,1,0,0.09022672369682436
536163,9,9화,0.0286803178089271,30074,1,0,0.09011480523010411
544370,6,6화,0.0283414782296584,70385,1,0,0.09004397087336408
363040,17,16화,-0.0078546882670593,6159,1,0,0.08999009972073022
546589,11,010. 로판제국은 항상 사랑 때문에 사건이 터진다(1),-0.0056737588652482,5672,1,0,0.08997123384107693
419940,10,레이드 이벤트(1),0.0403984504703929,39882,1,0,0.08995932603656209
170423,7,무명의 초신성 (2),0.1009635923482223,75760,1,1,0.08982235609076382
170423,5,이름 없는 조연의 튜토리얼 (4),0.0344484200044001,83386,1,0,0.08966294092254089
558281,11,11화 - 3호(진)에서 3호가 되었습니다,0.0533667043436137,11725,1,0,0.08963796344566653
536163,10,10화,0.0129347609230564,29685,1,0,0.08962937819688746
201454,17,달에서 온 색채 (5),0.0154733301297452,10244,1,0,0.08953952403944673
557962,11,겨울 감옥,0.0013082155939299,7634,1,0,0.08942586914390332
565202,11,011화. 찾았다!,0.0173956262425447,11862,1,0,0.08935839560711484
571931,8,8화. 오정그룹 사모님 (1),-0.0003230922869059,34057,1,0,0.08933173821236848
556083,5,...재능이 있었어?,0.0263034688231538,45754,1,0,0.08932047781262167
359132,20,#020화,0.0,6,0,0,0.08926546343860202
577416,21,블라인드 테스트 (2),0.0390412202651171,10584,1,0,0.08903328517254884
381297,16,제16장 단장풍,-0.0121739130434783,582,1,0,0.08895227612901076
246282,25,"네가 XX가 없지, 가오가 없냐?",0.0238766373735699,5887,1,0,0.08890509099049909
481784,13,구울,0.0321888412017167,14432,1,0,0.08888086925684785
535250,23,21대,0.017971758664955,765,1,0,0.08870956862943981
54528,13,청백전의 에이스 - 2,-0.0048055919615552,9200,1,0,0.08869479042362464
292182,14,"#014 잔고 52,337,827원",0.0141749379652605,31783,1,0,0.08857674064513382
319100,14,14화,0.0219221472034675,23468,1,0,0.08855622121550863
563526,8,8화 좋습니다. 그거 재밌겠네요.,0.0407395394096659,14787,1,0,0.08854387465722498
579087,21,021화 무당파(武當派)(5),0.0104250200481155,1234,1,0,0.0883633492725564
513757,12,[11화] 하나가 된 우리는,0.0130655939359686,29686,1,0,0.08821649681080065
550171,11,11화. 울면 지는 것이다.,0.0191092274518551,13192,1,0,0.08819380144314845
516965,14,설득(힘),0.0262041805513481,6429,1,0,0.0881327671761471
452318,6,1.세계를 구하는 방법(5),0.0528595540021806,63412,1,0,0.08804747939613233
476539,5,온심부(溫心符),-0.0203800275729784,17023,1,0,0.08796982349985295
529960,10,010:침입자들이 자꾸 돈을 주네?,0.043998626575759,19490,1,0,0.08786620434349049
542470,16,마음을 읽는 섭정왕과 혼인했다 16화,-0.006993006993007,144,1,0,0.08772789808985242
286189,14,14화,0.0109968921826439,4137,1,0,0.08769870238078717
538483,9,9화,0.0438312496886985,38394,1,0,0.08764196432623832
376559,21,021. 공주를 위한 전장,0.0,33,1,0,0.08751462032074006
452318,7,2.FS게임즈(1),0.0070806787358859,62963,1,0,0.08749858759777908
476539,9,한 걸음,0.0246568212868388,14992,1,0,0.0873975628380646
577162,16,16. 미국 왕따가 싸움을 잘함,0.0278125118411579,25657,1,0,0.08732726766186615
516965,13,블러핑,0.0153616703952274,6602,1,0,0.08731316425123176
558281,9,9화 - 네가 후임 3호냐?,0.0140909787103691,12874,1,0,0.08730214283710387
536163,11,11화,0.0252989725450564,28934,1,0,0.08721854035061805
319100,13,13화,0.0306237879767291,23994,1,0,0.08712552042723118
546589,12,011. 로판제국은 항상 사랑 때문에 사건이 터진다(2),0.0165726375176304,5578,1,0,0.08712357718946204
563160,11,#011. 성질나오게 만드네.,0.0352201257861635,9971,1,0,0.08706037773394963
526298,8,008화,0.0231311835837303,42654,1,0,0.08694447771545243
376244,13,제13화. 전환(轉換) 1.,-0.0037587412587412,11483,1,0,0.08691938555111049
514944,16,금릉춘 16화,0.0204081632653061,48,1,0,0.08688914433918471
558281,10,10화 - 나랑 시합할래?,0.037905856765574,12386,1,0,0.08681301016191378
557343,12,클래식카(2),0.0259997796628842,8841,1,0,0.08677904913484548
563321,9,제 9화. 50원 싼 집 가시든가,0.0240743959673214,11229,1,0,0.08668139629785901
191722,12,화양연화(華陽連火),0.0424706772606886,10123,1,0,0.0865741016220654
544138,11,11화,0.0363116197183098,4379,1,0,0.08647597107514528
541873,13,13화 우리 아이들이 달라졌어요,0.0559843764530828,10151,1,0,0.08641821738501342
364922,13,대칭맞추기,0.0829642432753592,8489,1,1,0.08636877880608934
549228,13,013화,0.017016317016317,4217,1,0,0.08636810709970304
545835,3,여행의 해프닝,0.0373665480427046,87642,1,0,0.08636439501879581
90225,13,하늘에서 빛이 내리면 (7),0.0141083882526072,92451,1,0,0.08635362045968643
552788,15,15화 (내용 전면 수정),0.0218177770356765,17575,1,0,0.08631623763761431
537197,11,"3장. 인생, 계속 꼬이다. (1)",0.0348968955359165,4259,1,0,0.08618936506694837
522532,11,11,0.014672110232202,15446,1,0,0.08617015311520464
162830,20,20장. 폐교회의 사연 (20),0.0091229525191789,9558,1,0,0.08614131549155611
554066,10,10화. 시험(1),0.0162077189939289,18149,1,0,0.08603429334586146
337226,11,011 - 송아지,0.0363674147963424,13911,1,0,0.08603274655550383
544370,5,5화,0.0534197527637665,72438,1,0,0.0859674260234994
443334,13,안중근함 VS 수색 전단 (3),0.0050357374918778,6125,1,0,0.08571206134838373
443334,10,울릉도 점령 (2),0.0474828375286041,6660,1,0,0.08566796477618974
565742,24,24화 서로 다른 계산,0.0477242598320812,2155,1,0,0.0856672561693724
538483,10,10화,0.0025785278949835,38295,1,0,0.08556876216085933
547482,12,"제10화: 비밀은 무덤까지, 거리는 45cm까지",0.0206106870229008,11547,1,0,0.08550145261579628
557881,8,능력은 만능이 아니다(3),-0.0055206149545772,14389,1,0,0.0854872876345914
557490,25,제25화. 지저(地底)의 기적 - 1권 끝.,0.0445075757575758,1009,1,0,0.08524278545648524
579284,14,5화. 데뷔전 - 1,0.0176901998710509,24377,1,0,0.08516457390615444
557225,9,시범 경기 (2),0.0010407180954858,30716,1,0,0.08514382916081481
526298,9,009화,0.0203497913443053,41786,1,0,0.08510768940637388
555164,13,013,0.0214044310927525,7818,1,0,0.08507699184161913
535335,8,불 속성 (2),0.0343697404553104,32703,1,0,0.08504715443534006
580897,25,징조를 읽다,0.1392405063291139,612,1,1,0.08504530822723823
358812,22,22,0.1735537190082644,300,1,1,0.08499376326800549
566106,10,심마니는 가고 싶다,-0.0039008821313002,22647,1,0,0.08490302147358393
201454,18,싹트는 아가페 (1),0.0331901600937133,9904,1,0,0.08488412133174217
476831,13,스탈린 - 4,0.0224719101123596,6438,1,0,0.0848162561848691
90225,14,하늘에서 빛이 내리면 (8),-0.0081989378157076,93209,1,0,0.08479416903979099
517290,9,밀크 앤 허니 롤케이크,0.0754716981132075,1176,1,1,0.08448424661481725
557097,13,전능의 동자신을 주웠다-13,0.0060269254852849,12699,1,0,0.08447434228689621
520703,20,#20화,0.0,25,1,0,0.0843380210128024
552434,13,013. 구조 신호,0.0128430588862243,18524,1,0,0.0842551903470593
514945,16,등당입실 16화,0.02803738317757,104,1,0,0.0841401274178321
520418,20,두 번째 손님 5,0.0088888888888888,446,1,0,0.08396702782727405
514940,20,미쳐 날뛰다 (2),0.0833333333333333,11,0,1,0.08385562183252694
540166,13,04. 마노아(4),0.0121610845295055,4955,1,0,0.08374437491880238
330536,13,마지막 퀘스트,0.000386830568211,23257,1,0,0.08363376821494416
479971,10,10화.,0.0190821256038646,8122,1,0,0.08361375116645935
184654,14,머더 메이지(1),0.0128565689031739,2457,1,0,0.08357496465275967
557962,7,새로운 국면,0.0326256447163247,8065,1,0,0.08347153735334577
494781,4,농장을 인수하다(3),0.0381724218933521,65512,1,0,0.08324230174360446
581595,25,순빈 봉씨,-0.0081967213114753,246,1,0,0.08298055926918388
535774,14,사이다 공포,0.0140120610145442,16677,1,0,0.08295734413746544
573683,13,13화 그가 움직인 이유,-0.0031380753138074,2877,1,0,0.0828747015491351
580058,25,24장,0.0575539568345323,131,1,0,0.08264373499146069
162830,16,16장. 폐교회의 사연 (16),-0.0014427040395712,9718,1,0,0.08263617023017246
566106,8,영기를 흡수하다,0.0200076462342296,23070,1,0,0.08255093142175057
443313,18,18화. 드워프,0.0586116368520667,15419,1,0,0.08245010580001588
128808,17,16장. 불의의 사고 -2,0.1172413793103448,896,1,1,0.08220471808620139
565213,11,전두엽 절제술(2),0.0161725067385444,5110,1,0,0.08218950564897752
549228,14,014화,0.043632914394119,4033,1,0,0.08206115328694373
550179,10,#010. 로열 FC (3),0.0205701078582434,12713,1,0,0.08205003586365779
564440,7,남계 위가의 위기,0.0289337788578372,12787,1,0,0.0820066190415622
554066,8,8화. 일류급 의뢰,-0.0020882563059845,18235,1,0,0.08198496675011824
554471,13,013. 기초 공사 시작 (2),0.0303967027305512,7528,1,0,0.08192185641429753
522532,10,10,-0.0032639999999999,15676,1,0,0.08166727892167805
544647,13,13화 귀환한 삼촌은 재앙급 마법사,0.0455669374779229,21616,1,0,0.08154445330635798
577162,17,17. 미국 왕따가 싸움을 잘함,0.0276337841524729,24948,1,0,0.08153024697467082
545935,12,12화. 함정을 파다,0.0427444103463393,4367,1,0,0.0814618977522601
557580,9,변화 (3),0.0256939073644409,34014,1,0,0.08133222224457731
566106,9,천운을 의심하다,0.0221499783268314,22559,1,0,0.08123245235915821
554560,11,3장. 보스턴의 황태자 (4),0.0241853360488798,3833,1,0,0.08119516195247072
543879,9,9화. 어미 괴물쥐,0.0362178601050594,20916,1,0,0.08117348978361161
556522,14,14화,0.0570755411574142,32017,1,0,0.08106661173143452
330536,15,대환단 먹방,0.0261625341921821,22073,1,0,0.08081377684950722
545079,16,16화 시에라 네바다 산맥 (2),0.0638864241348713,3165,1,1,0.08075461167315803
543879,12,12화. 목표,0.0204081632653061,20256,1,0,0.0807471313272525
184654,13,두 누나에 대해(9),-0.0285123966942149,2489,1,0,0.08069901798002029
517290,15,분골쇄신,0.060790273556231,927,1,0,0.08064774749528525
419940,17,마정석이 필요해 (2),0.0101796740279245,35588,1,0,0.08050260488036137
535335,5,실전 (2),0.042548709847288,36364,1,0,0.08042734210778478
556685,6,[6화] 첫 승전보!,0.0205964738836711,5944,1,0,0.0803534253031228
563715,9,9화,0.0181323662737987,12996,1,0,0.0802636658317325
512544,7,잘 부탁드려요,0.0656970912738215,42849,1,1,0.08017468241317362
548687,12,12화. 내가 착각하고 있었다(3),-0.0015538674033148,23204,1,0,0.08010794501382931
234339,13,방과후 (1),-0.0118249054007568,47062,1,0,0.08006149082199839
579087,22,022화 안경부(安慶府) 의료지원(1),0.019448946515397,1210,1,0,0.08002753308761261
525008,10,10화,0.002031462901028,40283,1,0,0.08000670633709416
376244,9,제9화. 세월(歲月),-0.0334157282797766,11288,1,0,0.07991457864037858
561939,11,11. 현장은 원래 위험하다.,0.0489296636085626,5287,1,0,0.07989180829134611
564241,8,008 : 실전이었으면 죽었어,0.015758485338259,17051,1,0,0.0798579506084944
539540,11,마계 게이트,0.0097966137791501,9299,1,0,0.07980534536461568
550964,13,13화,0.0275605942142298,19900,1,0,0.07979914776161699
433377,15,제 14 장 자초(自招)한 사경(死境),0.1153966760740043,2821,1,1,0.07972586332135714
565742,25,25화 군기감에서 기름을 짜다(1),0.0078886310904872,2138,1,0,0.07968641080297828
364922,15,포르말린 병의 개구리,0.0294439712860444,7977,1,0,0.07958374824759325
418796,15,14. 삼색이야,0.0321738462719803,12604,1,0,0.079582552872234
512544,8,혹시 시운인가?,0.0314826483698569,41500,1,0,0.07956458234150998
581843,22,022 : 제국 부인들의 로망,-0.0110450297366184,3570,1,0,0.0793809262573154
535250,24,울지말아라,-0.0091503267973855,772,1,0,0.07925665964989903
583078,19,북진,-0.0330920372285419,999,1,0,0.0792304293841092
333183,21,021,0.0,4,0,0,0.07920567123977229
191722,15,"왜국의 상황, 그리고 조선통신사",0.0278546217685776,10191,1,0,0.07917236691731633
545935,13,13화. 함정을 파다2,0.0139683993588275,4306,1,0,0.07912422118766128
563715,11,11화,0.0497542997542997,12376,1,0,0.07908738388777051
582089,16,앤더슨과 함께 하다,-0.002820874471086,711,1,0,0.07908592772717767
224777,15,불청객(4),-0.002076124567474,5792,1,0,0.0790467216992789
564241,10,010 : 대선과 뇌물,0.0045055588063195,17013,1,0,0.07896261328421807
128808,21,20장. 엘리온의 분노,0.0207852193995381,848,1,0,0.07893614925435434
376559,16,016. 새벽을 위한 검,0.826530612244898,34,1,1,0.07891903106192011
234339,20,금예린 (3),-0.0267517893434656,46479,1,0,0.07887080575538977
184654,18,머더 메이지(5),0.0359090909090908,2121,1,0,0.07886698209669672
577416,22,작곡가가 누굽니까?,0.026832955404384,10300,1,0,0.07884952888330478
541245,9,"-9- 하늘이 외면해도, 농부는 농사를 짓는다.",-0.0171307220386975,21553,1,0,0.0786608912605487
551214,10,자금을 조달하는 방법 (2),0.0093877551020408,7281,1,0,0.07863615520675572
557343,11,클래식카(1),0.0152961596875678,9077,1,0,0.07857778455912605
537197,13,"3장. 인생, 계속 꼬이다. (3)",0.0565902578796562,3951,1,0,0.07855157273275788
530197,9,9화 - 원 패턴,0.0166324051579144,5262,1,0,0.07851083904104629
455299,14,14화,0.0458641013481471,42252,1,0,0.07842820708973541
451197,18,0018,0.0216259511413696,2443,1,0,0.07839225501128835
553135,16,피난민이지만 육아합니다 16화,0.0199335548172757,295,1,0,0.07828962469625057
553138,17,죽서요 17화,-0.5,21,1,0,0.07827962017573852
569827,12,비문보관소,0.0362094494548391,7160,1,0,0.07827567940927417
522238,17,황상서죄 17화,0.0,53,1,0,0.07826989423043426
573642,16,중생지재가황숙 16화,0.0,116,1,0,0.07815403678345313
381321,7,역면접 2,0.0372812057724176,79587,1,0,0.07813289047665205
537197,10,"2장. 인생, 더 꼬이다. (5)",0.0379332897318508,4413,1,0,0.07812960864697349
443334,15,미끼 작전 (2),0.0414402173913043,5644,1,0,0.078026653860639
522241,18,야주색 18화,0.02,49,1,0,0.0779819658597039
563286,6,6화,0.0090594662579098,50425,1,0,0.07795727437366938
224777,13,불청객(2),0.0387169933581726,5934,1,0,0.07782380718965763
557097,11,전능의 동자신을 주웠다-11,0.0142857142857142,13110,1,0,0.0778211770669251
481784,20,레이지버드,0.0241453149228383,13216,1,0,0.07776765420233578
534957,10,[10화],0.0105503780552136,5627,1,0,0.07757710735196877
560429,9,9화 - 법술의 벽,0.0394551144382401,15654,1,0,0.07750468551572538
86305,13,호환(虎患)-4,0.2062084257206208,358,1,1,0.07748825958875705
565122,11,11화,0.033486669634466,19540,1,0,0.0774761228654158
560969,11,사람 다섯을 묻어주다,0.0024019696150843,16613,1,0,0.07737082728851657
529052,21,영등포공장 게이트(6),0.0251572327044025,155,1,0,0.07736214045624751
481784,15,디펜스,0.0234602076124567,14111,1,0,0.07733605265225517
520418,21,황태자의 자신감 -1-,0.0291479820627802,433,1,0,0.0773292915759864
557097,12,전능의 동자신을 주웠다-12,0.0254767353165522,12776,1,0,0.07722253482712041
553948,17,투자의 신 (17),0.0187793427230047,1463,1,0,0.07708259174088412
565122,8,8화,0.0397243615727604,21321,1,0,0.07703603628406282
443334,11,안중근함 VS 수색 전단 (1),0.0147147147147147,6562,1,0,0.07703338717717696
493717,7,"7. 나만의 무대, 나만의 뮤직비디오.",0.0130935106131677,58490,1,0,0.07691971096431949
574693,11,# 11화,0.0332839140103781,39123,1,0,0.07669890897498607
210472,6,오늘은 삼계탕 먹고 몸보신이나 하자,0.0134701291051003,100483,1,0,0.07666933804093166
548687,10,10화. 내가 착각하고 있었다(1),0.041210456143186,23731,1,0,0.07659410473483436
550013,10,칭찬을 하시던데요?,0.0068189082643747,27965,1,0,0.0765347723865768
508912,16,만급작정 16화,0.0425531914893616,270,1,0,0.07643519067450406
418796,16,15. 마스크를 벗고,0.0309425579181212,12214,1,0,0.07641224174329839
563571,11,장터,-0.0027865642416027,13315,1,0,0.07630808275734671
557343,16,세관 압류물 경매(2),0.0353054584889745,8006,1,0,0.07620645500682595
419940,13,등장 (2),-0.0019868438716605,37319,1,0,0.0761389131654174
364922,17,제물의 일기장,0.0639851320854905,7051,1,1,0.07608892601612527
533114,12,전신귀환 12화,0.0119686339248864,4788,1,0,0.07603304235461344
548891,12,12화 정상 속도 (1),0.0177179305457122,13860,1,0,0.07584771257121821
433377,16,제 15 장 향로(香爐) 속의 무공비결(武功秘訣),-0.0343849698688407,2918,1,0,0.07580610335708954
535774,16,썩어도 준치,-0.0006045218232377,16552,1,0,0.07570825611331362
514940,21,구명지은(救命之恩) (1),0.0,11,0,0,0.07564475606954521
517290,16,이르쿠츠크,0.0258899676375404,903,1,0,0.07558334449540292
548106,10,독살 미인 사건 (5),-0.0054913531677731,12268,1,0,0.07555207819736116
358812,23,23,0.0566666666666666,283,1,0,0.07550395109135229
561939,14,14. 형님! 나도 데려가요.,0.0340627580511974,4679,1,0,0.0754933621035785
563321,12,"제 12화. 진짜, 괴물인가?",0.0192077934013418,10672,1,0,0.07547206663150086
545079,14,14화 랜초 델 파소 (5),0.0123812266052404,3430,1,0,0.07542642872892882
544138,10,10화,0.0427638508531704,4544,1,0,0.07539035132946606
443313,17,17화. 묘지,0.0421077255979881,16379,1,0,0.07535657492942856
570506,8,재단장,0.0259629656665936,40030,1,0,0.07533598004508558
376559,22,022. 기사를 위하여,0.0,33,1,0,0.07520635482621607
546589,13,012. 파혼동맹(1),0.0166726425242021,5485,1,0,0.07519358787020766
128808,18,17장. 픽시의 보은,0.0111607142857143,886,1,0,0.07515112693486002
525008,9,9화,0.0133460438512869,40365,1,0,0.07506838488472262
529719,9,마르세유에서 다시 피는 꽃 (1),0.0121254171209568,29900,1,0,0.07502705415102139
443313,16,16화. 일거리,0.0078333526749448,17099,1,0,0.07500282946797686
443313,19,19화. 죽음,0.037161943057267,14846,1,0,0.07495151398739068
441725,11,제11화. 귀신이 나오는 집.,0.0833536238941644,11294,1,1,0.07493474704240669
563571,12,산의 거장,0.0155463762673676,13108,1,0,0.07463787788995292
573683,10,10화 가치를 알아보는 안목,0.0229885057471264,2805,1,0,0.07429291305765666
573643,16,금옥만당 16화,0.0168067226890756,117,1,0,0.07423187636824208
561939,10,10. 완전 신입인데요?,0.0410557184750732,5559,1,0,0.07378877585231997
552788,17,17화,0.069276922125317,15047,1,1,0.07355329566984102
548106,9,독살 미인 사건 (4),0.0222774260758074,12201,1,0,0.07339870641475862
455299,13,13화,0.006037888310289,44283,1,0,0.07338379760347431
363040,18,17화,0.0209449585971748,6030,1,0,0.07337479857714803
579284,15,5화. 데뷔전 - 2,0.0413094310210444,23370,1,0,0.07336092736609387
546589,10,009. 할 일만 하고 돌아가기,0.0242214532871972,5640,1,0,0.07335330589315536
577162,18,18. 미국 왕따가 싸움을 잘함,0.0309042809042808,24177,1,0,0.07328967797784885
551214,13,첫 계약,0.0068008327550311,7156,1,0,0.07328958594274107
476831,12,스탈린 - 3,0.0225586227367171,6586,1,0,0.07324809019561411
564241,11,011 : 타이탄 포트 덕커,0.0360900487862223,16399,1,0,0.07322595344036503
359132,21,#021화,0.1666666666666666,5,0,1,0.07311093090271299
569827,9,이건 전화기라는 것이다,0.030146316851665,7689,1,0,0.07274787588062626
574368,10,10화,-0.0047009515178975,17739,1,0,0.07259965617079167
573216,9,여유는 돈에서 나온다,0.0133243606998654,7331,1,0,0.07258156028795892
443313,15,15화. 북부,-0.0385681571652405,17234,1,0,0.07256731914448966
505913,17,17화,0.0161852309767337,26259,1,0,0.07250232465211141
574693,7,# 7화,0.0342908640306409,42863,1,0,0.07246920532115227
54528,15,갈림길 - 2,0.0243796727706143,9004,1,0,0.07232758869907757
493070,10,로또는 투자를 위한 시드머니일 뿐,0.0188213845246394,36596,1,0,0.07230736688051728
514945,17,등당입실 17화,0.0384615384615384,100,1,0,0.07201116415048028
548106,12,미두의 신,0.0501151616233818,11960,1,0,0.07199659194515426
577416,23,진짜 마피아,-0.0214563106796117,10521,1,0,0.07196068603566422
565122,10,10화,0.0283558417840149,20217,1,0,0.07193867104260246
292182,25,#025 찾았다,0.0734779566130161,1324,0,1,0.07191168599856144
514944,17,금릉춘 17화,0.0,48,1,0,0.07186230775360915
477026,8,천재?,0.006079027355623,9810,1,0,0.07180081947120309
538483,7,7화,0.0129270102697914,41233,1,0,0.07172124607660828
381297,17,제17장 약사헌,0.0378006872852233,560,1,0,0.07172066507534
549228,15,015화,0.0547979171832382,3812,1,0,0.07164799009587927
542470,17,마음을 읽는 섭정왕과 혼인했다 17화,0.0277777777777777,140,1,0,0.07157923246984407
549589,7,첫 촬영장에서,0.0075529284500077,51377,1,0,0.0715648589937679
557962,12,구출 작전,0.0098244694786481,7559,1,0,0.07142122839259331
54528,11,새 학기의 시작 - 3,0.0210052513128281,9135,1,0,0.07129823299160244
512544,10,대본 리딩,0.0367614557241785,39225,1,0,0.07128493867116362
575331,18,에피소드 2. 강가에 남은 마음 18화,-1.0,8,1,0,0.07123920180935998
555465,4,4화 단톡방,0.0296725167360231,5363,1,0,0.07123402697754311
553948,12,투자의 신 (12),0.0456521739130434,1756,1,0,0.07111042361104232
573216,11,암행어사 출두야!,0.0413618458075407,6814,1,0,0.0711100690900614
579284,16,5화. 데뷔전 - 3,0.0487376979032948,22231,1,0,0.07107431908864924
443334,6,전 승조원 전투태세! (1),0.1011011011011011,8082,1,1,0.07107003116456043
477026,9,만화,0.0325178389398572,9491,1,0,0.07099478272329571
535335,9,불 속성 (3),0.0152891172063724,32203,1,0,0.07093583235991714
546644,11,300만이 홀린 불꽃의 안무,0.0118553645524599,3334,1,0,0.07084686079218537
530581,13,비밀 서재,0.0299251870324189,19839,1,0,0.07060546722126498
493070,14,전 직장 동료 여직원들과 2대1 데이트,0.0276093335196311,34797,1,0,0.07060113531416765
568900,7,7화 강유현(1),0.0176016469377251,19088,1,0,0.070566441658207
544647,10,10화 귀환한 삼촌은 재앙급 마법사,0.0064548579092966,23704,1,0,0.0704983550005272
531329,11,11화,0.0217077570655441,32538,1,0,0.07040297871685938
548687,14,14화. 인공지능의 시대가 도래했다(1),0.022686383781649,22272,1,0,0.07029723074588967
191722,13,간택 전야,-0.0016793440679641,10140,1,0,0.07010611685593397
563321,13,제 13화. 냉장고 속 걸그룹,0.0055284857571213,10613,1,0,0.07007124870709319
542580,8,제8화. 파산 직전의 기업이 은행을 협박할 때,0.0174033149171271,7114,1,0,0.07001852787664743
210472,5,업무시간에 토익책 보이면 죽는다,0.0291016890990201,101855,1,0,0.06999958917185058
530581,12,뽑기 1000연차!,0.0403547463751114,20451,1,0,0.069962080679282
557097,14,전능의 동자신을 주웠다-14,0.0445704386172139,12133,1,0,0.06987137176465749
531246,12,엘리트들의 무덤 (2),0.0775212403398454,19218,1,1,0.06969108808415464
581843,23,023 : 해머의 아들,0.0260504201680672,3477,1,0,0.06963785468929369
573216,13,너 살 맞았어,0.0054109388710149,6801,1,0,0.0695890768100207
557881,14,상하관계(4),0.0125519904931669,13295,1,0,0.06952262700848806
241417,19,심연의 장(6),0.0201717323156603,7189,1,0,0.0694842263752496
443334,12,안중근함 VS 수색 전단 (2),0.061871380676623,6156,1,0,0.06926282488265022
557343,10,올드카,0.0280472374525516,9218,1,0,0.06918614434395726
533816,14,러브 코미디는 원래 봄에 시작한다(4),0.0251836306400839,4645,1,0,0.06915403611380909
547756,9,1조달러에 H₂O 팝니다 (9) 진짜 전쟁,-0.001289656951251,3882,1,0,0.06914558449246902
543562,9,009,0.0111056870881132,8103,1,0,0.06911925122131843
292182,13,#013 은빛 파티시엘,0.0004960317460317,32240,1,0,0.06907344374131659
547482,13,제11화: Project_NSW_M&A,0.0396639819866632,11089,1,0,0.06886479505153124
268428,15,15. 재벌 VS 재벌,0.010268425315284,34217,1,0,0.0688202825885661
535335,12,추적 (1),0.0125968058099553,30727,1,0,0.0687387943924214
292182,16,#016 지랄 맞게 한번 벌어보자,0.0101107988500177,30644,1,0,0.06865869188680054
542580,10,제10화. 파트너의 증명,0.0142776364150409,6973,1,0,0.06832315127107882
573643,14,금옥만당 14화,0.0252100840336134,116,1,0,0.06831090835840112
541245,11,-11- 일 잘하면 칼퇴가 아니라 업무가 늘어난다.,0.0021252958508428,20659,1,0,0.06826669274813733
551214,5,검은 황금,0.0186508417100641,8103,1,0,0.0681838371593473
563512,14,네가 왜 거기서 나와?,0.0264975951027547,11132,1,0,0.06818316290269709
541873,9,9화 너무나 깨끗한 죄,0.0313731931668856,11794,1,0,0.06817733884109907
535250,25,군사부,-0.005181347150259,776,1,0,0.06809984427339681
571931,10,10화. 오정그룹 사모님 (3),-0.0149709654004355,33559,1,0,0.06802396744221108
522532,12,12,0.0036902757995597,15389,1,0,0.06789402150977397
557580,10,높게 높게 (1),0.0134356441465278,33557,1,0,0.0678927131262709
565391,12,12화,0.0091674783704807,17293,1,0,0.0678260129907206
419162,13,짐승의 유해(3),0.0320646506777894,25991,1,0,0.06776238435182469
520703,21,#21화,0.0799999999999999,23,1,1,0.06771951056861601
522532,9,9,0.0098225602027883,15625,1,0,0.06730539632204098
543562,17,017,0.0312540695403047,7439,1,0,0.06724268418844141
537219,13,[무협] 만개(滿開),0.001414667270258,17647,1,0,0.0672045580659693
191722,17,마침내 열리는 소란스러운 아침의 나라,0.0424653494544382,9741,1,0,0.0671546218542439
577162,19,19. 미국 왕따가 싸움을 잘함,0.0198122182239318,23698,1,0,0.06690489300861695
541245,12,-12- 내가 탈스페인을 원하는 이유,0.0028074931022799,20601,1,0,0.06686065256216478
493070,13,차윤정 대표와의 하룻밤,0.0103979425347749,35785,1,0,0.0668449674055415
543879,11,11화. 득템,-0.0089782375329363,20678,1,0,0.06681859421821276
508912,17,만급작정 17화,-0.0148148148148148,274,1,0,0.06674642448878289
560969,13,두갈래길,0.0101809260962895,16139,1,0,0.06667874646900739
557962,13,심리전,0.0235480883714777,7381,1,0,0.06662354202590363
554066,15,15화. 현장,0.0085396607060981,17299,1,0,0.0666176710952207
584815,25,25.,-0.0336134453781513,123,1,0,0.06660705018675737
372155,15,15. 공주성을 향한 경주(3),0.0766495205435956,14540,1,1,0.06657090248650008
563571,13,천무노가다지체,-0.0141898077509916,13294,1,0,0.06656407283766008
548891,11,11화 출판을 향해 (3),0.0366627978425616,14110,1,0,0.0665093348332755
123363,21,#5 복실이 리턴즈,0.0408607522660766,26877,1,0,0.06646030562149957
554066,11,11화. 시험(2),0.0400022039781806,17423,1,0,0.06638359776647822
557597,25,# EP025. 이 사람의 등급을 매길 수 없습니다,-0.0465116279069768,45,1,0,0.06636503790001255
481784,16,좀비 웨이브,0.016795407837857,13874,1,0,0.06632916545674641
241417,17,심연의 장(4),0.1138602776533811,7915,1,1,0.06622263071700826
579087,23,023화 안경부(安慶府) 의료지원(2),0.0305785123966941,1173,1,0,0.06618799599946724
581843,24,024 : 보드카 타임,0.0146678170836928,3426,1,0,0.06608021253732495
579284,17,5화. 데뷔전 - 4,0.0172731770950475,21847,1,0,0.06598431690081681
537219,12,[무협] 자하신공 원본(原本),0.0182222222222222,17672,1,0,0.06583820259899605
552100,17,장공주 17화,-0.0476190476190476,22,1,0,0.06572335338919769
563715,12,12화,0.0194731738849386,12135,1,0,0.06557669359741339
557580,8,변화 (2),0.0351812956002652,34911,1,0,0.06553973786151367
553135,17,피난민이지만 육아합니다 17화,-0.0135593220338983,299,1,0,0.065507762482111
565708,7,7화: 팩트폭격기,0.017810949493236,23161,1,0,0.06520046686693749
538193,11,유준의 활약에 뒤집힌 한국,-0.0004930358683594,16234,1,0,0.06513712841540215
201454,19,싹트는 아가페 (2),0.0553311793214862,9356,1,0,0.06509011980616324
359132,22,#022화,0.0,5,0,0,0.06502501400209053
563286,7,7화,0.0379375309866137,48512,1,0,0.06499947661088191
477026,13,프로토타입(prototype),0.013566337088986,8580,1,0,0.06498953330489715
545079,12,12화 랜초 델 파소 (3),0.0555555555555555,3638,1,0,0.06485487417882829
333183,22,022,0.0,4,0,0,0.06473657909365198
529052,22,영등포공장 게이트(7),0.0709677419354838,144,1,1,0.06469453290180097
542531,10,10화 설렁탕,0.0021013809074534,23269,1,0,0.0646800068333181
522238,18,황상서죄 18화,-0.0566037735849056,56,1,0,0.06456532650698049
534957,15,[15화],0.0164886640434701,5249,1,0,0.06455562155169266
539992,14,무술 길드와 혼혈,0.0244000806614236,14514,1,0,0.0645048578185004
582089,19,고철을 팔고 고기 잡는 법을 배우다,0.0532959326788219,675,1,0,0.06445427710111284
556083,7,이 집 망한 거 아니었어?,0.0275617744702658,43644,1,0,0.0643014436543892
553948,18,투자의 신 (18),0.0280246069719753,1422,1,0,0.06429490127299242
558281,14,14화 - 오해,0.0784926470588235,10026,1,1,0.0641194294119089
571931,9,9화. 오정그룹 사모님 (2),0.0291570014974894,33064,1,0,0.06405701255816393
455299,16,16화,-0.0139490020527786,40997,1,0,0.06404436584436016
582089,17,종로파,0.0182841068917017,698,1,0,0.06401739347976501
573643,17,금옥만당 17화,0.0256410256410256,114,1,0,0.06374979222560168
418796,17,16. 왕 원장과의 약속,0.0249713443589323,11909,1,0,0.06372330535098791
224777,14,불청객(3),0.0259521402089653,5780,1,0,0.06368619681909031
573642,17,중생지재가황숙 17화,-0.0344827586206897,120,1,0,0.06359700132948928
512544,12,나도 그걸 보고 싶어,0.0140712700691815,37766,1,0,0.06356083937403599
476831,14,스탈린 - 5,-0.0178626902764833,6553,1,0,0.0635288309762362
579087,25,025화 안경부(安慶府) 의료지원(4),0.0326180257510729,1127,1,0,0.06352768936452896
530581,14,을목마시,0.0112404859115883,19616,1,0,0.06331126343842938
535335,10,커뮤니티 (1),0.0188491755426513,31596,1,0,0.06327621791835862
539992,13,이상한 파티와 미궁(4),0.0336472880805456,14877,1,0,0.06324246420399432
526298,16,016화,-0.0214259327669006,38710,1,0,0.06317526448421587
533816,13,러브 코미디는 원래 봄에 시작한다(3),0.0289382514774811,4765,1,0,0.06316993994649998
574693,8,# 8화,0.0233768051699601,41861,1,0,0.06316372866608011
564440,10,영석 광산으로,0.0128679427376547,12274,1,0,0.06315093017818547
550171,13,13화. 오빠가 지켜줘! 오빠가 대장이잖아!,-0.0037433155080213,13139,1,0,0.06313440338637688
561939,13,13. 저 형은 인간이 아냐.,0.0443874531465772,4844,1,0,0.06313090144648321
563526,12,12화 저한테 후방을 맡겨주세요. 감독님.,0.0843809929682506,12891,1,1,0.06309078679032287
574368,12,12화,0.0663540862959226,15731,1,1,0.06299400394709569
517290,11,대한늬우스,0.0502127659574468,1116,1,0,0.06294299450158664
419162,7,말하는 괴물(2),0.0518074242178635,29247,1,0,0.06288318911885574
556620,4,4화,0.0111679851093532,72250,1,0,0.06286429951019441
554471,10,010. 박힌 돌 빼기 (4),-0.0034807270852132,7784,1,0,0.06282818394468775
555850,9,깔끔하게 150억으로 가시죠,0.0283235402130003,21167,1,0,0.06274630368408902
241417,18,심연의 장(5),0.0730259001895136,7337,1,1,0.0627045548940223
557881,10,평생 무료 이용권(1),0.0091667806813517,14484,1,0,0.0625976353396343
526298,10,010화,0.0309673096252333,40492,1,0,0.06255241233041686
493070,12,"여사장의 은밀한 접대, 그사이 전 여친은",-0.0025228721929582,36161,1,0,0.06245194998725906
363040,14,13화,0.0087010565568675,6380,1,0,0.06244376405939148
480433,7,천잰가?,0.0184117863461976,56032,1,0,0.062325408057718294
563571,15,금의환향 (2),-0.0090179594956056,13203,1,0,0.062240937918534495
557962,6,축소 보고,0.0356275303643724,8337,1,0,0.06217154273899989
559391,16,내가 그 번호 알려줄까?,0.0605408727719729,6114,1,0,0.062147006632262365
512399,11,11화-성장과 무너진 밸런스,-0.0305780082354736,13515,1,0,0.06206856698999663
545935,8,"8화. 선우진을 노린 칼, 김두관의 총",0.0047984644913627,5185,1,0,0.062041484628400874
547482,14,제12화: 이건 출근이 아니라 조난입니다.,0.025250247993507,10809,1,0,0.06189771795282548
337226,13,013 - 꿈같은 제안,0.0177346372792293,13459,1,0,0.061758567226771206
376559,23,023. 누군가를 위한 약방,0.0,33,1,0,0.061419126022009454
559391,15,패션의 완성은 얼굴이다?,0.0216476247745038,6508,1,0,0.061357302949073544
488890,12,내가 만들려는 세계.,0.0183542367696543,22463,1,0,0.06134412160097501
581843,25,025 : 바다 건너 처음 밟을 땅,-0.0096322241681261,3459,1,0,0.06132496881176501
441725,14,제14화. 화풀이.,0.0092359361880772,10620,1,0,0.06128884501825966
128808,19,18장. 원준,0.0237020316027087,865,1,0,0.06117304475585587
550964,12,12화,0.0309229530709854,20464,1,0,0.06103202977719237
529960,14,014:정령의 나무에 생기를 부여하면 생기는 일,0.0257323621670476,18325,1,0,0.060769786264756535
559657,14,14화.,0.0558199913457377,4364,1,0,0.0607451721989204
381297,18,제18장 사저 한옥아,0.0,560,1,0,0.060712972448826084
286189,16,16화,0.0182355840315426,3984,1,0,0.060615149747145616
563339,6,곡물선 납품 입찰(4),0.012460468058191,31226,1,0,0.06060217372991362
516965,17,구멍,0.0192627034207903,5906,1,0,0.06059357680782286
540166,12,04. 마노아(3),0.0372360844529749,5016,1,0,0.060512441174146295
565708,9,9화: 차트 안 봅니다,0.001229742193333,22741,1,0,0.06045778917478423
545835,4,좋은 제안,-0.0005819127815431,87693,1,0,0.060418239891657094
537219,10,[현대] 매화,0.0280889841865451,18131,1,0,0.06040506077082388
573666,9,009. 첫 방송 (2) - The Deep Ground,0.0349510068667541,12508,1,0,0.06040497673476705
541873,12,12화 친구라는 이름의 무게,0.0616928446771378,10753,1,0,0.06037083705946649
238800,14,13화,0.0293854748603351,8687,1,0,0.06034377030328678
533114,13,전신귀환 13화,0.0248538011695906,4669,1,0,0.060240547727392915
535774,15,거리두기,0.0080949811117106,16542,1,0,0.06013081813663816
563571,14,금의환향 (1),0.0157213780652926,13085,1,0,0.06009733320952472
517290,13,특발성 질환,0.0580645161290322,1022,1,0,0.06009275390946335
514945,18,등당입실 18화,0.0,100,1,0,0.06007280321542536
577162,20,20. 미국 왕따가 싸움을 잘함,0.0081441471854164,23505,1,0,0.060069220069958185
90225,15,라이칸스로프의 영역 (1),-0.012091107081934,94336,1,0,0.05999908032209762
551214,14,공식 매장량 보고서,-0.0081050866405814,7214,1,0,0.059931585615792926
451197,19,0019,0.013098649201801,2411,1,0,0.059914862937189076
234339,19,금예린 (2),0.0226271698765005,45268,1,0,0.059738915070646506
537197,15,"3장. 인생, 계속 꼬이다. (5)",0.0173440331348693,3796,1,0,0.059673893208489176
535774,12,전처,-0.0104824231192448,17448,1,0,0.05961107281385175
548106,11,근대 호소국,-0.0263286599282686,12591,1,0,0.059591320531766426
548106,14,후작님 미두는 재미로만 하셔야 합니다,0.0229545256934179,11237,1,0,0.059591247932689585
224777,16,히로인이 되기 전에 ○○○(1),-0.0126035911602209,5865,1,0,0.059591154397598226
520703,22,#22화,0.0434782608695651,22,1,0,0.059556243608458674
536098,15,15화 아포칼립스의 전문가들,0.0024170936865512,10318,1,0,0.05940290339026936
560429,10,10화 - 특강 가는 날,0.039031557429411,15043,1,0,0.05937353568504414
550013,9,당신 뭐 됩니까?,-0.0062899824881168,28157,1,0,0.0593718943001606
514940,22,구명지은(救命之恩) (2),0.0,11,0,0,0.05930200236564268
563526,10,10화 다른 사람은 몰라도 저한테는요.,0.0061868866448584,13975,1,0,0.05926168998859769
557343,7,딜? 딜!,0.0126151381657989,9862,1,0,0.05921283627300705
550171,12,12화. 떠든아이. 3분단 이가영,0.0077319587628865,13090,1,0,0.05920154059060375
543562,12,012,-0.0061649113793988,7834,1,0,0.059182984464151246
559657,12,12화.,0.0554439533949376,4702,1,0,0.05916772990507593
570506,12,매트를 깔자!,0.0035917312661498,38561,1,0,0.05907742737822157
337226,14,014 - 사람의 가치,0.0292740916858608,13065,1,0,0.05901391630280009
554471,14,014. 기초 공사 시작 (3),0.0156748140276301,7410,1,0,0.05879819161730838
579284,18,5화. 데뷔전 - 5,0.0008696846248913,21828,1,0,0.05869845439735142
556522,12,12화,0.0521034130853838,33438,1,0,0.05853691250418491
543879,14,14화. 복귀,0.0197737233717255,19234,1,0,0.0584775082700684
552434,10,010. 모충,0.0518808011724475,19408,1,0,0.05838815804367631
542470,18,마음을 읽는 섭정왕과 혼인했다 18화,0.0071428571428571,139,1,0,0.058183040251225594
123363,18,#4 개는 소년의 친구,0.0657753455024072,26972,1,1,0.05803172767853398
559391,13,그토록 바라던 재벌 할아버지를 만나다.,0.0238163972286373,6763,1,0,0.05799974255489644
530197,14,14화 - 사우스 비치의 재능,-0.0114368891661467,4864,1,0,0.057949134669097624
537197,6,"2장. 인생, 더 꼬이다. (1)",0.1241810147798263,5748,1,1,0.05793792147124703
547756,12,1조달러에 H₂O 팝니다 (12) ····만들었어요,0.0081521739130434,3650,1,0,0.057897404806446236
525008,11,11화,0.0290941588263039,39111,1,0,0.05787863502653421
246282,23,아! 너희들도 있었지?,0.0375394321766561,6102,1,0,0.05787198518969537
512399,14,14화-참교육,0.0126784087458244,13005,1,0,0.057770064408261664
162830,24,24장. 폐교회의 사연 (24),-0.007479674796748,9294,1,0,0.057694312674081115
584815,21,21.,0.0510948905109489,130,1,0,0.05763711338111842
577416,24,거절할 수 없는 제안,0.0421062636631498,10078,1,0,0.05759876382513742
550964,16,16화,0.0191884869078552,19628,1,0,0.05759651132838125
548891,17,17화 다음 걸음 (1),0.0191507730947335,12497,1,0,0.05757549260431395
549589,5,주머니 속의 송곳,0.0270144906024454,52441,1,0,0.057543814679791534
419162,11,짐승의 유해,0.0473592689829179,27940,1,0,0.05731883603424193
569827,15,초고속 승진하는 썰 푼다,0.0026056745801968,6890,1,0,0.057311575170593855
476539,11,부사 연합,0.0042621204049014,14952,1,0,0.057306885704767566
565122,12,12화,0.0270726714431934,19011,1,0,0.05708043885961097
556685,10,[10화] 섬멸전(殲滅戰)!,0.0256454388984509,5661,1,0,0.057006963996707564
565708,10,10화: 신령님의 오지랖,0.000835495360802,22722,1,0,0.056964354318220584
512399,12,12화 - 가자!! 미국으로!!!(1),0.0169441361450241,13286,1,0,0.05695680590217751
518734,12,12화,-0.0001797591227754,5564,1,0,0.05687162767205852
246282,20,곧 만나게 될 거야.,0.0077577204236909,6651,1,0,0.056842502175995645
319100,16,16화,-0.0058720905493383,23639,1,0,0.05682829802490877
552965,10,010,0.003062613430127,17578,1,0,0.05666009417571622
543562,13,013,-0.0086801123308655,7902,1,0,0.05661583206676574
184654,15,머더 메이지(2),0.0500610500610501,2334,1,0,0.05658674551736524
520418,19,두 번째 손님 -4-,0.0109890109890109,450,1,0,0.056368523312163195
488890,13,우리도 만들 겁니다.,-0.0008458353737257,22482,1,0,0.056350452922059785
555465,11,11화 변색된 삼양초,0.0225255972696245,4296,1,0,0.05632288570705579
480433,6,응급 수술 (2),0.0274474392612532,57083,1,0,0.05619603134066825
539992,17,깊은 곳에서(2),0.071130579891531,13359,1,1,0.05616086145748333
552965,11,011,0.0033564683126635,17519,1,0,0.056154920094889704
455299,18,18화,-0.0072580047892956,40801,1,0,0.05607817162513773
469259,5,농촌 공동화,0.0063389209747851,49378,1,0,0.05607635435193864
451197,15,0015,0.0029895366218236,2668,1,0,0.055981460465331784
544370,8,8화,0.011605415860735,68985,1,0,0.05592919012229819
418603,9,3가지 세상을 이해하는 자 (9),0.0318485044114482,44990,1,0,0.055881397989878116
375271,13,13화,0.0013648652195595,38047,1,0,0.055880009139874905
455299,17,17화,0.0119520940556625,40507,1,0,0.05581757577919811
526298,18,018화,0.0431862080894859,33189,1,0,0.055803477331827084
577416,25,두 번째 아티스트,0.0249057352649335,9827,1,0,0.05573542592730602
531246,10,괴물인가?,0.0184266152008087,21361,1,0,0.05571049667321631
550013,12,"콜, 콜! 난 무조건 콜",-0.0005312743500742,28249,1,0,0.05564801972325981
544138,15,15화,0.002659574468085,4125,1,0,0.05555994289464345
552100,18,장공주 18화,0.1363636363636363,19,1,1,0.05550247855314682
128808,16,15장. 불의의 사고,-0.0507246376811594,1015,1,0,0.05544249736943531
569827,13,통신소대장,0.008659217877095,7098,1,0,0.055423170734564674
554471,16,016. 기초 공사 시작 (5),-0.0074304242096729,7457,1,0,0.05534990504728908
238800,18,17화,0.0356283100625902,8012,1,0,0.05527603951981318
532266,18,효율이라는 이름의 위험,0.0467648942985265,1488,1,0,0.05520498369311599
566106,11,전리품을 챙기다,0.0151454938843996,22304,1,0,0.055097873593402166
557097,15,전능의 동자신을 주웠다-15,-0.0238193356960356,12422,1,0,0.0550818033634121
556685,11,[11화] 출정하는 쌍령군(雙齡軍),0.018724606959901,5555,1,0,0.05507975315424863
565707,10,첫 경기 (3),0.0013255065328535,21096,1,0,0.055048324328531274
552434,11,011. 알파 개체,0.0256595218466612,18910,1,0,0.054962099465973455
512399,13,13화-가자!! 미국으로!!(2),0.0085804606352551,13172,1,0,0.05491543122299462
547756,10,1조달러에 H₂O 팝니다 (10) 이 똥땅을 진짜 산다고요?,0.0332302936630602,3753,1,0,0.054872755868294924
128808,23,22장. 가엔 가,0.0543478260869565,783,1,0,0.05484395098580108
516965,15,작전,-0.0069995333644423,6474,1,0,0.05478270515293462
529052,23,영등포공장 게이트(8),-0.0416666666666667,150,1,0,0.05474311665236322
533816,16,러브 코미디는 원래 봄에 시작한다(6),0.0326511841802713,4207,1,0,0.05473105306307917
538193,10,피지컬 스탯이 너무 잘 오른다,0.0272765421737305,16226,1,0,0.0545734114115277
559657,16,16화.,0.04493002700712,3890,1,0,0.054452219788982924
170423,6,무명의 초신성 (1),-0.0105773151368335,84268,1,0,0.0544319479966564
555850,11,상한가,0.0162693374711995,20921,1,0,0.05437177764305366
441725,16,제16화. 믹키.,-0.0086490551847324,10729,1,0,0.05436317060813952
527164,8,8-황금알을 낳는 거위,0.0091466605270318,47340,1,0,0.05434556977945159
552788,16,16화,0.0801137980085348,16167,1,1,0.054267571058804684
529960,12,012:별의 조각,0.0162597347926751,18695,1,0,0.054218963981857965
537197,12,"3장. 인생, 계속 꼬이다. (2)",0.0166705799483446,4188,1,0,0.05420045174302256
563715,14,14화,0.0229923083285088,11813,1,0,0.05417451877493733
571931,12,12화. 두 번의 은혜 (2),0.0295078962641659,31771,1,0,0.05407917992105422
184654,16,머더 메이지(3),0.0629820051413881,2187,1,1,0.05404633533181325
565202,10,010화. 리스크 수정,0.0118687075386756,12072,1,0,0.0539591902862567
563339,8,두각을 드러내다(2),0.0147941610628178,30034,1,0,0.05392600726796593
162830,21,21장. 폐교회의 사연 (21),0.0087884494664155,9474,1,0,0.05389343754124785
534957,14,[14화],0.0219901044529962,5337,1,0,0.053831744098715495
557580,11,높게 높게 (2),0.0416306582829215,32160,1,0,0.05376665555232882
563286,8,8화,0.0038753298153034,48324,1,0,0.05374695686246774
542531,13,13화 보스코,0.0014773032500671,22305,1,0,0.053744375475667794
517290,18,Sixth Sense,0.0124716553287982,871,1,0,0.05371768404901158
565213,16,민주주의로 가는 길(1),-0.0082744702320887,4996,1,0,0.05365569061696199
376244,12,제12화. 암사도(岩死島),0.0159139784946236,11440,1,0,0.05361150033570878
534215,9,3화. 임관 첫날 아포칼립스가 열렸다 (2).,0.0151069311670209,69954,1,0,0.05359535596731056
553948,19,투자의 신 (19),0.0625879043600562,1333,1,1,0.05353359640280369
530581,11,2계 상품 법기,0.023013799110622,21311,1,0,0.05350501501041288
546644,10,장인의 레시피를 뛰어넘다,-0.0116941529235381,3374,1,0,0.053499723673592924
579087,24,024화 안경부(安慶府) 의료지원(3),0.0068201193520887,1165,1,0,0.053484605635806926
564440,11,혈마회 침공,0.0131171582206289,12113,1,0,0.05337215556429924
548106,13,미두의 신 (2),0.0383779264214046,11501,1,0,0.053369417991609554
577162,21,21. 미국 왕따가 싸움을 잘함,0.0104233141884705,23260,1,0,0.05327938199679572
557881,12,상하관계(2),0.0239182430963252,13467,1,0,0.05318359952635444
134514,19,프로페셔널 19화,-0.0088757396449703,1364,1,0,0.053118096954283676
529719,11,Kill,0.0049161166116611,28945,1,0,0.05306163340062686
418603,10,3가지 세상을 이해하는 자 (10),-0.0354745498999777,46586,1,0,0.05297561813487349
573643,18,금옥만당 18화,-0.0526315789473683,120,1,0,0.05293789121887936
525227,9,9. 일찍 일어난 새가 되어보았다.,0.0320726638271667,37724,1,0,0.05291815062648696
555850,10,공매도,-0.0047243350498418,21267,1,0,0.05282067073679416
560429,13,13화 - 상선약수(上善若水),0.0046690469651194,14496,1,0,0.052774962115825066
333183,23,023,0.0,4,0,0,0.052758770031065584
557962,15,장진호는 시작일 뿐,0.031060805475125,7362,1,0,0.05270704257666571
561939,12,12. 티 났어요?,0.0412332135426517,5069,1,0,0.05268643219359084
563512,11,주목공포증이란게 생길 것 같다.,0.0236989982897629,11988,1,0,0.05264423194548355
525227,7,7. 피클 튀김을 먹어보았다.,0.0116087040994754,40698,1,0,0.05260950990437519
556083,10,이것도 싼 거라니까!,0.0318844657007548,41294,1,0,0.052573936699578945
555164,15,015,-0.0068116321718627,7686,1,0,0.05252737991375088
477026,14,버그와의 싸움,0.0054778554778555,8533,1,0,0.05251796443335414
508912,18,만급작정 18화,-0.0036496350364962,275,1,0,0.05243916719354536
563512,12,이것이 너와 나의 눈높이다.,0.0258591925258592,11678,1,0,0.05241965947841452
539992,15,무술 길드와 혼혈(2),-0.0056497175141243,14596,1,0,0.05240143920695738
563526,11,11화 축구 선수는 축구로 증명해야죠.,-0.0074418604651163,14079,1,0,0.05239957016950273
552434,12,012. Black Sheep Wall,0.0076679005817028,18765,1,0,0.05238360659174085
584815,24,24.,0.0403225806451612,119,1,0,0.05229515166821158
566106,7,영근을 확인하다,0.0403962171857166,23541,1,0,0.05226360440829399
556522,13,13화,-0.0154614510437227,33955,1,0,0.052225846067172725
579284,19,6화. 국가가 부른다 - 1,-0.0529136888400219,22983,1,0,0.05222033829900898
552788,18,18화,0.0198046122150594,14749,1,0,0.05215253542025567
542580,11,제11화. 스카우트,0.012333285529901,6887,1,0,0.05211871534308126
554560,15,4장. 값비싼 경비견 (4),0.0054007959067652,3499,1,0,0.052098054286493174
534957,16,[16화],-0.0003810249571347,5251,1,0,0.0519303467674773
364922,18,환풍구,0.0208481066515388,6904,1,0,0.051840062973231356
375271,16,16화,0.0177137893822546,37320,1,0,0.05175582288971128
553135,18,피난민이지만 육아합니다 18화,0.0234113712374581,292,1,0,0.05166855445436956
532266,8,격차,0.0548400498545907,2275,1,0,0.051583323696817056
542580,13,제13화. 물 한 잔으로 거인을 굴복시키다,0.0134188161622186,6617,1,0,0.051580878567083904
553892,16,16화,0.0343872605585044,4184,1,0,0.05155896780026667
557225,11,시범 경기 (4),0.0435822118997198,28002,1,0,0.051474252809512434
558281,12,12화 - 동상이몽,0.0262686567164178,11417,1,0,0.05135741120570762
488890,15,유토피아.,0.0226608515804145,21737,1,0,0.051352259006390365
549388,19,빛바랜 사내의 염원이 천마에게 닿았다,0.0124905374716124,2609,1,0,0.05132691337852937
542580,14,제14화. 회식의 온도,0.0083119238325525,6562,1,0,0.05126274848541327
545935,16,16화. 여우 사냥,0.038568129330254,4163,1,0,0.05117970392858628
538193,15,첫 강의에 7클래스 잠재력이라니?,0.0396862021227503,14567,1,0,0.05109698719788569
538483,11,11화,0.0155633894764329,37699,1,0,0.05109014535731751
375271,15,15화,0.0059653070301666,37993,1,0,0.051028115708647445
564241,13,013 : 최악보다는 차악,0.0238036201338953,15748,1,0,0.0509855401545902
549388,16,침입자의 정체,0.0321489001692046,2860,1,0,0.05094797471040495
513757,16,[15화] 관중이 많은,0.0268751950618996,28062,1,0,0.05088989289044769
512544,11,임유온,0.0234544295729763,38305,1,0,0.05081778239747738
568900,9,9화 강유현(3),0.030249396621078,18081,1,0,0.050689281200039814
520418,18,두 번째 손님 -3-,0.106090373280943,455,1,1,0.050674016567000116
563526,14,14화 이 경기는 무조건 이겨줄게요.,0.0389663658736669,11715,1,0,0.05067177771330636
531246,11,엘리트들의 무덤,0.0247179439164832,20833,1,0,0.05061213317577329
451197,23,0023,0.0272456364410387,2285,1,0,0.050504029532306954
545079,15,15화 시에라 네바다 산맥 (1),0.0142857142857142,3381,1,0,0.05049085800105161
481784,14,하운드,-0.0012472283813746,14450,1,0,0.050404328252656644
54528,16,갈림길 - 3,-0.0035539760106619,9036,1,0,0.05039507394943396
559657,15,15화.,0.0666819431714024,4073,1,1,0.050369835325864594
162830,23,23장. 폐교회의 사연 (23),0.0168389640839816,9225,1,0,0.05029313200976142
570506,9,내부 수리 중,0.0175368473644766,39328,1,0,0.05025386572120348
124930,13,협곡 위의 전투,0.0538348082595869,2566,1,0,0.05019790955289096
557097,16,전능의 동자신을 주웠다-16,0.0429882466591531,11888,1,0,0.050190471995317794
520418,22,황태자의 자신감 -2-,0.0554272517321016,409,1,0,0.050145081282176755
558281,16,"16화 - 이 자식, 진심이잖아?",0.0947773616312942,8701,1,1,0.050132941125190816
550013,11,저 지금 살짝 긴장하고 있어요,-0.0096191668156624,28234,1,0,0.05011734565554361
573642,18,중생지재가황숙 18화,0.0583333333333333,113,1,0,0.04995424105268506
124930,15,돌아온 친구,0.009565563969709,2485,1,0,0.04995133827240456
477026,11,그래픽 디자이너의 합류,0.0354334948842218,8956,1,0,0.04990669999815006
529719,10,마르세유에서 다시 피는 꽃 (2),0.0271571906354515,29088,1,0,0.049689197147242
90225,17,라이칸스로프의 영역 (3),0.0367799191303891,91713,1,0,0.049670667025431436
542531,12,12화 타일러,0.0240300594197833,22338,1,0,0.04962407256195516
543879,13,13화. 조우,0.0312993680884675,19622,1,0,0.04954809135334827
561939,16,16. 진짜 별놈 다 본다.,0.0103364855948977,4500,1,0,0.049529088854013886
563571,16,짐승굴 (1),-0.0197682344921608,13464,1,0,0.049446113355689575
273931,21,4. 당신에게 도달하는 길 (1),0.0010729613733905,1862,1,0,0.049370633612416656
376244,15,제15화. 아센시오 1.,0.0295810106096026,10793,1,0,0.04935654419554008
543382,12,12화,-0.0051752965843041,37874,1,0,0.049334289249578424
557343,8,복원 완료,0.0287974041776516,9578,1,0,0.049322126330169816
532266,16,선별의 기준,0.0476467170249854,1639,1,0,0.0492515438681344
557962,14,장진호 전투,-0.0293998103238044,7598,1,0,0.049249686469070644
479971,12,12화.,0.0647510076713041,7193,1,1,0.049158953123168696
534957,13,[13화],-0.0101814142910032,5457,1,0,0.04914761506808037
443313,20,20화. 언데드,0.0271453590192644,14443,1,0,0.04909534927125568
556620,5,5화,0.0345467128027682,69754,1,0,0.04905520178910207
577162,22,22. 미국 왕따가 싸움을 잘함,0.0174118658641444,22855,1,0,0.04903513060520953
556083,11,바가지 식당의 실체,0.0243618927689253,40288,1,0,0.04891487288927841
549589,8,액션 마스터의 길,0.0075130895147633,50991,1,0,0.04884227942726703
359132,23,#023화,0.0,5,0,0,0.04878647549017079
455299,15,15화,0.043051216510461,40433,1,0,0.04871334182585442
557580,12,야구장의 별 (1),0.013339552238806,31731,1,0,0.048699393908699526
381297,19,제19장 네 무공을 폐하노라,-0.0303571428571427,577,1,0,0.04851933386075791
563160,13,#013. 그들이 난입했다.,0.0259034886149989,9326,1,0,0.04849789975838522
520703,23,#23화,0.1363636363636363,19,1,1,0.04848893736244679
516965,18,암습,0.0286149678293261,5737,1,0,0.048448680815043214
526298,12,012화,0.0303030303030302,38816,1,0,0.04843038117897168
505913,20,20화,-0.0076834726127767,25443,1,0,0.0483217600900511
514940,23,둥둥둥 신문고를 울려,0.0,11,0,0,0.048278377807007694
550964,15,15화,-0.0187334555080431,20012,1,0,0.04807077809262905
123363,16,#4 개는 소년의 친구,-0.0129234117807102,29784,1,0,0.048011008258760056
539992,18,깊은 곳에서(3),0.0041170746313347,13304,1,0,0.047973883359604376
134514,17,프로페셔널 17화,0.0322118826055833,1352,1,0,0.047941881385519455
124930,11,당신은 이제 XXX을 할 수 없습니다.,-0.0056198347107438,3042,1,0,0.047846235939830166
571118,12,주사위 굴려서 역대급 홈런왕(12),0.0195330040413111,17468,1,0,0.04780300925828734
337226,12,012 - 뜻밖의 만남,0.015024081661994,13702,1,0,0.04768905868625397
363040,20,19화,0.017688679245283,5831,1,0,0.0476065132716229
557343,14,클래식카(4),0.0237929433611885,8411,1,0,0.04751607167673115
479971,16,16화.,0.0306873336464693,6191,1,0,0.047473469184892245
90225,16,라이칸스로프의 영역 (2),-0.0093177578018996,95215,1,0,0.0473847336769184
557097,21,전능의 동자신을 주웠다-21,0.042521723054169,10358,1,0,0.047371344475118336
550964,14,14화,0.0128643216080401,19644,1,0,0.04729930482510123
535335,11,커뮤니티 (2),0.0150968477022408,31119,1,0,0.04729649416608857
524031,10,10화 - 맛을 아는 사람,0.0154046997389033,15084,1,0,0.047243252834689865
241417,20,심연의 장(7),0.0185004868549172,7056,1,0,0.04709727506642356
552788,21,21화,0.0656718865294744,11396,1,1,0.0470678077337048
571118,11,주사위 굴려서 역대급 홈런왕(11),0.0161254694057875,17816,1,0,0.047010677254510004
537197,16,"4장. 인생, 완전히 꼬이다. (1)",-0.0089567966280295,3830,1,0,0.04695444932853814
536163,14,14화,-0.0004721435316337,27547,1,0,0.04691476502980094
543382,11,11화,-0.0045054652092775,37679,1,0,0.04672902637430413
526298,11,011화,0.0114343574039316,40029,1,0,0.0466322283992209
548687,15,15화. 인공지능의 시대가 도래했다(2),0.0302622126436781,21598,1,0,0.04650342539391252
162830,25,25장. 폐교회의 사연 (25),0.003658274155369,9260,1,0,0.04648962870345697
525227,10,10. 경매에 처음 도전해 봤다.,0.0177870851447354,37053,1,0,0.04647180740035868
505913,16,16화,0.0343692341087514,26691,1,0,0.0462992954419315
330536,16,검기상인,-0.0001812168712906,22077,1,0,0.04624249808955499
319100,15,15화,-0.0014061701039713,23501,1,0,0.0461907846483255
557225,12,개막 시리즈 (1),-0.0248910792086278,28699,1,0,0.04618883202859245
574368,19,19화,0.0673990757694654,10696,1,1,0.04618263728182687
128808,24,23장. 그날은 갑자기 찾아온다,0.037037037037037,754,1,0,0.04614095785111705
548106,15,후작님 미두는 재미로만 하셔야 합니다 (2),0.0592684880306131,10571,1,0,0.046115650171767796
574693,12,# 12화,0.0473634434987092,37270,1,0,0.046087760945685625
573683,11,11화 채권자의 피를 말리는 방법,-0.0057040998217468,2821,1,0,0.04608299318767706
292182,15,#015 감히 우리 집 돼지를 건드려?,0.0259887361167919,30957,1,0,0.04602242350581762
532266,22,결과를 위한 과정,0.0502318392581143,1229,1,0,0.04596177600827991
553948,20,투자의 신 (20),-0.0150037509377345,1353,1,0,0.04596104119771627
451197,21,0021,0.0593625498007968,2361,1,0,0.0456921570341859
524031,13,13화 - 아빠가 간다,0.0042361484669176,14809,1,0,0.04567328803609977
584815,22,22.,0.0076923076923076,129,1,0,0.04562940763292804
550171,14,14화. 내 개가 싼 똥은 내가 치운다.,0.0143085470735976,12951,1,0,0.04562270537650771
452318,8,2.FS게임즈(2),0.0416435049155853,60341,1,0,0.04561519508843912
224777,21,히로인이 되기 전에 죽여라(1) - 삽화,-0.15989010989011,6333,1,0,0.04561405866328481
518734,13,13화,0.0203091301222142,5451,1,0,0.045612990136751214
532266,19,첫 업무의 댓가,0.0551075268817203,1406,1,0,0.045577216605500154
573683,17,17화 충성심은 식비를 타고,0.0444706808343171,2428,1,0,0.045561721935928265
536163,13,13화,0.0406606041601338,27534,1,0,0.04556159737548888
544138,14,14화,0.0152380952380952,4136,1,0,0.045534364928338865
548687,13,13화. 사업은 사랑을 타고,0.0178848474400965,22789,1,0,0.04548782831395482
512544,13,압살시켜버리죠,0.0274850394534766,36728,1,0,0.04542641349295261
375271,17,17화,0.002733118971061,37218,1,0,0.04522527167570201
571118,9,주사위 굴려서 역대급 홈런왕(9),0.0229625348116231,18594,1,0,0.045179369787733514
554560,10,3장. 보스턴의 황태자 (3),-0.0033205619412515,3928,1,0,0.04516203251749081
533114,15,전신귀환 15화,-0.0100942126514131,4503,1,0,0.045144762910133855
568900,10,10화 강유현(4),0.0032077871799126,18023,1,0,0.045121713580813724
571118,10,주사위 굴려서 역대급 홈런왕(10),0.0261374636979671,18108,1,0,0.04510162535919304
547482,15,제13화: 8개월의 골든타임,0.0493107595522249,10276,1,0,0.04509868151829369
558146,14,아버지의 제사,0.0019762845849802,2525,1,0,0.04509502190973459
381321,8,역면접 3,0.0316760274919271,77066,1,0,0.04496417167290071
548891,13,13화 정상 속도 (2),0.0516594516594516,13144,1,0,0.04495400885576586
553892,13,13화,0.0254327847830733,4560,1,0,0.04487917859771605
537219,14,[무협] 화산 귀환,-0.0041933473111577,17721,1,0,0.04485560376939517
563339,10,곡물 수입(1),-0.0054798227514123,29725,1,0,0.04482238895714495
537197,17,"4장. 인생, 완전히 꼬이다. (2)",0.0300261096605743,3715,1,0,0.044789974093594476
480433,8,논문 선점,0.0157766990291262,55148,1,0,0.04477249055584396
319100,17,17화,0.0368035872921866,22769,1,0,0.044768963969726565
544370,7,7화,0.0083824678553668,69795,1,0,0.044764346406843146
544370,12,12화,0.0331089085156472,64481,1,0,0.04475631015686356
505913,21,21화,0.0299492984317887,24681,1,0,0.04463763879804814
550179,12,#012. 트레블 여정 (1),0.0132338787295476,12303,1,0,0.044543297578696774
419940,14,마나 문명의 시대 (1),-0.0116026688818027,37752,1,0,0.04436794037982663
573666,11,011. 첫 방송 (4) - The Deep Ground,0.0259317935462353,11682,1,0,0.044361027592476024
560429,11,11화 - 오리엔테이션,0.0157548361364089,14806,1,0,0.04435624999951729
579284,20,6화. 국가가 부른다 - 2,0.007875386154984,22802,1,0,0.0443547477863653
544138,16,16화,0.0087272727272726,4089,1,0,0.044354684260222356
527164,9,9-백정이 자른 고기와 사장님이 자른 고기,-0.0038445289395858,47522,1,0,0.044349347846927956
573666,13,013. 첫 휴방 (1),0.0465698980473474,11035,1,0,0.04426463655838836
513757,15,[14화] 몸이 어려지면,0.0371940836699943,28837,1,0,0.044185336120425675
577162,23,23. 미국 왕따가 싸움을 잘함,0.0469919054911397,21781,1,0,0.044177662077476275
372155,16,16. 공주성을 향한 경주(4),0.0495185694635488,13820,1,0,0.04412360402686272
376244,16,제16화. 아센시오 2.,0.0186231816918373,10592,1,0,0.04403164893493142
582089,21,미래수산,0.0444444444444444,645,1,0,0.044013575584595295
534957,17,[17화],0.0234241096933917,5128,1,0,0.0439139106415452
565707,13,스나이퍼 김우창 (1),-0.0002363730912873,21158,1,0,0.04379889974680528
536098,14,"14화 미친놈인 줄 알았는데, 진짜 미친놈이네.",0.0414272474513438,10343,1,0,0.043788885662618196
493717,12,12. 첫 라이브 공연.,0.0486243357455066,52456,1,0,0.04374819577111493
162830,22,22장. 폐교회의 사연 (22),0.0096052353810428,9383,1,0,0.04366501380594344
488890,16,미국 시장으로.,0.0115471316188986,21486,1,0,0.043653413002217895
541873,17,17화 괴물의 시작,-0.0008883953359244,9013,1,0,0.043606013320959015
330536,18,17세 흑구,0.0388271837349397,20423,1,0,0.04359620002118701
548891,15,15화 소드마스터 (2),0.0235697940503432,12801,1,0,0.043580128030584274
539540,12,마계 게이트(2),0.0119367673943434,9188,1,0,0.043533874043215404
480433,11,양수색전증 (Amniotic fluid embolism) (2),0.0148410158516272,52640,1,0,0.04344948487764444
539992,12,이상한 파티와 미궁(3),0.0070304437564499,15395,1,0,0.04342475764271352
529960,11,011:엘프 여왕님의 복귀식이랍니다!,0.024935864545921,19004,1,0,0.043316435134426824
565122,15,15화,0.0333070777540227,17182,1,0,0.04319203101710632
543382,9,9화,0.0080724450194049,38338,1,0,0.04318331310142135
573666,15,015. 적응 (1) - After Tomorrow 2,0.0213820317518582,10664,1,0,0.0430798181088624
134514,20,프로페셔널 20화,0.0051319648093841,1357,1,0,0.04290648410634655
333183,24,024,0.0,4,0,0,0.042896627916790865
516965,12,합류,0.0123729562527618,6705,1,0,0.0428639525829293
481784,18,질병,0.0205489294438856,13632,1,0,0.04257039212810633
524031,15,15화 - 세상 참 좁구만,0.0015604857860098,14716,1,0,0.04246620010443444
535774,18,강주혁학,0.0261565727556071,15935,1,0,0.0424648867287122
545079,19,19화 뉴욕시 시티 호텔,-0.0039853869146462,3023,1,0,0.042358542698181026
534957,11,[11화],0.0282566198684911,5468,1,0,0.042301820798692547
526298,13,013화,0.010974855729596,38390,1,0,0.042194888970810085
381321,10,역면접 5,-0.0169457893483608,76875,1,0,0.0421939495143859
565391,14,14화,0.0222901312241595,16317,1,0,0.0421525588643468
531329,13,13화,0.0176372920647849,31358,1,0,0.04211893385317494
554066,12,12화. 시험(3),-0.0045916317511336,17503,1,0,0.04194896762808518
533114,14,전신귀환 14화,0.045191689869351,4458,1,0,0.04191928487309255
557225,14,개막 시리즈 (3),0.0328296959522477,25925,1,0,0.04186717481246794
170423,22,개천신화의 신성한 범 (1),0.0601314348302299,8581,0,0,0.04185745717152015
549388,20,천마 재림,-0.016481410502108,2652,1,0,0.04177795731753983
419162,15,신수(神獸)(2),0.0009150875052427,26203,1,0,0.04175237646146358
544647,11,11화 귀환한 삼촌은 재앙급 마법사,-0.0110529868376645,23966,1,0,0.04173924032587784
505913,18,18화,0.0158421874404965,25843,1,0,0.041627728522981584
561939,15,15. 설거지 LV4,0.0282111562299636,4547,1,0,0.04160274931452577
569827,17,북부2사단,0.0152321798284531,6659,1,0,0.04155088414231012
476831,15,붉은 전조 - 1,-0.0054936670227376,6589,1,0,0.0415143563381374
537219,15,[무협] 낙안협,0.0327295299362337,17141,1,0,0.041424643427904334
543382,10,10화,0.0215973707548646,37510,1,0,0.04142153520675164
546644,16,노점의 기적,0.0059880239520958,3154,1,0,0.04139954000590686
547756,15,1조달러에 H₂O 팝니다 (15) 또 뭐가 있어?,0.0264458006393489,3350,1,0,0.04136702531099145
582089,8,부산에서 시작하는 사업,0.0156062424969988,820,1,0,0.04132254655844853
556685,19,[19화] 통제사 이순신을 만나다!,-0.0080016413623307,4913,1,0,0.0413151173357282
529719,12,꽃길만 걷다 (1),0.0279495595094143,28136,1,0,0.04130334780942852
124930,10,성검의 요정,-0.001324064879179,3025,1,0,0.04128646308627931
534215,6,2화. 임관 첫날 본부가 사라짐 (2).,0.022110884039818,74168,1,0,0.041253375515144165
556685,14,[14화] 북관대첩(1),0.0123920390536987,5260,1,0,0.04122849894778525
419940,12,등장 (1),0.0321197474078116,37245,1,0,0.04104445931292915
565707,11,승리,-0.0073473644292756,21251,1,0,0.04095549794199772
573683,18,18화 공짜 정보는 언제나 환영,0.0971993410214168,2192,1,1,0.040899135900264685
542580,12,제12화. 총알이 없으면 총을 빼앗는다,0.0261361986351096,6707,1,0,0.040851778507656096
553138,18,죽서요 18화,0.4285714285714286,12,1,1,0.0408480554575225
534215,7,2화. 임관 첫날 본부가 사라짐 (3).,0.0108672203645777,73362,1,0,0.040797900501489584
564440,13,운목 방시,-0.0161530815109343,12267,1,0,0.04075180331270884
577162,24,24. 미국 왕따가 싸움을 잘함,0.0263991552270327,21206,1,0,0.04074204772672679
544370,9,9화,0.0321519170834239,66767,1,0,0.040683258924066774
557343,13,클래식카(3),0.0254496097726502,8616,1,0,0.040680576058969055
558281,13,13화 - 역천괴,0.0470351230621003,10880,1,0,0.040661521266949954
557580,13,야구장의 별 (2),0.0565692855567111,29936,1,0,0.040637124226254796
552965,9,009,0.0205532718586823,17632,1,0,0.04057125515246597
364922,16,냉동보관실,0.055660022564874,7533,1,0,0.04054472848579103
574693,13,# 13화,0.0174403005097933,36620,1,0,0.04033788495623255
574368,13,13화,0.0161464623990845,15477,1,0,0.04030939752512051
543382,14,14화,0.0318502441671187,35686,1,0,0.04028873098259189
54528,18,다시 타오르는 불꽃 - 2,0.0086254561539311,8965,1,0,0.040246081187485676
539992,16,깊은 곳에서,0.014661551109893,14382,1,0,0.04023172199715338
224777,18,히로인이 되기 전에 ○○○(3),0.0094273743016759,5674,1,0,0.040201372730104726
541873,15,15화 개미지옥,0.0608216432865731,9373,1,0,0.04014060340282831
543562,15,015,0.0062957728382372,7734,1,0,0.04006178232886635
564440,12,드디어 탈주,0.0033847931973912,12072,1,0,0.04003036180570635
542531,16,16화 보스코(4),-0.0127986740941945,21999,1,0,0.03993181561319642
536098,18,18화 앞으로 바빠질 예정이니까요.,0.0175944333996024,9883,1,0,0.03987684462968637
541245,8,-8- 가뭄속의 희망,0.0368181818181818,21190,1,0,0.039868752271906
538483,13,13화,-0.0069737615561373,37687,1,0,0.03964680015597499
359132,24,#024화,0.0,5,0,0,0.039635187115410545
558146,17,검찰의 회유,-0.0047789725209079,2523,1,0,0.03958379247411451
529960,13,013:세계수의 특별한 선물,-0.0060978871355976,18809,1,0,0.03957135059021694
573683,14,14화 명분이라는 이름의 무기,0.0260688216892596,2802,1,0,0.039516822021358464
539540,14,번데기,0.0168149273161206,9063,1,0,0.03950636372550547
418603,12,세상 밖으로 (2),0.0337526386076767,44859,1,0,0.03946117578937952
553892,15,15화,0.0366829702089818,4333,1,0,0.03939336022963334
513757,18,[17화] 이 게임은 빛보다,0.0335083330397096,27430,1,0,0.0393712329496055
372155,13,13. 공주성을 향한 경주(1),0.0604315772480223,17460,1,0,0.03935397068539743
554560,12,4장. 값비싼 경비견 (1),0.0140881815810069,3779,1,0,0.0393045127847235
536163,12,12화,0.0080528098430912,28701,1,0,0.039263097141094196
201454,21,사냥꾼의 카타콤 (1),0.0008758484782133,9126,1,0,0.03925868713951724
493717,9,9. 오판,0.0024754648080198,56818,1,0,0.03924006671167206
514940,24,숙적 인효대비,0.0909090909090909,10,0,1,0.03921867107475577
568900,13,13화 신인 드래프트(2),0.0310288205650869,17113,1,0,0.03911726575451957
553892,14,14화,0.0135964912280701,4498,1,0,0.03910367706878783
556685,15,[15화] 북관대첩(2),0.029467680608365,5105,1,0,0.03907822997825089
418603,13,세상 밖으로 (3),0.0243206491450991,43768,1,0,0.03904111980260608
433377,14,제 13 장 집을 짓는다면 천년을 갈 집을 지으리라.,0.0133044554455445,3189,1,0,0.03901955656162189
563286,10,10화,-0.0005347364818617,46777,1,0,0.038957873955565464
563160,14,#014. 문제 있어?,0.0276645936092644,9068,1,0,0.0389332908659049
536098,17,17화 이 정도면 저랑 함께 할 마음이 생겼습니까?,0.003170828378914,10060,1,0,0.03889521695478402
565707,14,스나이퍼 김우창 (2),0.0299650250496266,20524,1,0,0.03885990966927718
376244,19,제19화. 윤국영 2.,0.0142284569138276,9838,1,0,0.03864833912401936
579284,21,6화. 국가가 부른다 - 3,0.0061398122971668,22662,1,0,0.038646702558414
573216,12,요즘 난리인 '그' 무당,-0.0035221602582917,6838,1,0,0.03863114105819515
128808,25,24장. 한밤의 추격전,0.0437665782493368,721,1,0,0.038464486181466286
381297,20,제20장 외종 대회,0.0381282495667244,555,1,0,0.0384534832829607
549589,9,복싱 체육관에서,0.0134141319056304,50307,1,0,0.038440028999358625
556083,8,"너, 진명이 아니지?",-0.007102923655027,43954,1,0,0.03843051314362873
540166,15,05. OCS(2),0.0484626349012421,4673,1,0,0.03839944273509748
476831,17,붉은 전조 - 3,0.0153965785381026,6331,1,0,0.038387102348944824
512544,15,지금 운이 더 좋아요,0.0144071538971075,35710,1,0,0.03832664768415006
560969,14,안량과 문추,0.009913873226346,15979,1,0,0.03828308743199083
565391,16,16화,0.0104611575363664,15986,1,0,0.03826848527728898
563512,10,응~ 안해~ 너 개 못하잖아.,0.0232280645931111,12279,1,0,0.03819011136247172
518734,16,16화,0.0142322097378276,5264,1,0,0.03811136316497369
433377,17,제 16 장 시체와 말의 혈투(血鬪),0.0298149417409184,2831,1,0,0.038102203507050965
90225,18,라이칸스로프의 영역 (4)- 1권 끝.,0.0480956898149662,87302,1,0,0.038098195780602286
124930,18,절대 말해선 안 될 말,0.0150842945874001,2220,1,0,0.03800828471882394
569827,18,마도 통신참모 대위 유진 패터슨,0.0168193422435801,6547,1,0,0.037969513031558315
541873,14,14화 부처를 닮은 괴물,0.0168456309723179,9980,1,0,0.03785894843319165
530197,13,13화 - 클라스,0.0057887120115773,4809,1,0,0.03784874595334655
573683,12,12화 계약서는 똑바로 읽었어야지,-0.0166607585962423,2868,1,0,0.037812606221260286
565202,13,013화. 원래라면 없었을 변수,0.0090793381417055,11678,1,0,0.037801220699948346
556685,13,[13화] 아! 평양성이 함락당하다.,0.007269338303821,5326,1,0,0.037796759321046626
531329,10,10화,0.0071641791044776,33260,1,0,0.037688899928974375
565707,12,불타는 MIC,0.0046115476918733,21153,1,0,0.03768709201259731
476539,8,단약(丹藥),0.0137944308995252,15371,1,0,0.0376550071888826
524031,9,9화 - 연예인이고 나발이고,0.0043543250796126,15320,1,0,0.037556474925891946
574368,18,18화,0.0704328092073269,11469,1,1,0.03751780078774945
544138,12,12화,0.0212377255081068,4286,1,0,0.03749947486898495
546644,17,"도련님, 그게 최선인가요?",-0.0009511731135065,3157,1,0,0.03749535204571254
563715,13,13화,0.003625875566543,12091,1,0,0.03740166525210372
535774,17,독수리,0.0114185596906718,16363,1,0,0.0373712471393227
554560,9,3장. 보스턴의 황태자 (2),0.0469814995131451,3915,1,0,0.037368776955403055
538483,14,14화,-0.0061825032504576,37920,1,0,0.037348435118723204
541245,13,-13- 대가뭄,0.0313577010824717,19955,1,0,0.037281383648072625
191722,19,화력덕후와 의심암귀,0.0257737403612549,9223,1,0,0.037265600733798386
555850,13,기회는 준비된 사람한테 찾아온다,0.0026808368040595,20833,1,0,0.03724949588923278
541873,16,16화 우리 교주가 착해졌어요,0.0392617091646217,9005,1,0,0.037231240297759774
520418,23,황태자의 자신감 3,0.0366748166259168,394,1,0,0.037191721615330436
330536,17,무명,0.0375503918104814,21248,1,0,0.03719163462443951
556685,16,[16화] 정쟁에 휩싸인 의주 행재소,0.0005876591576885,5102,1,0,0.03716156059702469
550013,13,내가 이기겠는데?,0.0386208361357923,27158,1,0,0.03716062479803693
534215,5,2화. 임관 첫날 본부가 사라짐 (1).,0.0090931657543016,75845,1,0,0.03711027183443113
191722,18,"조선, 국제무대로 나서다!",0.0281285288984703,9467,1,0,0.03699656315978083
526298,14,014화,0.019249804636624,37651,1,0,0.03699520600414553
564440,9,성화선엽을 확보하다,0.0160639392260821,12434,1,0,0.03695188752177193
246282,22,나 오늘 필드에서 사냥할 거임.,0.0087554721701063,6340,1,0,0.036914031020458614
513757,17,[16화] 사냥에 실패한,-0.0113676858385005,28381,1,0,0.0369131505263359
536163,15,15화,0.0106000653428685,27255,1,0,0.03686192741156758
584815,23,23.,0.0387596899224805,124,1,0,0.03681567292593041
557225,10,시범 경기 (3),0.0468159916655814,29278,1,0,0.036769930545816724
479971,14,14화.,0.0288125727590221,6674,1,0,0.036769610264925374
540166,14,05. OCS(1),0.0088799192734611,4911,1,0,0.036738803947942565
565122,14,14화,0.0319699362779805,17774,1,0,0.0367046019220628
558146,15,어디에서 문제가 생겼는가?,0.0138613861386138,2490,1,0,0.03665272185709159
571931,11,11화. 두 번의 은혜 (1),0.0244941744390476,32737,1,0,0.03662312768399564
545079,17,17화 시에라 네바다 산맥 (3),0.0161137440758294,3114,1,0,0.036611847947057324
563339,13,미래를 위한 준비(1),0.0312112516385021,27346,1,0,0.03654642396048229
526298,17,017화,0.1039266339447171,34687,1,1,0.03651375160729625
563339,9,두각을 드러내다(3),0.0156822268096157,29563,1,0,0.03644192955287844
539540,13,마계 게이트(3),-0.0032651284283848,9218,1,0,0.03636392556179456
553948,21,투자의 신 (21),0.0532150776053215,1281,1,0,0.036314098478658616
579284,22,6화. 국가가 부른다 - 4,0.0287265025152236,22011,1,0,0.036304746500923954
556685,17,[17화] 한산도대첩(1),0.0131321050568404,5035,1,0,0.036267264088592446
452318,10,2.FS게임즈(4),-0.0129046332499873,60360,1,0,0.03622026905324534
548891,16,16화 소드마스터 (3),0.0046871338176704,12741,1,0,0.03609820388184593
557881,11,상하관계(1),0.0474316487158243,13797,1,0,0.03609758979749826
557225,13,개막 시리즈 (2),0.0659953308477647,26805,1,1,0.036018112076228084
552965,12,012,0.0026828015297676,17472,1,0,0.03599343085566667
525008,13,13화,0.0009193832251963,38034,1,0,0.035970848702348346
493717,10,"10. 그냥, 나답게.",0.028036889718047,55225,1,0,0.03586773592042034
170423,9,무명의 초신성 (4),-0.0204087346024635,72898,1,0,0.03585878489121546
527164,10,10-하버드 입학,-0.0329952443078995,49090,1,0,0.03585054633028981
533816,15,러브 코미디는 원래 봄에 시작한다(5),0.0637244348762109,4349,1,1,0.03584689781565035
455299,19,19화,0.0687973333986912,37994,1,1,0.0358237662114713
376244,14,제14화. 전환(轉換) 2.,0.031437777584255,11122,1,0,0.0358171804385742
201454,22,사냥꾼의 카타콤 (2),0.0430637738330046,8733,1,0,0.03572390917535535
558146,20,억울한 사건 2,0.0819929384072185,2340,1,1,0.035620573527657726
372155,14,14. 공주성을 위한 경주(2),0.0981099656357388,15747,1,1,0.035595099205470535
577162,25,25. 미국 왕따가 싸움을 잘함,0.0394699613316985,20369,1,0,0.03556538896529963
134514,21,프로페셔널 21화,-0.0007369196757553,1358,1,0,0.03555811774083288
494781,5,실버 오크 농장(1),0.0120588594455977,64722,1,0,0.03551987565287983
553892,12,12화,0.0248020008336806,4679,1,0,0.03550983130721608
565708,11,11화: 관상,-0.004753102719831,22830,1,0,0.03548808473777553
381321,12,사천당가 2,0.0120066386598205,76198,1,0,0.03543333870193711
452318,9,2.FS게임즈(3),0.0124293598051076,59591,1,0,0.03539548234639449
557097,18,전능의 동자신을 주웠다-18,0.0487911320590032,10898,1,0,0.03536405428429653
527164,12,12-모의 투자 시험,0.0012306496534749,46260,1,0,0.03535826840573356
557962,16,리지웨이 장군,0.0502580820429231,6992,1,0,0.0353416812213404
559657,17,17화.,0.0380462724935732,3742,1,0,0.035280509982652905
573683,19,19화 사탄도 혀를 내두를 질문,0.0187043795620438,2151,1,0,0.035273653970369245
570506,10,아침의 구조 요청,0.015790276647681,38707,1,0,0.035188138825022336
533114,18,전신귀환 18화,0.0165329443228786,4045,1,0,0.03513524319265062
533114,17,전신귀환 17화,0.0378947368421053,4113,1,0,0.03511204064925264
530197,12,12화 - 맛보기,0.0244050020169422,4837,1,0,0.035108429750203084
493070,17,"새로운 계약, 전 여친은 새로운 이별",-0.0177158050952264,32917,1,0,0.03510604394044014
234339,16,유매 (2),0.0114900166930431,45597,1,0,0.03509726989511054
551214,17,진정한 첫 걸음,0.0268573930813019,6667,1,0,0.03509661012316883
568900,11,11화 강유현(5),0.0139821339399656,17771,1,0,0.03504911480243879
529719,15,선수 입장,0.0272356539469851,26716,1,0,0.0349957899767513
566106,12,은혜를 지워두다,0.0089670014347201,22104,1,0,0.03492672318342457
234339,18,금예린 (1),0.054215760347961,46316,1,0,0.034887348076133355
558146,9,막걸리 농약 사건 3,0.0133006650332516,2819,1,0,0.034861467867220546
563571,17,짐승굴 (2),0.0470885323826499,12830,1,0,0.03484568074427988
531246,13,인간 내비게이터,0.0228952024144031,18778,1,0,0.034838839533643445
552965,16,016,-0.0020402215097639,17190,1,0,0.03482320734814138
333183,25,025,0.0,4,0,0,0.034809483233014325
170423,8,무명의 초신성 (3),0.0570221752903906,71440,1,0,0.03479633197682705
419162,12,짐승의 유해(2),0.038940586972083,26852,1,0,0.034760278671825524
561939,17,17. 목수는 연장 준비부터 일이다.,0.038,4329,1,0,0.03475959570903508
505913,19,19화,0.0229849475680068,25249,1,0,0.03467347020350021
555465,12,12화 1급 요수 적화원(赤火猿),0.0374767225325884,4135,1,0,0.03460783215736039
555164,17,017,0.0463073852295409,7167,1,0,0.03453325495109733
292182,17,#017 내가 이래서 상태창을 못 끊어,-0.0055149458295262,30813,1,0,0.03448730749758481
493717,11,11. 충동을 느끼다.,0.0015934812132186,55137,1,0,0.03448001624090822
563160,18,#018. 성을 대 씨로.,0.0192085165470955,8476,1,0,0.03446725826256486
556083,14,어째서 묘한 불쾌감이...,0.0466640674496807,39123,1,0,0.03445834402852347
579284,23,6화. 국가가 부른다 - 5,-0.0139021398391712,22317,1,0,0.034307313165941045
419162,14,신수(神獸),-0.0090800661767533,26227,1,0,0.034227219999382656
548891,14,14화 소드마스터 (1),0.0025867315885574,13110,1,0,0.03421393874660197
557962,17,인사발령,-0.0038615560640731,7019,1,0,0.034180462796002085
363040,16,15화,0.0097228974234321,6111,1,0,0.03414167782047829
552434,18,018. 산성 폭탄,0.0593448059001772,16453,1,0,0.03413809295103172
565708,12,12화: 주 6일(수 휴방) / 밤 10시 ON,0.0154621112571178,22477,1,0,0.03406927749612157
550013,15,시간을 벌어보겠습니다,0.0147768281101614,25936,1,0,0.034000097334142956
534819,12,아빠는 도망칠 자격도 없다.,0.0052973342447026,5821,1,0,0.03396652631542915
381321,16,만독전(萬毒殿) 1,-0.0316090389327525,75782,1,0,0.03394535161444679
480433,10,양수색전증 (Amniotic fluid embolism) (1),0.0072090819568569,53433,1,0,0.03394398429455604
555164,12,012,0.0223935389133627,7989,1,0,0.03386012045177246
514940,25,임금과 세자,0.0,10,0,0,0.03375836065301373
544647,17,17화 귀환한 삼촌은 재앙급 마법사,0.0231893880712625,20177,1,0,0.0335855457324282
546589,14,013. 파혼동맹(2),0.0348222424794895,5294,1,0,0.033557577258421595
543562,14,014,0.0150594786130093,7783,1,0,0.033455145610342026
524031,12,12화 - 낚시터의 라면,0.0030835232604906,14872,1,0,0.03345468219672508
549388,21,노마들의 티타임,0.0226244343891403,2592,1,0,0.03344263630712586
574368,20,20화,0.044315632011967,10222,1,0,0.033441039993262235
441725,18,제18화. 무속인.,0.0258669698692438,10281,1,0,0.033421081573035305
418603,11,세상 밖으로 (1),0.003434508221354,46426,1,0,0.03339361869300257
268428,16,16. 재벌 VS 재벌 2,-0.0030686500862144,34322,1,0,0.033348446655229944
531246,15,스펙,-0.010295940919627,18742,1,0,0.033334450711817856
559391,14,앙샹트몽이나 조사해 보십시오.,0.0164128345408842,6652,1,0,0.0333337272692476
545079,18,18화 마사틀란,0.0330764290301862,3011,1,0,0.03327973832906014
565122,13,13화,0.0341907316816579,18361,1,0,0.03326615421910895
529960,15,015:정령왕 ─ 무르,0.0104229195088676,18134,1,0,0.0332570467068229
518734,18,18화,0.0141952810281987,5139,1,0,0.03312174450476762
565391,13,13화,0.0349274272827155,16689,1,0,0.033110264642031914
549589,13,명장면의 탄생(2),0.0126602628511716,49132,1,0,0.03305219097635094
560429,12,12화 - 특강(1주차),0.0163447251114413,14564,1,0,0.0330089557927362
558146,16,국가배상 소송 시작하다,-0.0084337349397589,2511,1,0,0.03298429229121598
549228,17,017화,0.0168376742962378,3737,1,0,0.03294191944525286
539540,17,카르도의 입덕,0.0192899408284024,8287,1,0,0.03293464049229261
286189,23,23화,0.0219840615553723,3559,1,0,0.03281919766348295
536098,19,19화 미국 출장 준비해. 사야 할 게 있으니까···,0.0347060609126783,9540,1,0,0.03276673011775857
538193,12,조유준은 절대 못 받을 프라이빗 뱅킹 서비스라고!,0.0352962917333989,15661,1,0,0.0327618508077284
537197,19,"4장. 인생, 완전히 꼬이다. (4)",0.0195001373249107,3570,1,0,0.032709446870425346
559391,11,뭐 이런 가족 같은 경우가..,0.0401150054764513,7011,1,0,0.03266866791004142
443334,20,천심을 얻는 법 (1),0.0111711711711711,5488,1,0,0.03261663372202422
522532,13,13,0.0100721294431087,15234,1,0,0.03256646353321259
554471,12,012. 기초 공사 시작 (1),0.0063987714358842,7764,1,0,0.03255265462746795
571118,13,주사위 굴려서 역대급 홈런왕(13),0.0336615525532402,16880,1,0,0.032536008514754786
556685,18,[18화] 한산도대첩(2),0.0319761668321747,4874,1,0,0.0325076818616314
319100,18,18화,0.0387807984540383,21886,1,0,0.03248225046950059
563160,16,#016. 진짜 운이 좋았다고.,0.0306188925081433,8928,1,0,0.03242951470183752
549228,16,016화,0.0028856243441762,3801,1,0,0.03241175618268321
555850,14,사기꾼인가 천재인가,0.0017760284164546,20796,1,0,0.03240327611887819
571118,14,주사위 굴려서 역대급 홈런왕(14),0.0516587677725118,16008,1,0,0.03240019287155645
517290,17,뉴런과 시냅스,0.0232558139534884,882,1,0,0.032399124217139974
469259,19,도둑놈들은 꼼꼼하고 치밀하다,0.0415867866096445,6499,0,0,0.03238820212459858
563286,11,11화,0.0356157940868375,45111,1,0,0.032367529041135004
518734,15,15화,0.0112942047768931,5340,1,0,0.03236290590670167
570506,11,목장과 태권도복,0.0001808458418374,38700,1,0,0.03231525640843746
201454,23,사냥꾼의 카타콤 (3),0.0216420474063895,8544,1,0,0.03230104680316882
560429,15,15화 - 진법(陣法),0.0070023107625516,14181,1,0,0.032278667096043503
543382,13,13화,0.0267729841051909,36860,1,0,0.032275677227528284
560429,14,14화 - 유수귀원결(柔水歸元訣),0.0148316777041942,14281,1,0,0.03225541563880687
542580,15,제15화. 룰(Rule)을 해킹하는 자,0.0068576653459311,6517,1,0,0.03224640536004769
128808,22,21장. 회의,0.0235849056603774,828,1,0,0.032234638004082085
531246,14,본부장의 승부수,0.012088614335925,18551,1,0,0.03218004823079374
359132,25,#025화,0.0,5,0,0,0.0321426851848216
545935,18,18화. 김두한,0.0155038759689922,4064,1,0,0.03211247291902296
574693,10,# 10화,0.0039379768643859,40470,1,0,0.03205723991239728
563339,12,속상한 사람들(1),0.0156920179935139,28227,1,0,0.03203908364804449
582089,18,달라지는 경로,-0.0214899713467049,713,1,0,0.03203718678224384
559391,18,그 사람이 고모 아들이었어?,0.0268666556782594,5904,1,0,0.03193633590346436
476831,16,붉은 전조 - 2,0.0241311276369706,6430,1,0,0.03192180538093946
531329,12,12화,0.0189624439117339,31921,1,0,0.03183847786144643
556083,12,이게 행복이지,-0.0003723193010325,40303,1,0,0.03178618701502725
363040,19,18화,0.0155887230514095,5936,1,0,0.031626695872948356
550013,14,난 된다,0.030672361735032,26325,1,0,0.03156491138360329
241417,21,환마의 장(1),0.0150226757369614,6950,1,0,0.03146350526059559
238800,16,15화,0.0073666978484564,8489,1,0,0.03138398387548427
372155,12,12. 다시 벼려진 자들(2),0.0647239418189138,18583,1,1,0.03136687534031791
554066,13,13화. 탈락,0.027538136319488,17021,1,0,0.031314038341917816
554066,14,14화. 추형대,-0.0250866576581869,17448,1,0,0.031282959160032785
557962,18,스탈린의 오판,0.0205157429833309,6875,1,0,0.03121538993592007
553948,22,투자의 신 (22),0.0429352068696331,1226,1,0,0.03110730785439652
376244,17,제17화. 조사(調査),0.0172771903323263,10409,1,0,0.03102232381009575
488890,14,아르카디아 오리진.,0.0107196868605995,22241,1,0,0.030952292218513117
224777,19,심층의식(2),0.0299612266478674,5504,1,0,0.030939045300708304
545079,20,20화 코네티컷주 사우스 코번트리,0.0363876943433675,2913,1,0,0.030857626592473524
555465,14,14화 연기기 이성,-0.0092759598041742,3917,1,0,0.03081345754271228
529719,14,비상,-0.0017873426956045,27464,1,0,0.030800463747840665
522532,14,14,0.0028226335827753,15191,1,0,0.030799898049818888
479971,18,18화.,0.0096593797661412,5844,1,0,0.030767993875117975
563526,16,16화 이게 진짜 선수로서의 대우지.,-0.0034620505992011,11304,1,0,0.0307392144313178
531246,16,스펙 (2),0.0373492690214491,18042,1,0,0.03072268738248605
551214,15,파이프라인,0.0300803992237316,6997,1,0,0.03069199385592184
493070,15,두 여직원과 함께 꾸미는 미래 계획,0.0394861626002241,33423,1,0,0.03061183836279977
548687,16,16화. 인재가 모여든다(1),0.0451893693860542,20622,1,0,0.030562450470809917
559391,20,"오빠, 차 샀어요?",0.0481756996103436,5374,1,0,0.030536311707613933
556620,6,6화,0.0342632680563121,67364,1,0,0.030509014455648516
565202,16,016화. 나랑 만들자,0.0739467653798695,10507,1,1,0.0304631739628229
418796,20,19. 도서관과 영화관,0.002123502930434,11748,1,0,0.030399035656428656
505913,23,23화,0.005093589531224,24025,1,0,0.030396903669567335
552788,20,20화,0.0963177002296806,12197,1,1,0.030337917359768818
563526,13,13화 우리가 먼저 패를 보여줄 필요는 없으니까요.,0.0543790241253587,12190,1,0,0.030300306955098628
268428,14,14. 석유재벌의 스폰이 어떤 건지 보여줄게,-0.008989026383376,34572,1,0,0.030296753213093063
505913,22,22화,0.0215955593371419,24148,1,0,0.03028039506712419
433377,19,제 18 장 동상이몽(同床異夢),-0.0160583941605838,2784,1,0,0.030161779802335045
543382,16,16화,0.0397657213316893,34265,1,0,0.030148904755368855
565202,12,012화. 스캔들,0.0064913168099814,11785,1,0,0.030093215488470968
201454,20,싹트는 아가페 (3),0.0237280889268918,9134,1,0,0.030040000644464653
534819,15,아빠는 도망치지 않는다(2),0.0218531468531468,5595,1,0,0.03002876657597773
210472,7,배반하면 죽는다,0.0125593383955494,99221,1,0,0.02996667598211743
557881,15,상하관계(5) (수정),-0.0012034599473487,13311,1,0,0.029947381935408746
537197,14,"3장. 인생, 계속 꼬이다. (4)",0.0222728423184004,3863,1,0,0.029915102830795726
563321,15,제 15화. 엄청난 현금 뭉치,0.0142829937154828,10352,1,0,0.029876812563911958
493070,16,"당첨금 수령, 그리고 수수께끼의 로또남",0.0322831583041618,32344,1,0,0.029871124768332886
90225,19,나눠먹는 독약이 제일 맛있다. (1),0.0032988934961398,87014,1,0,0.029860764679793723
556620,8,8화,-0.0085668717247664,66399,1,0,0.02985709633115144
557097,17,전능의 동자신을 주웠다-17,0.0362550471063256,11457,1,0,0.029816661034851352
563526,17,17화 이제 슬슬 시작이 된 것 같네요.,0.0179582448690729,11101,1,0,0.029811444020276957
560969,15,의뢰 수령,0.0009387320858627,15964,1,0,0.02980980978914118
573683,16,16화 원수에서 충복으로,0.041132075471698,2541,1,0,0.029792404939467488
493070,19,수면실의 방음 성능을 시험하는 법,0.0401754439401784,31512,1,0,0.029760550950344123
544647,12,12화 귀환한 삼촌은 재앙급 마법사,0.0549945756488358,22648,1,0,0.029724178414629272
563512,13,구 원장은 사회 생활이 힘들다.,0.0208083575954787,11435,1,0,0.029722322635922355
558281,15,15화 - 평생 형님으로 모시겠습니다,0.0412926391382405,9612,1,0,0.0296673540871407
564241,14,014 : 로번 세인트 스쿨,0.0016510033020066,15722,1,0,0.029639033967646913
571931,14,14화. 두 번의 은혜 (4),-0.0089978379753274,31735,1,0,0.02959268059382918
541245,10,-10- 하늘은 스스로 돕는자를 돕는다.,0.0394376652902148,20703,1,0,0.029450290115571442
550013,18,안녕?,0.0403838607256251,26899,1,0,0.0293875275566974
170423,11,플레이어의 궤적 (2),0.1148667292092048,64158,1,1,0.029382447964546532
375271,18,18화,0.0188081036057821,36518,1,0,0.029376253798230313
512544,16,티저,-0.0085690282833938,36016,1,0,0.029368822148840592
573683,20,20화 윈스턴 카르텔,0.0018596001859599,2147,1,0,0.029324889226541705
547756,16,1조달러에 H₂O 팝니다 (16) 그냥 플라스틱이 아닙니다,0.0211940298507462,3279,1,0,0.029300598970660528
419940,18,PvP (1),-0.0064347532876249,35817,1,0,0.02928895763818067
286189,17,17화,0.0183232931726907,3911,1,0,0.029275567540819482
516965,20,そばかす (1996),0.0019180470793374,5724,1,0,0.029208213002997276
545935,15,15화. 휴식 같은 단잠이 필요해,0.032185963343764,4330,1,0,0.02918955030209423
545835,6,홍콩 출장 (2),0.046727239013536,82256,1,0,0.02915664989791878
337226,16,016 - 새로운 가족,-0.0044825720689387,12997,1,0,0.029106828905327703
191722,20,내부정비와 영국의 국제전략,-0.0718855036322236,9886,1,0,0.02907914792233214
443334,17,울릉도의 비밀 (1),-0.0323636363636363,5678,1,0,0.029078609193443954
557343,15,세관 압류물 경매(1),0.0133158958506717,8299,1,0,0.029074524027706404
555850,16,사모펀드(1),0.0169847235101762,20141,1,0,0.02907029911986078
516965,21,착각,0.0008735150244584,5719,1,0,0.02906066391816704
550013,16,수고 많으셨습니다,0.004086983343615,25830,1,0,0.029029992841216816
542580,17,"제17화. 진짜와 가짜, 그리고 덫",0.0349617605743718,6183,1,0,0.02901501204084821
547756,11,1조달러에 H₂O 팝니다 (11) 30년 동안 금 위에 앉아 있었다는 거네,0.019451105782041,3680,1,0,0.02900811135745838
563526,15,15화 전 나름대로 진지했습니다..,0.0384122919334186,11265,1,0,0.028979854111048933
549589,12,명장면의 탄생(1),0.0219540478389905,49762,1,0,0.028871559084171262
330536,20,먼저 온 손님,0.0237800346792171,19705,1,0,0.028871279556938863
543562,10,010,0.0045662100456621,8066,1,0,0.028862822064193397
319100,20,20화,0.00456808734183,21791,1,0,0.028809440204977527
364922,20,졸업 사진,0.0068037974683544,6277,1,0,0.028722001181755677
552434,17,017. 울라리,0.0200571460586027,17491,1,0,0.02871226376633185
513757,20,[19화] 레벨은 위로 갈수록,-0.0063787475141645,26821,1,0,0.02870571421338939
493717,14,14. 오늘도 아름다운,0.0164702625751343,49743,1,0,0.02869970561665511
563339,11,곡물 수입(2),0.0352565180824222,28677,1,0,0.0286965142849832
549589,10,K.O,0.0012125549128352,50246,1,0,0.028596075272605735
330536,22,부하 육성,0.0204506426601446,18824,1,0,0.028473843678270275
557580,14,직구 (1),0.0119254409406733,29579,1,0,0.02846830888952788
530197,18,18화 - 진짜 저희를 이겨볼 생각입니까?,0.0162057044079515,4553,1,0,0.028457066512664754
563286,12,12화,0.0083349958990046,44735,1,0,0.02842207662767083
480433,9,아나필락시스 (anaphylaxis),0.0240625226662798,53821,1,0,0.028394609113083398
563160,20,#020. 우리 할래요?,-0.0332125603864734,8555,1,0,0.028393567043251775
548891,18,18화 다음 걸음 (2),0.0282467792270144,12144,1,0,0.028378284781545846
363040,22,21화,0.0057705363204344,5858,1,0,0.028373572099159763
565122,19,19화,0.0197929552705253,15055,1,0,0.02836784784301263
234339,21,금예린 (4),0.0410938273198648,44569,1,0,0.02836737331398304
535335,16,금천구청 (2),0.0206588881262869,28538,1,0,0.028275016319729594
525008,12,12화,0.0266421211423896,38069,1,0,0.028271354414649844
548687,18,18화. 눈덩이처럼 커진다(1),0.0097125867195242,19984,1,0,0.028267381758539007
556522,15,15화,0.0285161008214386,31104,1,0,0.02812974373809794
579284,24,7화. 인생은 계획대로 흘러가지 않는다 - 1,0.0093202491374289,22109,1,0,0.02811928958869455
372155,19,19. 이인-효포 가도 전투 (3),0.0315277672263162,12748,1,0,0.028095446660083866
548891,19,19화 서점의 그 아이 (1),0.0013175230566534,12128,1,0,0.028094085423796947
512399,19,19화-vs 극강야구(1),-0.0059623181492964,12654,1,0,0.02807043650446187
530581,15,무열산 전투,0.01096044045677,19401,1,0,0.028044167242991528
372155,18,18. 이인-효포 가도 전투 (2),0.0377220557058264,13163,1,0,0.02796344472086295
550171,15,15화. 너희들은 다 고추 떼라.,0.0083391243919388,12843,1,0,0.02788504435559096
476539,13,살기(殺氣),0.0284861638632664,14324,1,0,0.027860765100895187
582089,12,어려운 문제를 쉽게 해결하다,0.0135685210312076,727,1,0,0.027857973237581504
512544,14,내 최애만은 살려다오,0.0135046830755826,36232,1,0,0.027834087152952616
563286,9,9화,0.0325304196672461,46752,1,0,0.027770117072578412
553892,10,10화,0.0085942295887047,4845,1,0,0.02774897211988666
540166,18,06. 잠수함 승함 자격증의 무게(2),0.0306252658443215,4558,1,0,0.027596626994187322
537219,16,"[무협] 자폭, 공명",0.0187853684149116,16819,1,0,0.02758478730618988
170423,10,플레이어의 궤적 (1),0.0056791681527613,72484,1,0,0.02757894707073832
533114,16,전신귀환 16화,0.0506329113924051,4275,1,0,0.02753811134638777
545935,17,17화. 내부 단속,0.0084073985106893,4128,1,0,0.02745933468898637
419940,16,마정석이 필요해 (1),0.0251877558766911,35954,1,0,0.027452783316254333
565202,14,014화. 조건,0.0151567049152252,11501,1,0,0.02739369950254097
541245,14,-14- 신이 이 땅을 버렸다.,-0.0008018040591331,19971,1,0,0.027333190068700254
534215,10,3화. 임관 첫날 아포칼립스가 열렸다 (3).,0.0261171627069216,68127,1,0,0.02727806423562227
545835,7,홍콩 출장 (3),0.0007659015755689,82193,1,0,0.02727072668669198
246282,24,많이 힘들지?,0.0116355293346444,6031,1,0,0.027263242129772124
54528,19,다시 타오르는 불꽃 - 3,0.0128276631344116,8850,1,0,0.027260011405536605
527164,13,13-교수와의 내기,0.0349113705144833,44645,1,0,0.027229585371580604
443334,14,미끼 작전 (1),0.0386938775510203,5888,1,0,0.02721157923542163
555465,15,15화 연청,0.0237426601991319,3824,1,0,0.027180973811233137
493717,16,16. 새로운 제안,0.0213525360050094,46887,1,0,0.027179712608594173
539992,21,나 홀로 미궁에서?(2),0.0313272877164055,12925,1,0,0.027156792794290306
124930,17,마녀사냥꾼,0.0388059701492536,2254,1,0,0.027145959762438228
546589,17,016. 임시동맹이다 마법소녀(1),0.0083172147001934,5127,1,0,0.027112480994955244
418796,19,18. 신고받다.,-0.0059813722977013,11773,1,0,0.02710636177184154
563715,15,15화,0.0299669855244222,11459,1,0,0.027069588971124575
552434,15,015. 수석 연구원,0.0059589494592805,18016,1,0,0.027017611785817776
493717,13,13. 그게 정말 가능할까?,0.0358395607747445,50576,1,0,0.027015550133472437
539992,19,일상과 노예시장,-0.0019542994588093,13330,1,0,0.026994462661322414
555465,17,17화 오행 둔술,0.0440032197477864,3563,1,0,0.02698750389437286
513757,19,[18화] 20레벨은 특별한,0.0283995625227853,26651,1,0,0.026795830836339074
555850,12,하한가,0.0015295635963864,20889,1,0,0.02673071884802095
565213,15,미국은 우리 편(3),0.0103854603555022,4955,1,0,0.02667991169302638
563715,18,18화,0.0372459486077536,10753,1,0,0.026610287972064703
337226,15,015 - 운명의 힘,0.0096440872560275,12939,1,0,0.02659887259012458
544647,18,18화 귀환한 삼촌은 재앙급 마법사,0.0139763096595133,19895,1,0,0.02657809415865047
573666,14,014. 첫 휴방 (2),0.0125056637970095,10897,1,0,0.02650846058438042
558146,22,드러난 사고의 진실,-0.0058897770298695,2391,1,0,0.02638315370360635
54528,17,다시 타오르는 불꽃 - 1,-0.0007746790615317,9043,1,0,0.026377972404818817
552788,19,19화,0.0848871109905756,13497,1,1,0.026339470788303013
549388,22,살기 감지,0.0636574074074074,2427,1,1,0.02633850969543587
455299,20,20화,-0.0202926777912302,38765,1,0,0.02633309849850394
441725,17,제17화. 음기가 강한 여산.,0.0163109329853667,10554,1,0,0.026256928675450996
546644,13,회장님의 까다로운 입맛,0.004601226993865,3245,1,0,0.026217575531535423
536098,21,21화 최정예 군단 아이언 가드,0.0089985178911708,9361,1,0,0.026196062689861375
419940,15,마나 문명의 시대 (2),0.023018648018648,36883,1,0,0.026189395851705505
542531,17,17. 오웬.,0.0161825537524432,21643,1,0,0.02616183320231914
419940,19,PvP (2),0.0503113046877181,34015,1,0,0.02614907094793492
123363,19,#4 개는 소년의 친구,-0.0540560581343616,28430,1,0,0.026111663432309754
552965,14,014,0.0004613344097802,17333,1,0,0.026104519594649364
563571,18,짐승굴 (3),0.0468433359314107,12229,1,0,0.026050041587906088
268428,18,18. 발정난 개한테는 몽둥이가 약이거든,-0.0085021922028676,34043,1,0,0.026002974672048474
517290,14,패닉 어택,0.0342465753424657,987,1,0,0.0259948823175486
364922,19,창자,0.0845886442641946,6320,1,1,0.0259783813697229
563715,17,17화,0.0190584928860003,11169,1,0,0.025968582614064255
557343,19,고급 모터보트(2),0.0203118857292622,7476,1,0,0.025948140994034967
574368,16,16화,0.0089106064961195,13792,1,0,0.02594487721985155
224777,17,히로인이 되기 전에 ○○○(2),0.0233589087809036,5728,1,0,0.025931684265894702
563160,15,#015. 그걸 왜 눈에···.,-0.0156594618438465,9210,1,0,0.02593040844059011
558281,19,19화 - 나 국대 1차 선발 뛰어본 선수야,0.0220226377952755,7949,1,0,0.02591323265939362
518734,14,14화,0.0091726288754356,5401,1,0,0.025903966586574546
534215,13,4화. 임관 둘째 날 도적이 되었다 (3).,0.0110043098979546,66776,1,0,0.025901331208350663
238800,21,20화,0.0765040265277119,7798,1,1,0.02589498845124512
479971,21,21화.,0.0207053869099842,5581,1,0,0.025830755258999784
561939,18,18. 대놓고 보고 있습니다.,0.0404250404250404,4154,1,0,0.025828285542914237
538193,14,신나게 굴릴 부하를 영입하는 방법,0.0164689100693768,15169,1,0,0.025822631496825392
535335,14,추적 (3),0.0083313815371232,29638,1,0,0.025817596965328843
210472,8,너와 내 운명이 여기에 달려 있다,0.0010380866953568,99118,1,0,0.025806311334036304
569827,16,완벽한 승리,0.018577648766328,6762,1,0,0.025800109771980557
381321,17,만독전(萬毒殿) 2,0.0463302631231691,72271,1,0,0.02572474955795527
443313,22,22화. 성장기,-0.0218850510418122,14615,1,0,0.025659137559749023
488890,17,후회해봤자 소용없어.,0.0019547612398771,21444,1,0,0.025637202447854716
579284,25,7화. 인생은 계획대로 흘러가지 않는다 - 2,-0.0093174725225022,22315,1,0,0.02562065954130313
571931,13,13화. 두 번의 은혜 (3),0.0100406030656888,31452,1,0,0.02556770923206044
574693,16,# 16화,0.0314273122899796,35165,1,0,0.025499549203321162
574368,14,14화,0.0365703947793499,14911,1,0,0.025495157470671992
535335,13,추적 (2),0.0273375207472256,29887,1,0,0.02548010616844373
551214,16,파이프라인 (2),0.0208660854651994,6851,1,0,0.02542909275563996
556620,7,7화,0.0226975832789027,65835,1,0,0.025398488191279694
571118,18,주사위 굴려서 역대급 홈런왕(18),0.0009097998440342,15374,1,0,0.025318147501552864
559391,12,회장님이 날 왜 보자고 하시냐고요?,0.0118385394380259,6928,1,0,0.025306027188657796
469259,6,폐교 위기의 초등학교,0.0854226578638259,45160,1,1,0.025294110287959096
494781,7,브렌트우드의 체리 농장(1),0.0304341668371441,61613,1,0,0.02525774706751578
558281,18,18화 - 재벌 3세가 널 콜 했다고!,0.0409439528023598,8128,1,0,0.025215098082353872
574368,15,15화,0.0667292602776473,13916,1,1,0.025212365634041407
476539,10,경지 상승,-0.0016008537886873,15016,1,0,0.02520818374555344
477026,10,내 동료가 되어라!,0.0217047729427879,9285,1,0,0.025156687519476473
536163,16,16화,0.0762062006971198,25178,1,1,0.02507661151545817
557881,18,존스홉킨스(1),-0.0215693853884808,13214,1,0,0.025064906306893165
548687,17,17화. 인재가 모여든다(2),0.0214334206187566,20180,1,0,0.025064492018497513
494781,8,브렌트우드의 체리 농장(2),0.0318439290409491,59651,1,0,0.02505286327394413
563321,17,제 17화. 우리 망하면 당신들도 망해,0.00563270855589,10239,1,0,0.025029016841761457
516965,22,저당을 잡히면 나중에 찾으러 올 수밖에 없어,0.0010491344640671,5713,1,0,0.02502045895360877
517290,19,욕받이 무녀,0.0,871,1,0,0.02501067801117942
184654,19,머더 메이지(6),-0.0132013201320131,2149,1,0,0.024982374884345848
582089,22,신의 한 수,-0.0046511627906977,648,1,0,0.024969080973146963
529960,17,017:무르가 이렇게 유능한 정령이라고?,0.035815425620523,17364,1,0,0.024924779465539025
544370,10,10화,-0.0213129240493057,68190,1,0,0.024917295307131382
560429,17,17화 - 수편술(水鞭術),0.0065060413240866,13896,1,0,0.024916264302887094
488890,18,국민 메신저.,0.0069949636261891,21294,1,0,0.024863760011567024
381297,21,제21장 황급 3품 우락비화,0.0342342342342342,536,1,0,0.024810535823633087
364922,22,쿵쿵쿵,-0.0063354451483828,6036,1,0,0.024801919514640836
481784,19,어시스턴트,0.0065287558685446,13543,1,0,0.02479762878527725
532266,23,막힌 길에서,0.0610252237591537,1154,1,0,0.024746291777100398
524031,11,11화 - 명장의 밥상,0.0110050384513391,14918,1,0,0.024691607656914246
538193,17,세기의 천재를 목격하는 심정은?,0.0470446320868516,13430,1,0,0.024673626843215828
539540,15,번데기(2),0.0378461877965353,8720,1,0,0.024614200266518532
552788,23,23화,0.047943942467269,10326,1,0,0.024577702095266177
565708,14,14화: 유메신당 (YUME SHINDANG),-0.0060268057929298,22368,1,0,0.024562763493216844
547482,16,"제14화: 45cm, 그리고 37층",0.0321136629038536,9946,1,0,0.02455522865050326
568900,12,12화 신인 드래프트(1),0.0061898598840808,17661,1,0,0.024534964220807212
443313,21,21화. 칭찬,0.0097625147130098,14302,1,0,0.02452974062844429
550964,18,18화,0.0347494328727572,18722,1,0,0.02452355335489841
554560,17,5장. 군(軍) (2),0.0373514431239389,3402,1,0,0.024511318825915212
455299,23,23화,0.0017794539466694,37585,1,0,0.024430619217449996
418796,18,17. 폐쇄해주세요,0.0172978419682593,11703,1,0,0.02442937845207265
376244,18,제18화. 윤국영 1.,0.0412143337496397,9980,1,0,0.02441362749177588
549228,19,019화,0.0182561307901907,3603,1,0,0.024399784247574812
552434,16,016. 업그레이드 해금,0.0092695381882771,17849,1,0,0.02435522799189454
538193,13,국대급 대우를 한 번 받아볼까,0.0151969861439243,15423,1,0,0.024337368387889573
556522,16,16화,-0.0061406893004114,31295,1,0,0.02433606063444257
542531,14,14화 보스코 (2),0.0223268325487558,21807,1,0,0.02432688714370712
569827,20,집체교육?,-0.0006253908692932,6400,1,0,0.024302271218671498
557580,15,직구 (2),0.0512187700733628,28064,1,0,0.024237231437404493
560969,17,유 형님,0.0112396049896049,15219,1,0,0.024193889769109377
527164,14,14-첫 번째 성적표,0.0131705678127449,44057,1,0,0.024167002410064923
527164,11,11-하버드의 명물 ‘원주율 외우기 대회’,0.0564880831126501,46317,1,0,0.02414957009425282
451197,22,0022,0.0050825921219822,2349,1,0,0.024129255020208188
573666,17,017. 적응 (3) - After Tomorrow 2,0.0647717955725608,10266,1,1,0.02410799445835248
418603,15,본야드 (2),0.0454837922389119,43021,1,0,0.024076981569089047
512399,15,15화- 첫 훈련,0.0083044982698962,12897,1,0,0.024047594309709607
563286,15,15화,-0.0140689401091436,44040,1,0,0.02400647632071193
372155,17,17. 이인-효포 가도 전투 (1),0.0102026049204052,13679,1,0,0.023978025057181083
561939,19,19. 탐나긴 하네.,0.0180548868560423,4079,1,0,0.023965185358904437
477026,16,골드 마스터,0.0061154886510643,8451,1,0,0.023946760628171925
564241,15,015 : 죽기 싫으면 총 내놔!,0.0123393970232794,15528,1,0,0.023926995947165124
123363,23,#5 복실이 리턴즈,0.0116622549583764,25763,1,0,0.02390069135735246
563339,15,경쟁(1),0.0069527865749335,27280,1,0,0.023875156988746614
522532,16,16,0.0205677487186226,14905,1,0,0.02383476054371265
418796,21,20. 또랑이,0.0378787878787878,11303,1,0,0.023808918028741802
525227,12,12. 경찰차를 복원해보았다. (2),0.0101923437040207,37000,1,0,0.023806125045666145
455299,21,21화,0.0087450019347349,38426,1,0,0.023798683043710467
381321,9,역면접 4,0.0191005112500973,75594,1,0,0.023779914579644193
560969,16,지휘,0.0358306188925081,15392,1,0,0.02361649451729491
533114,19,전신귀환 19화,0.0101359703337453,4004,1,0,0.023536060504152516
571118,15,주사위 굴려서 역대급 홈런왕(15),0.0360444777611194,15431,1,0,0.023451361056570776
54528,20,용운고 - 1,0.0020338983050847,8832,1,0,0.02343815936442926
548106,18,치안 유지법 (2),0.0162087912087912,10743,1,0,0.023373910186745336
534819,14,아빠는 도망치지 않는다,0.000349528137015,5720,1,0,0.023324501645442468
563160,12,#012. 이게 되네.,0.0398154648480594,9574,1,0,0.02328734798137643
565213,14,미국은 우리 편(2),0.0239766081871345,5007,1,0,0.02321734993637366
544138,19,19화,0.0002510670348983,3982,1,0,0.02318655308773635
563160,17,#017. 억지가 아닌데요.,0.0320340501792114,8642,1,0,0.023181691397769977
541873,18,18화 북부의 괴물들,0.0505935870409408,8557,1,0,0.023175914514132968
319100,19,19화,-0.0002284565475647,21891,1,0,0.023173152272245996
564440,14,이영근자가 되다,0.0017119100024456,12246,1,0,0.02316346737866726
546589,21,020. 가짜 암살(1),0.0054666936626847,4912,1,0,0.023148998390765858
381297,22,제22장 위험천만,0.0261194029850746,522,1,0,0.02309952655021717
550964,20,20화,-0.0006131549609811,17951,1,0,0.023045355555547216
565391,15,15화,0.0099282956425813,16155,1,0,0.02291671851971571
559657,13,13화.,0.0170140365801786,4622,1,0,0.02286874610580649
565213,18,민주주의로 가는 길(3),0.0295062224006422,4835,1,0,0.022849153044125346
375271,20,20화,-0.0088997206856893,36843,1,0,0.02284661093127653
170423,23,개천신화의 신성한 범 (2),0.0290175970166647,8332,0,0,0.022840009987214048
540166,16,05. OCS(3),0.0051358870104857,4649,1,0,0.022821187083623254
90225,21,나눠먹는 독약이 제일 맛있다. (3),0.0045196127405504,83698,1,0,0.022741706455938517
550171,17,17화. 3초 안에 주우면 괜찮은 거 아니었어?,0.0191116887088143,12831,1,0,0.022710778619252334
526298,22,022화,0.0376208361554091,31260,1,0,0.0226928663173573
539540,16,집 보내기,0.0309633027522935,8450,1,0,0.022690280833285288
493070,18,전 여친 동생이 알려주는 전 여친 근황,0.0026126317708174,32831,1,0,0.022608334038143225
565122,16,16화,0.0505179839366779,16314,1,0,0.0225824081104102
529719,17,악역도 나름 사연이 다 있다,-0.011718601377316,26591,1,0,0.022575713943186096
568900,14,14화 신인 드래프트(3),0.0105767545141121,16932,1,0,0.02257297556436769
268428,17,17. 다 차려놨으니 넌 숟가락만 들어.,0.0164908804848202,33756,1,0,0.022542791584636568
543562,20,020,0.0096336499321574,7299,1,0,0.02247223861025989
330536,19,협행문,0.0116535278852274,20185,1,0,0.02245493819967629
530581,16,낙룡택,5.154373485904973e-05,19400,1,0,0.02244667452513957
539992,20,나 홀로 미궁에서?,-0.0009752438109527,13343,1,0,0.02239023251261579
557097,19,전능의 동자신을 주웠다-19,0.0127546338777757,10759,1,0,0.022356372611851787
535774,19,쿨거래,0.0213366802635707,15595,1,0,0.022334337538331372
537219,17,[무협] 개방(丐幇),0.0233069742553064,16427,1,0,0.022309533912468784
531329,14,14화,0.0151476497225588,30883,1,0,0.022289901605235106
545935,20,20화. 88구락부 실장 김지웅,0.0124428643981716,3889,1,0,0.0222881105214861
547482,18,제16화: 약속된 숫자,0.0018658650357623,9629,1,0,0.022274588637747037
538483,15,15화,0.0200158227848101,37161,1,0,0.022215157115779812
517290,21,7번 아이언,0.0315420560747663,829,1,0,0.022209855829640194
481784,17,메딕,-0.0031713997405218,13918,1,0,0.02218041232357174
539540,22,귀환 파티,0.0454292084726867,6850,1,0,0.022125045254072755
573216,19,쫄려?,0.0138233859164091,6064,1,0,0.02208894096661041
563160,22,#022. 보기가 좋다.,0.0244269071777527,7788,1,0,0.022080137068960577
566106,13,제사를 준비하다,0.0058360477741584,21975,1,0,0.022078078500410544
238800,19,18화,0.0114827758362456,7920,1,0,0.022064557536442365
524031,14,14화 - 고구마와 따듯한 유자차,0.0047268552907016,14739,1,0,0.022053952431895972
582089,20,재일 교포,0.0,675,1,0,0.021999722228523342
537197,18,"4장. 인생, 완전히 꼬이다 (3)",0.0199192462987887,3641,1,0,0.021979405414710183
525227,15,15. 중고차는 노빠꾸였다.,0.0258967964703625,35546,1,0,0.02195051147983421
512399,17,17화- 집으로,-0.0003155320659462,12681,1,0,0.021949140173258785
452318,11,3.낭만과 판타지(1),-0.0338800530152418,62405,1,0,0.02192709680444256
525227,11,11. 경찰차를 복원해보았다. (1),-0.0088521847083906,37381,1,0,0.02191088044520142
552434,19,019. 강제 웨이브,0.0189631070321522,16141,1,0,0.021906862662037854
543562,18,018,0.0161312004301653,7319,1,0,0.021880876560206788
559391,17,김강혁!! 개X끼야!!,0.0076872751063133,6067,1,0,0.02186440643174155
555850,15,진짜는 냄새부터 다르다(수정),0.014762454318138,20489,1,0,0.021812940036507425
559657,11,11화.,0.0487292184215555,4978,1,0,0.02180069261865726
530197,15,15화 - 이선생님,0.0450246710526315,4645,1,0,0.021789712548062154
381321,15,사천당가 5,0.0559660733791685,73460,1,0,0.021786995176472385
526298,19,019화,-0.0048510048510048,33350,1,0,0.02178036761834783
552434,14,014. 버로우,0.0215936082919455,18124,1,0,0.02177914175361484
569827,14,한번 휘두르는 것으로,0.0267681036911806,6908,1,0,0.021756878073095762
433377,18,제 17 장 삼패구상(三敗俱傷),0.0321441186859766,2740,1,0,0.021751864084284853
381297,23,제23장 청목수,0.0134099616858237,515,1,0,0.02167230735394258
292182,18,#018 우리말 다루기 예심,0.0241456528088793,30069,1,0,0.021670739154851803
525227,13,13. 경찰차를 팔아보았다.,0.015054054054054,36443,1,0,0.021657175727398937
452318,12,3.낭만과 판타지(2),0.053697620382982,59054,1,0,0.021639737245575934
124930,14,운명과 정의의 분노,0.0222135619641464,2509,1,0,0.02163249071493494
552788,22,22화,0.0482625482625482,10846,1,0,0.021610046174449147
479971,17,17화.,0.0468421902762073,5901,1,0,0.021585830492077743
541873,19,19화 혈천이의 소원,0.0397335514783218,8217,1,0,0.021480770067604644
170423,12,플레이어의 궤적 (3),0.0594314037220611,60345,1,0,0.021471468208127956
419162,18,합류(2),0.0379859371211509,23806,1,0,0.021436836400120535
292182,20,#020 국어국문학 특집,-0.0008150512803097,29470,1,0,0.02143214559758973
545835,8,파국,0.0829511028919737,75375,1,1,0.02141990852117178
557962,19,맥아더의 임무,0.0407272727272727,6595,1,0,0.021412327943167896
524031,17,17화 - 바다의 보물,0.0061997547349774,14587,1,0,0.021401142773495165
563321,14,제 14화. 누구나 다 치열하게 살았다,0.0104588711957034,10502,1,0,0.021376226908260132
557225,15,개막 시리즈 (4),0.0129990356798457,25588,1,0,0.02135738311852783
565708,15,15화: 1만 구독자 달성,0.0121602288984262,22096,1,0,0.02132526854336159
556620,10,10화,0.0021164504537426,65537,1,0,0.02124672811415108
554066,18,18화. 위를 보는 눈,0.0095524500265345,16797,1,0,0.021238924790048238
536098,20,"20화 자네, 눈빛이 보통이 아니군.",0.0098532494758909,9446,1,0,0.021219560928192927
565708,17,17화: 잡보장경(雜寶藏經),0.0145424612429688,21549,1,0,0.021161182987675407
550179,18,#018. 알 아흘리 SFC (2),0.0311597894379351,11411,1,0,0.02112224577839344
558146,19,억울한 사건,-0.0159426066161818,2549,1,0,0.021114456454001698
560969,19,주거지 확보,-0.0161454446781086,14979,1,0,0.02110401600465304
534957,20,[20화],0.0373240872934937,4720,1,0,0.0210889187005651
494781,6,실버 오크 농장(2),0.0181545687710515,63547,1,0,0.0210755197017418
543879,15,15화. 회복,0.0008318602474783,19218,1,0,0.02107424274895486
568900,15,15화 신인 드래프트(4),0.0157098984171981,16666,1,0,0.021058811112368226
549228,18,018화,0.0179288199090179,3670,1,0,0.021055651239218702
477026,15,Parallel Soft의 시작,0.0035157623344661,8503,1,0,0.021054576083214375
516965,19,뒤통수가 얼얼함,0.0003486142583231,5735,1,0,0.021053643895800174
555850,17,사모펀드(2),0.0156893898018966,19825,1,0,0.021000736475528598
476539,12,요수부(妖獸符),0.0139111824505082,14744,1,0,0.020978204997260247
558146,18,손해배상과 명예훼손의 굴레,0.0055489496630994,2509,1,0,0.02094148259461421
565213,17,민주주의로 가는 길(2),0.0028022417934348,4982,1,0,0.02092773849934995
337226,17,017 - 소성(燒成) 온도,0.0332384396399169,12565,1,0,0.020917488542097972
542531,15,15화 보스코(3),0.0039436878066675,21721,1,0,0.02089850340964697
570506,13,전단지 그리고 잭 나이프,0.0153782318923264,37968,1,0,0.020862403349742906
319100,21,21화,0.022807581111468,21294,1,0,0.020861168319310154
565122,17,17화,0.0177148461444158,16025,1,0,0.020851748273035785
550171,16,16화. 미국영화보고 혼자 공부했어요.,-0.0185314957564433,13081,1,0,0.020839581171691726
525008,14,14화,-0.0045222695482989,38206,1,0,0.020797932444502724
573216,16,해보자는 거지?,0.0409249961965616,6304,1,0,0.02077401063733517
574368,17,17화,0.1054234338747099,12338,1,1,0.020758550162536013
550179,11,#011. 로열 FC (4),0.0192716117360182,12468,1,0,0.020754519229370556
530197,16,16화 - K-커리,-0.0111948331539288,4697,1,0,0.02072438511541756
547756,21,1조달러에 H₂O 팝니다 (21) 그러니까 뽑아야죠,0.0330634278002699,2866,1,0,0.020688777028804693
90225,20,나눠먹는 독약이 제일 맛있다. (2),0.0337416967384558,84078,1,0,0.020677531874397626
544370,11,11화,0.0220120252236398,66689,1,0,0.02065826347680716
565391,19,19화,0.0054818043722343,15058,1,0,0.020610996316949248
534957,18,[18화],0.0454368174726989,4895,1,0,0.02057170187169628
534819,16,아빠는 도망치지 않는다(3),0.001787310098302,5585,1,0,0.02053322025608919
535774,20,몽글몽글,0.0217377364539916,15256,1,0,0.020481639130416823
538483,12,12화,0.0072415713944666,37426,1,0,0.02048033914005412
554560,16,5장. 군(軍) (1),-0.0100028579594169,3534,1,0,0.020468184464765945
418603,14,본야드 (1) >,-0.029770608663864,45071,1,0,0.020453247894392325
547756,17,1조달러에 H₂O 팝니다 (17) 저희 제품은 다릅니다,0.0204330588594083,3212,1,0,0.02040416402748694
565707,15,디에구 멜루 (1),0.0243617228610407,20024,1,0,0.02040162113885106
574693,14,# 14화,0.0128618241398142,36149,1,0,0.020398855797239743
443334,19,울릉도의 비밀 (3),-0.0196582766856512,5550,1,0,0.020398372195429233
544647,19,19화 귀환한 삼촌은 재앙급 마법사,0.0108569992460416,19679,1,0,0.020394234552427115
532266,21,알아서는 안 될 이야기,0.0670511896178803,1294,1,1,0.020356480431285955
530581,18,2계 공법 선택,0.0164134356420549,19356,1,0,0.020340157001688175
241417,23,환마의 장(3),0.0252791563275434,6285,1,0,0.020293806197295393
552965,15,015,0.0102694282582357,17155,1,0,0.020269054736389534
513757,22,[21화] 자동인형은 영혼을,0.0467844942818951,25672,1,0,0.02024779927396797
541245,15,-15- 지옥에서도 사랑은 꽃피나,-0.0054579139752641,20080,1,0,0.02018052210535804
569827,23,난청지역,0.0090850097339389,6108,1,0,0.020143189309438314
556620,9,9화,0.0108887182035873,65676,1,0,0.02009725589459977
522532,15,15,-0.0017773681785266,15218,1,0,0.020094762884577247
224777,20,심층의식(3),0.0079941860465115,5460,1,0,0.020083206919854324
544138,18,18화,0.0256849315068493,3983,1,0,0.02007599249476744
529719,13,꽃길만 걷다 (2),0.0256255331248222,27415,1,0,0.020064971958813488
554471,17,017. 괴짜인가 천재인가 (1),-0.0171650797908005,7585,1,0,0.020064374252197047
558281,21,21화 - 선전포고,-0.0088954781319496,8166,1,0,0.020043238635079036
433377,20,제 19 장 필사적인 유혹,-0.014367816091954,2824,1,0,0.020024407452133967
191722,21,어설픈 모방의 결과는 장대한 삽질,0.1349382965810236,8552,1,1,0.019954382724198614
564241,12,012 : 그곳에 주면 안 됩니다,0.0162814805780839,16132,1,0,0.019892669086643854
531246,18,이게 되네?,0.0381138000108277,17767,1,0,0.0198480877428249
330536,21,무극파천황,0.02476528799797,19217,1,0,0.01982017780496036
550179,13,#013. 트레블 여정 (2),0.0341380151182638,11883,1,0,0.019794558735955085
550964,17,17화,0.0118198491950275,19396,1,0,0.019778063085987983
238800,20,19화,-0.066161616161616,8444,1,0,0.01972303354518569
555465,13,13화 예상치 못한 싸움,0.0614268440145102,3881,1,0,0.019721990183291557
479971,20,20화.,0.0138432254715348,5699,1,0,0.01966212844808696
455299,22,22화,0.0201426117732784,37652,1,0,0.019661068358584895
54528,21,용운고 - 2,-0.0163043478260869,8976,1,0,0.01965847247056495
546589,18,017. 임시동맹이다 마법소녀(2),0.0183343085625121,5033,1,0,0.01961016775369397
480433,12,왜 시비를 걸어?,-0.0106003039513677,53198,1,0,0.01960682020000016
552965,13,013,0.0074977106227106,17341,1,0,0.019605166879287744
548106,16,후작님 미두는 재미로만 하셔야 합니다 (3),-0.0107842209819317,10685,1,0,0.01959465066570715
534819,18,아빠는 맞서 싸우기로 했다.,0.0225914861837192,5235,1,0,0.019585601287137298
476539,14,3획,0.0066322256352974,14229,1,0,0.019563440659121283
545079,21,21화 세인트루이스,0.03913491246138,2799,1,0,0.019519653000181533
563526,19,19화 어디 한 번 끝까지 가보시죠.,-0.0024452092012317,11069,1,0,0.019508473544949598
433377,21,제 20 장 마두들이 준 기연(奇緣),-0.0046033994334278,2837,1,0,0.01939117429705598
381321,11,사천당가 1,-0.0032390243902438,77124,1,0,0.019355692134065884
526298,15,015화,-0.0065602507237523,37898,1,0,0.01933652415473902
539540,18,결심,0.063714251236877,7759,1,1,0.01928311228449149
518734,17,17화,0.0096884498480243,5213,1,0,0.019270115732263646
531329,15,15화,-0.0019751967101642,30944,1,0,0.019259384638796794
548106,19,누군가는 해야 하는 일,-0.0013962580284836,10758,1,0,0.019250222525952026
529960,18,018:신궁(神弓) ─ 헬레나,-0.0026491591799124,17410,1,0,0.01924000937105642
570506,14,질풍노도의 시기와 도복,0.0124578592498946,37495,1,0,0.019230393397078053
554471,15,015. 기초 공사 시작 (4),0.0010796221322537,7402,1,0,0.019214798569231705
544370,13,13화,0.0087622710565903,63916,1,0,0.019183280545399115
557225,17,개막 시리즈 (6),0.0235883059671605,24381,1,0,0.0191335414871719
557881,16,공항(1),0.0093156036360904,13187,1,0,0.019098192854303673
549589,11,운명의 갈림길,-0.012598017752657,50879,1,0,0.01909780222477298
542580,16,제16화. 4천 개 중 3개,0.0168789320239374,6407,1,0,0.01899957832768667
556083,16,직접 와서 처먹으라고 전해,0.0052783745789236,37502,1,0,0.018983603721190248
534215,8,3화. 임관 첫날 아포칼립스가 열렸다 (1).,0.031828467053788,71027,1,0,0.018977202426123434
479971,19,19화.,0.0111225188227241,5779,1,0,0.01897333031345544
559657,18,18화.,0.0510422234099412,3551,1,0,0.018958769481225272
543562,21,021,0.0458966981778325,6964,1,0,0.018930559803020795
543879,16,16화. 새로운 특성,0.0235716515766468,18765,1,0,0.018924225912995536
556522,17,17화,0.0198753794535868,30673,1,0,0.018916619038271954
555164,18,018,0.039347007115948,6885,1,0,0.01888197605605243
533816,21,아마추어가 오히려 이득일 때도 있다(2),0.053366583541147,3796,1,0,0.018872592802411034
556083,13,저놈도... 이 세상에 온 것인가?,-0.0182368558171848,41038,1,0,0.018816646771513956
536163,18,18화,0.0702500644496003,21639,1,1,0.018792886747501666
494781,11,꿀벌과 농사(2),0.0256449631449631,57105,1,0,0.01875586765894371
545079,22,22화 고갯길 목장 (1),0.006788138620936,2780,1,0,0.01875287119569027
550179,16,#016. 새로운 시작,0.0161936560934891,11786,1,0,0.01873636605194293
558281,20,20화 - 팀이 지고 있는데 웃고 있어요,-0.0182412882123537,8094,1,0,0.018696354965760283
568900,17,17화 신인 드래프트(6),-0.0004190111337243,16713,1,0,0.018650982007366358
563571,20,손질 (1),-0.0087676962676963,12541,1,0,0.018609033372212876
550179,14,#014. 트레블 여정 (3),0.0122023058150299,11738,1,0,0.018591929924862853
533114,20,전신귀환 20화,-0.0127372627372628,4055,1,0,0.01856604097514942
533114,22,전신귀환 22화,0.0120051085568326,3868,1,0,0.01855622916267395
477026,12,개발! 그리고 또 개발!,0.0288075033497097,8698,1,0,0.01852682856880403
286189,22,22화,0.022299838796346,3639,1,0,0.018504014902943695
548891,20,20화 서점의 그 아이 (2),0.0096470976253297,12011,1,0,0.0184988843658999
535774,21,KING,0.0403120083901415,14641,1,0,0.01848450571940542
546589,20,019. 마왕이 사실은 마법소녀일 리가 없어 무리무리무리(2),0.0112112112112111,4939,1,0,0.018483134122177402
479971,15,15화.,0.0430026970332634,6387,1,0,0.018458608298351956
512399,16,16화-청백전,0.0170582305962626,12677,1,0,0.018428517412465345
512399,18,18화-컴백,0.0080435296900874,12579,1,0,0.018425321572909114
531329,18,18화,0.0092589519795572,29854,1,0,0.018415397171629332
551214,19,평범한 계약,0.0409887359198998,6130,1,0,0.018415208594160286
565707,16,디에구 멜루 (2),0.0187275269676387,19649,1,0,0.018413311722192204
574368,23,23화,0.0345689296126613,9272,1,0,0.01835348886602548
559391,19,내가 부르면 가야돼?,0.0436991869918699,5646,1,0,0.0183020696441229
531329,17,17화,0.0150361193737129,30133,1,0,0.0182419109432684
534215,17,6화. vs 사이커 (1).,-0.0203441186018829,66003,1,0,0.018240515331343018
552965,18,018,-0.0017553098121818,17121,1,0,0.018202462342847812
170423,24,개천신화의 신성한 범 (3),0.013682189150264,8218,0,0,0.01819252181694062
534819,17,아빠는 도망치지 않는다(4),0.0410026857654431,5356,1,0,0.01815418544117447
555164,20,020,-0.0068192150325807,6644,1,0,0.01814390045007019
548687,21,21화. 돈 걱정은 하지 마세요(2),0.0188055908513341,19305,1,0,0.01812688712471935
530581,17,오살멸근,-0.014381443298969,19679,1,0,0.018125355509153656
524031,18,18화 - 곶감과 은혜 갚고 싶은 까치,-0.0021251799547541,14618,1,0,0.018116873900803597
534215,12,4화. 임관 둘째 날 도적이 되었다 (2).,0.0195881977115641,67519,1,0,0.018115064937230675
363040,21,20화,-0.010461327388098,5892,1,0,0.018109682411994007
565391,18,18화,0.0126507988262145,15141,1,0,0.018077323039626274
550171,19,19화. 공장에선 누가 일해?,0.01583907499802,12427,1,0,0.018067894856276853
238800,15,14화,0.0155404627604466,8552,1,0,0.01799487245524042
494781,9,브랜트우드의 체리 농장(3),0.0096226383463814,59077,1,0,0.01799059744473456
545935,19,19화. 침투,0.0310039370078739,3938,1,0,0.01798246105161054
557580,17,출격 (1),0.0059700412475577,27473,1,0,0.017946211267320735
224777,23,히로인이 되기 전에 죽여라(3) - 삽화,-0.1827666846555136,6575,1,0,0.017945803231647992
554066,16,16화. 숲이 끝나는 곳,0.0221400080929533,16916,1,0,0.01790128407753874
381321,14,사천당가 4,0.0034194820829384,77815,1,0,0.017839421007742533
564241,17,017 : 전쟁을 위한 자본금,-0.0038383969813284,15430,1,0,0.01781709104357741
477026,18,출시,-0.0089168945428605,8486,1,0,0.017813970702803668
512544,18,노림수,0.0204494318019993,34393,1,0,0.017801292528690865
560429,16,16화 - 환술 공간,0.013680276426204,13987,1,0,0.017786320462940635
556083,15,...맛이 그 정도란 말이지,0.0363469059121233,37701,1,0,0.017737936615315135
534215,11,4화. 임관 둘째 날 도적이 되었다 (1).,-0.0108767449029019,68868,1,0,0.017691741173326662
560429,19,19화 - 청강생 제안,0.0010200364298724,13711,1,0,0.01762808296753641
546644,15,재료가 아깝네요,0.0149022042843837,3173,1,0,0.01760629937277361
558146,21,숨겨진 능력을 사용하다,-0.0158119658119657,2377,1,0,0.01759967883980736
526298,20,020화,0.0170014992503748,32783,1,0,0.017575071452155366
557962,20,쑹스룬의 귀환,0.0177407126611068,6478,1,0,0.017556504901444243
547756,20,1조달러에 H₂O 팝니다 (20) 해답은 제 전공에 있더라구요,0.0146276595744681,2964,1,0,0.017556372286933707
549228,20,020화,0.0063835692478489,3580,1,0,0.017551981887756987
418603,17,본야드 (4),-0.0061472930128996,41573,1,0,0.017522095577961926
569827,19,증명,0.0230639987780663,6396,1,0,0.017520015184025496
522532,17,17,0.020530023482053,14599,1,0,0.01748508108605708
531329,16,16화,0.0113430713547052,30593,1,0,0.017477687667616235
547756,14,1조달러에 H₂O 팝니다 (14) 이건 된다,0.0309771895240776,3441,1,0,0.017462869888447693
565202,17,017화. 제대로 판을 짜 볼 시간,0.0203673741315313,10293,1,0,0.017429142358620812
550171,20,20화. 누가 비싼 아파트를 사서 월세를 놓나?,-0.0034602076124568,12470,1,0,0.01739355734373427
124930,9,고블린 부락 토벌,0.0984780662488808,3021,1,1,0.017371961802417218
565122,18,18화,0.0415600624024961,15359,1,0,0.017356680070972477
538483,17,17화,-0.0025539238819642,36115,1,0,0.017354591074167494
558281,17,17화 - 비주얼은 중대사항이다,0.0259740259740259,8475,1,0,0.01734615206309921
565213,19,경로의존성(1),0.0395036194415718,4644,1,0,0.01728026456210895
469259,7,폐교 위기의 초등학교(2),0.0222984942426927,44153,1,0,0.017250224064508587
557881,13,상하관계(3),0.0002227667631988,13464,1,0,0.017248573087019027
538193,18,나쁜 시간 불침번을 먼저 지원한 이유,0.0469843633655994,12799,1,0,0.017230284069798606
563286,13,13화,-0.0020565552699229,44827,1,0,0.01721002947103549
568900,16,16화 신인 드래프트(5),-0.0024000960038401,16706,1,0,0.01720176002197174
552965,19,019,0.0134922025582617,16890,1,0,0.017190096417824447
441725,19,제19화. 만옥.,0.015854488862951,10118,1,0,0.017158791878856904
547482,20,제18화: 손이 두 개라서요,0.0098272138228941,9169,1,0,0.017137804290900387
210472,9,"싸우지 좀 마라, 좀!",0.0236687584495247,96772,1,0,0.017122758680425718
564440,18,다른 방시로 튀다,-0.0109455249642165,12007,1,0,0.017121816410914214
476539,17,서필방(書筆房),0.0331743432761443,13581,1,0,0.017106539113922684
539540,21,두 번째 부하,0.0121145374449339,7176,1,0,0.017086371630049724
90225,23,나눠먹는 독약이 제일 맛있다. (5),0.014771660836817,80837,1,0,0.01706804522996206
544647,16,16화 귀환한 삼촌은 재앙급 마법사,0.0103487926408585,20656,1,0,0.017060409405425064
292182,21,#021 우리말 달인,0.0028842891075669,29385,1,0,0.017058438711477643
550013,19,힘을 보태고 싶습니다,0.0539053496412506,25449,1,0,0.017055553088346703
557580,16,직구 (3),0.0151795895096921,27638,1,0,0.0170343861958931
564440,15,축기단이 필요해,0.0176384125428711,12030,1,0,0.0169985970185148
469259,20,탐사보도,0.0087705800892444,6442,0,0,0.01698639016116566
546589,16,015. 로판제국의 무기상(2),0.0341864375116757,5170,1,0,0.01698150431920883
554471,21,021. 괴짜인가 천재인가 (5),0.0034440005510401,7234,1,0,0.016974995596451877
292182,19,#019 상금은 내가 가져갈 거다,0.0207190129369118,29446,1,0,0.016967433617520376
563571,21,손질 (2),0.0094888764851287,12422,1,0,0.0169505644630596
570506,16,테이크 마이 머니,0.0098249758402233,36886,1,0,0.01693548304756283
134514,22,프로페셔널 22화,0.0346097201767304,1311,1,0,0.016933867012717443
452318,13,3.낭만과 판타지(3),-0.0125986385342229,59798,1,0,0.016921240600217713
563286,14,14화,0.0311865616704218,43429,1,0,0.01690219132448053
234339,22,차대엽 (1),0.0072696268706948,44245,1,0,0.016889614204516717
561939,21,21. 시발... 그러면 지가 올라가지.,0.0498330336501412,3699,1,0,0.016867045140825866
566106,14,천하를 주유하다,-0.0075085324232082,22140,1,0,0.016848565481699957
574693,17,# 17화,0.0229773922934736,34357,1,0,0.016839708632624333
557580,20,향수 (2),0.0445261437908496,25729,1,0,0.01679825923291207
563715,16,16화,0.0063705384413997,11386,1,0,0.016790815714981713
512544,17,이런 얼굴은 돼야,0.0251277210128831,35111,1,0,0.016653126432064933
564440,16,소영동부로 낚시를,0.0168744804655028,11827,1,0,0.016605707022906684
573216,17,대모님도 없는 게 까불어,0.0014276649746193,6295,1,0,0.01660327249441964
536163,22,22화,0.0251409416425415,19194,1,0,0.016602965567261107
224777,22,히로인이 되기 전에 죽여라(2),0.1222169587873045,5559,1,1,0.016597406114393358
541873,20,20화 백 년을 참아온 남자,0.0142387732749178,8100,1,0,0.016563777659931986
191722,23,위정척사파 그들 최후의 날,0.0234445446348061,8664,1,0,0.016560706945094074
268428,20,20. 삼합회,0.0205820776693302,33215,1,0,0.016556336688845694
573683,23,23화 그거라면 저희가 전문입니다만?,0.0271655561250641,1898,1,0,0.01654232430151015
573216,15,재벌집 막내아들 님이 백만 원 후원하셨습니다,0.0244879786286732,6573,1,0,0.0165192592535429
571931,16,16화. 회장의 방문 (2),0.0238283598620296,30848,1,0,0.0164612985658668
557343,18,고급 모터보트(1),0.0129349372655542,7631,1,0,0.016456748099663583
547756,18,1조달러에 H₂O 팝니다 (18) 허투루 쓰면 안 되겠어요,0.0292652552926525,3118,1,0,0.016447354834629852
540166,20,07. 미드웨이 해전(1),-0.0060488226398789,4657,1,0,0.0164444539178898
443313,23,23화. 노새,0.033732466643859,14122,1,0,0.016443538722259874
550964,21,21화,0.0469054648766085,17109,1,0,0.01642326547898136
570506,17,도복 그리고 다시 전단지,0.0097055793525998,36528,1,0,0.01641206189982895
560429,20,20화 - 다시 서울대로,-0.0051053898329809,13781,1,0,0.016397996413747094
534215,15,5화. 전차벌레 (2).,0.0264622711713052,65412,1,0,0.01638630634256952
525227,14,14. 내가 하는 일의 의미를 느꼈다.,-0.0013171253738715,36491,1,0,0.0163457513851707
241417,22,환마의 장(2),0.0722302158273381,6448,1,1,0.016342360131060676
541245,16,-16- 외전. 테레사 마리아,0.0023904382470119,20032,1,0,0.016320273424140767
556620,11,11화,0.0209194805987457,64166,1,0,0.01624117865142433
564440,17,축기기에 오르다,-0.0042276147797413,11877,1,0,0.016237517797095664
543879,20,20화. 전투의 끝,-0.0058538781943038,17870,1,0,0.016230937178661274
541873,21,21화 세 번째 계명,0.0485185185185185,7707,1,0,0.01621383346752306
543382,17,17화,0.0276667153071646,33317,1,0,0.01620519704978001
517290,23,외상성 뇌손상,0.0071684587813619,831,1,0,0.016144089623732375
531246,17,제안을 받다,-0.0237778516794147,18471,1,0,0.016111513661008953
557097,23,전능의 동자신을 주웠다-23,0.0578244649518947,9597,1,0,0.01609615435710513
123363,22,#5 복실이 리턴즈,0.0301372921084942,26067,1,0,0.01608793740649294
555465,19,19화 추격전,-0.0040206777713958,3496,1,0,0.016070865078401265
564241,16,016 : 단죄의 길,0.0101107676455435,15371,1,0,0.016062685811626662
54528,23,변화하는 공 - 2,0.0039485559566786,8829,1,0,0.01604694998126271
563339,14,미래를 위한 준비(2),-0.0045710524391135,27471,1,0,0.01602998698353724
557225,16,개막 시리즈 (5),0.0241519462247928,24970,1,0,0.015973860453327056
554560,18,5장. 군(軍) (3),0.0135214579659024,3356,1,0,0.015915229424136562
419162,20,숲의 주인,0.0029247202441505,23523,1,0,0.015877188573519177
565708,13,13화: 아린,0.0108110512968812,22234,1,0,0.015867852294031128
555465,16,16화 육한소,0.0253661087866108,3727,1,0,0.015833047993638116
546589,19,018. 마왕이 사실은 마법소녀일 리가 없어 무리무리무리(1),0.0075501688853566,4995,1,0,0.0158084849890882
574368,22,22화,0.0139630390143736,9604,1,0,0.015803057804729733
364922,21,심령사진,0.0444479847060698,5998,1,0,0.015793100967263544
372155,21,21. 공주성을 위하여(1),0.0255928621742193,12450,1,0,0.015745807053368935
563160,21,#021. 성의있게 해놨네.,0.0668614845119812,7983,1,1,0.015726725896231468
531246,19,증명,0.0383857713738954,17085,1,0,0.015721840362346726
565707,17,애슬레틱 미네이루 원정 (1),0.0019848338337828,19610,1,0,0.015712458848325807
546644,20,내 요리사가 되어줘,0.0120481927710843,3034,1,0,0.015670858026510102
441725,21,제21화. 좋은 곳.,0.0131144258684553,9858,1,0,0.015617300349157755
533816,18,러브 코미디는 원래 봄에 시작한다(8),0.0295285359801489,3911,1,0,0.015597450040418598
534215,16,5화. 전차벌레 (3).,0.0110835932244848,64687,1,0,0.015586982793501382
476831,18,붉은 전조 - 4,0.0004738587900805,6328,1,0,0.0155646846144677
571118,16,주사위 굴려서 역대급 홈런왕(16),0.0044715183721081,15362,1,0,0.015508444420344573
553892,17,17화,0.0489961759082218,3979,1,0,0.01548366451065147
544647,15,15화 귀환한 삼촌은 재앙급 마법사,0.0240344150378752,20872,1,0,0.015455070241631065
565202,19,019화. 굶주린 괴물의 등장,0.0130706203667576,10118,1,0,0.015430692472513233
476831,20,레드 컴플렉스 - 1,-0.0370490211939815,6410,1,0,0.015386219158424641
545935,23,23화. 필동 헌병사령부,0.0454302512025655,3572,1,0,0.015368287952221896
517290,20,公無渡河歌,0.0172215843857634,856,1,0,0.015355730003462196
541245,18,-18- 사냥의 전율,0.0104625550660792,19767,1,0,0.015326764126432073
480433,13,연구 계획서,0.0081206060378209,52766,1,0,0.015322620083671882
529719,18,빠와 까를 모두 미치게 하는 선수,-0.005904253318792,26748,1,0,0.015317853460508095
557580,19,향수 (1),0.0111996474865053,26928,1,0,0.015304512052978867
563526,21,21화 저는 제가 있어야 할 곳으로 돌아가겠습니다.,-0.0019097853765004,11017,1,0,0.015282137379848876
534957,22,[22화],0.0079575596816976,4488,1,0,0.015266466183611035
550013,17,보경이 한국에 들어왔대,-0.0852109949670925,28031,1,0,0.015243964882061561
546589,15,014. 로판제국의 무기상(1),-0.011144692104269,5353,1,0,0.015216351138984823
554560,22,6장. 뿌리 (2),0.0105042016806722,3297,1,0,0.015199430591713508
476831,19,붉은 전조 - 5,0.0232300884955751,6181,1,0,0.015192119160236058
551214,21,야시스코 정제소,0.0801206838752933,5488,1,1,0.015162044798035394
268428,19,19. 발정난 개한테는 몽둥이가 약이거든 2,0.003818699879564,33913,1,0,0.015133068470854097
513757,21,[20화] 남작령이 모여서,-0.004138548152567,26932,1,0,0.015127124087432291
565708,16,16화: 극약 처방,0.0103638667632151,21867,1,0,0.015110333456711813
549228,22,022화,0.0083635349874546,3557,1,0,0.015102383884183132
543879,17,17화. 한계,0.0236610711430855,18321,1,0,0.015097632244535725
535774,22,고품격,0.0150262960180315,14421,1,0,0.015076459020537602
477026,17,계약,0.0047331676724647,8411,1,0,0.015061329352504396
537219,21,[무협] 귀주,0.0189272423970229,15291,1,0,0.015059046910185933
433377,22,제 21 장 아버지가 누구?,0.014099400775467,2797,1,0,0.015006198997694042
563339,16,경쟁(2),0.0133431085043987,26916,1,0,0.014991125552546569
563339,17,경쟁(3),0.01226036558181,26586,1,0,0.014982484571167668
525008,16,16화,-0.008757540480474,38127,1,0,0.014976852336875826
563512,15,이거 어린이 바둑대회 맞나요?,0.0078153072224218,11045,1,0,0.014973976237173277
570506,15,덤스터 다이빙. 그리고 오픈,0.0064808641152153,37252,1,0,0.01496725080490776
566106,16,주유를 마치다,0.0162627551020407,21595,1,0,0.014965483612298823
525227,17,17. 짐승이 창고에 침입했다.,0.0041381278538812,34895,1,0,0.014934913102383391
534957,23,[23화],0.0129233511586452,4430,1,0,0.014922110431532975
529960,16,016:새로운 작물들이 너무 맛있음,0.0068931289290834,18009,1,0,0.014908200147286325
556522,19,19화,-0.0058014254931211,30340,1,0,0.01487993950290146
543879,18,18화. 작전 개시,0.0068773538562305,18195,1,0,0.014873959669048234
549228,23,023화,0.022209727298285,3478,1,0,0.014872109143949382
476539,15,은향부(隱香符),0.0073792958043432,14124,1,0,0.014825154359279493
554471,18,018. 괴짜인가 천재인가 (2),0.003955174686882,7555,1,0,0.014793089841254336
555465,23,23화 저물대 정리,-0.0044829647340107,3361,1,0,0.014791062341991887
469259,9,미르시 교통개혁,0.0114473535078771,43610,1,0,0.014788956568351322
555164,21,021,0.0407886815171583,6373,1,0,0.014787536094631546
381321,13,사천당가 3 (삽화 有),-0.024725058400483,78082,1,0,0.014778933971274588
170423,25,생일빵과 덤 (1),0.0322462886347043,7953,0,0,0.014733336887953825
530581,20,돈빨 경매장,0.0568052832525023,18281,1,0,0.01469312074003025
363040,23,22화,0.0332878115397746,5663,1,0,0.01469220173866423
565708,18,18화: 킵(KEEP),0.0271474314353333,20964,1,0,0.014691604208696042
493717,18,18. 우리 잠시 대화할까요?,0.0319021666888209,43698,1,0,0.014672955034857878
543879,19,19화. 전투,0.0235779060181368,17766,1,0,0.01467009770004047
542531,19,19화 바디스(2),0.0091791365874647,20725,1,0,0.014579519088095792
330536,23,부하 육성 2,-0.0092966425839353,18999,1,0,0.014522819785253766
545079,23,23화 고갯길 목장 (2),0.0219424460431654,2719,1,0,0.014511737276293764
566106,18,대운이 오다,-0.012487768510321,21729,1,0,0.01449372622821141
548687,19,19화. 눈덩이처럼 커진다(2),0.0193654923939151,19597,1,0,0.014435501657157
557881,17,공항(2),0.0191097292788352,12935,1,0,0.01441765597345487
541873,22,22화 파계(破戒),0.044375243285325,7365,1,0,0.014417604178072904
493070,21,새 사무실에서도 역사는 쓰여진다,0.0532166820155243,28786,1,0,0.014405239109666259
544370,14,14화,0.0006884035296326,63872,1,0,0.014396688963146496
533816,17,러브 코미디는 원래 봄에 시작한다(7),0.0420727359163298,4030,1,0,0.014336556248388166
536163,17,17화,0.0756215743903407,23274,1,1,0.014332707178692335
542580,19,제19화. 완벽한 덫과 꽃놀이패,-0.0003337783711614,5994,1,0,0.014328029912515344
547482,22,제20화: 열어둔 문,0.0249094699879293,8886,1,0,0.014321589915689418
550171,22,22화. 아줌마 최고라고 해.,0.0143594707970312,12218,1,0,0.014288432062536703
541245,17,-17- 암사자는 사냥을 나선다.,0.0027955271565495,19976,1,0,0.01426300836365299
375271,19,19화,0.0,36518,1,0,0.014253890290530055
563321,18,제 18화. 강유아의 노력,0.0073249340755933,10164,1,0,0.014185577894701347
536098,22,22화 예전과는 정말 비교할 수 없다.,0.030018160452943,9080,1,0,0.014176127329548066
191722,22,곰이 날뛰자 사자가 놀라다,-0.0374181478016837,8872,1,0,0.014155448630592447
569827,22,몰려드는 인망과 신뢰,0.0164352959948939,6164,1,0,0.01414725915057308
564241,21,"021 : 눈에는 눈, 이에는 이",0.0154534647926718,14080,1,0,0.014070669364549033
443334,21,천심을 얻는 법 (2),0.0672376093294461,5119,1,1,0.014068455202326708
556685,20,[20화] 통제영으로 집결하는 의병장들,0.0170974964380216,4829,1,0,0.014068006534263147
534215,14,5화. 전차벌레 (1).,-0.0061998322750689,67190,1,0,0.014065016440157965
551214,23,야시스코 정제소 (3),0.020165162281544,5102,1,0,0.014038377639722285
573216,14,꼭 맞아야 정신을 차려,0.0092633436259373,6738,1,0,0.014027038009483628
555465,18,18화 비행 요수,0.0227336514173449,3482,1,0,0.014020191771436055
210472,10,황새가 뒤에서 지켜보고 있다,0.002666060430703,96514,1,0,0.013994617876118672
556685,22,[22화] 부산포 해전(1),0.0224036850921273,4669,1,0,0.013976673151056346
571931,15,15화. 회장의 방문 (1),0.0042224673073892,31601,1,0,0.01394815059542701
563512,17,제가 결승전 상대랍니다.,-0.0005444152073315,11027,1,0,0.013942025767560054
560429,18,18화 - 귀가(歸家),0.0123056994818653,13725,1,0,0.013935389717122448
529719,16,원샷 원킬,0.0162075160952238,26283,1,0,0.013928454379291553
418603,18,대전사 (1),0.0029586510475548,41450,1,0,0.013922407227094468
372155,22,22. 공주성을 위하여(2),0.036144578313253,12000,1,0,0.01390223947727107
90225,22,나눠먹는 독약이 제일 맛있다. (4),0.0197017849888886,82049,1,0,0.013897558307614348
518734,20,20화,0.0079035763683066,5021,1,0,0.013890525043005735
170423,14,플레이어의 궤적 (5),0.020069330414158,59081,1,0,0.013888252641973447
555850,20,새로운 CEO(2),0.016363544252495,19416,1,0,0.013885564262491998
565122,20,20화,0.0274327465958152,14642,1,0,0.013871985847273307
418603,16,본야드 (3),0.0395620743357895,41319,1,0,0.013851917891970775
563571,19,짐승굴 (4),-0.0165998855180309,12432,1,0,0.013837168450712157
557225,21,홈 스위트 홈 (4),0.0269452845751992,21234,1,0,0.013833465356246872
469259,21,탐사보도(2),0.0117975783918038,6366,0,0,0.013804822765182221
170423,17,1학년 0반 (3),0.0646457331057196,54244,1,1,0.013798592400748117
550179,15,#015. 트레블 여정 (4),-0.0206168001363094,11980,1,0,0.013795061105873063
170423,13,플레이어의 궤적 (4),0.0008948545861297,60291,1,0,0.013789508039194813
555164,23,023,0.0584158415841584,5706,1,0,0.013784306398206075
549388,23,탈출,0.0716934487021013,2253,1,1,0.013782325333635317
537219,20,[무협] 대사백 진명(眞明),0.0228213166144201,15586,1,0,0.01374863156653305
554066,20,20화. 갈라진 길,0.033103448275862,16123,1,0,0.013742007050999011
566106,15,요수를 만나다,0.0084914182475157,21952,1,0,0.013716007637455143
525227,16,16. 지능이 떨어졌다.,0.0142350756765881,35040,1,0,0.01371006862064715
565202,18,018화. 고등학생이라는데요?,0.0039832896143009,10252,1,0,0.013706479648219253
372155,20,20. 이인-효포 가도 전투 (4),-0.0022748666457483,12777,1,0,0.013643631491705322
547482,17,"제15화: 비글, 관악산을 오르다(6년 전 가을)",0.0300623366177357,9647,1,0,0.01363784765944567
530197,17,17화 - 토너먼트,0.0146902278049818,4628,1,0,0.013615084266716778
544138,22,22화,-0.0051046452271568,3938,1,0,0.013605414978283315
571931,19,19화. 은밀한 소문 (2),0.0047285287903685,29678,1,0,0.013512551137329723
525008,15,15화,0.0107312987488875,37796,1,0,0.013502682596080156
558146,23,국가 배상 청구 소송,-0.002509410288582,2397,1,0,0.013471742161444126
418796,24,23. 운동장 폐장,-0.002411360185764,11224,1,0,0.013439609869008386
535335,18,금천구청 (4),0.0233376887340301,26909,1,0,0.013439595339715343
571118,17,주사위 굴려서 역대급 홈런왕(17),-0.0016924879572972,15388,1,0,0.013430986296140684
522532,18,18,-0.00404137269676,14658,1,0,0.013400616751581414
557097,20,전능의 동자신을 주웠다-20,-0.005483781020541,10818,1,0,0.013363830942388563
441725,20,제20화. 엄마랑 아빠랑.,0.0127495552480727,9989,1,0,0.01335909924541701
563512,16,반 집 승도 같은 1승이다.,0.0021729289271162,11021,1,0,0.013357362236741239
527164,16,16-캠퍼스 커플,0.001566401816118,43981,1,0,0.01333335176745099
54528,22,변화하는 공 - 1,0.0124777183600712,8864,1,0,0.013332010519986816
375271,21,21화,0.0263550742339114,35872,1,0,0.013331576678138942
570506,18,태권도의 정신. 그리고 무너진 세상.,-0.0116622864651774,36954,1,0,0.01330121356189616
565391,17,17화,0.0407231327411484,15335,1,0,0.013278128916675722
553892,23,23화,0.0276747503566333,3408,1,0,0.013275403204991989
556522,18,18화,0.0165617970201805,30165,1,0,0.013272058290110163
561939,22,22. 사람보다 공정이 먼저 입니까?,0.00919167342525,3665,1,0,0.013248758649058704
533114,21,전신귀환 21화,0.0345252774352651,3915,1,0,0.013208981690653277
512544,19,공개 연습생,0.0246271043526299,33546,1,0,0.013203070993940507
540166,17,06. 잠수함 승함 자격증의 무게(1),-0.0114003011400301,4702,1,0,0.013197218020020664
550171,18,"18화. 오빠, 이거면 우리 양꼬치 먹고 바이킹 탈 수 있어?",0.0158989946223988,12627,1,0,0.013126397134440205
540166,19,06. 잠수함 승함 자격증의 무게(3),-0.0155770074594119,4629,1,0,0.013125022907437204
337226,18,018 - 돈 만드는 재주,0.0226024671707123,12281,1,0,0.013114189332110554
537219,19,[무협] 뿌리,0.0099931723667059,15950,1,0,0.013112128368400046
549589,14,월리를 찾아라,0.0100341936009118,48639,1,0,0.013094413957892265
565202,21,021화. 결정적인 한 조각,0.0071841947715026,9950,1,0,0.013065555179175304
565707,19,너희가 운을 아느냐,-0.0139225493734853,19663,1,0,0.013051058427501108
536163,21,21화,0.0107521479173994,19689,1,0,0.012985510179353944
559657,21,21화.,0.0813813813813814,3059,1,1,0.01297963117460275
550013,22,그래서 내가 사랑한다고 했잖아,-0.0154076957385558,25043,1,0,0.01295141116880374
170423,15,1학년 0반 (1),-0.0167228042856417,60069,1,0,0.012947305990487585
433377,23,제 22 장 몽선도(夢仙圖)를 얻다.,0.0171612441902038,2749,1,0,0.012946071482075406
530581,21,3계 요수알 획득!,0.0310158087631967,17714,1,0,0.01293558983006074
556083,18,신종 또라이,0.0518810267553986,34905,1,0,0.012895005787152913
551214,18,진정한 첫 걸음 (2),0.0412479376031198,6392,1,0,0.01286510817896504
540166,23,07. 미드웨이 해전(4),-0.0232558139534884,4576,1,0,0.012848507813168085
542580,18,제18화. 덫을 무는 포식자,0.0308911531618955,5992,1,0,0.012838391137453848
574693,15,# 15화,-0.0043431353564413,36306,1,0,0.012814901968204295
493717,17,17. 첫 합주,0.0373024505726533,45138,1,0,0.012813938440759875
557962,21,인해전술,0.0284038283420808,6294,1,0,0.012809473881824403
488890,19,3N도 부럽지 않아.,0.0041326195172348,21206,1,0,0.01280283680068915
234339,24,차대엽 (3),-0.0009237448616692,43342,1,0,0.012799803224981355
549589,16,포기를 모르는 남자,0.0319603555163212,48250,1,0,0.012738937775437841
535335,15,금천구청 (1),0.0168027532222146,29140,1,0,0.012728054881203077
546644,22,빛나는 잠재력,0.022604588394062,2897,1,0,0.012698441602986422
452318,15,4.앞서 해보기(Early Access)(1),-0.0356780349167682,61221,1,0,0.01268872556476378
563715,20,20화,0.0146602762898223,10485,1,0,0.012649136336837766
550964,19,19화,0.0417690417690417,17940,1,0,0.012639480985415497
534819,23,아빠는 배트맨 인 것 같다(2) (수정본),0.0201342281879194,4672,1,0,0.012637187405651291
559391,22,장 대표님 오랜만입니다.,0.0523041026638149,4874,1,0,0.012603229476553488
558281,23,23화 - 모시겠습니다,0.0374937091092099,7650,1,0,0.012539068346688937
516965,23,정보 유출 사고,-0.0026255907579204,5728,1,0,0.012531676807849331
550179,17,#017. 알 아흘리 SFC (1),0.000678771423723,11778,1,0,0.012512100784477191
565213,22,경제는 내가 대통령이다(1),-0.0361751152073732,4497,1,0,0.012511841250324519
547756,23,1조달러에 H₂O 팝니다 (23) 칭찬으로 알겠습니다,0.0237495501979129,2713,1,0,0.012493085727850045
565708,19,19화: 독이 든 달콤함,0.0049131845067734,20861,1,0,0.012475479174974019
536098,16,16화 난 그 미래에 내 모든 걸 걸었다.,0.0219034696646637,10092,1,0,0.012461630594170171
553892,20,20화,-0.002122578933404,3777,1,0,0.012440066277200096
565213,21,경로의존성(3),0.0196521346284165,4340,1,0,0.012419518008842046
542580,20,"제20화. 100억짜리 폭탄을 1,000억에 파는 법",-0.0001668335001667,5995,1,0,0.012397612738362474
376244,20,제20화. 다니 파퀴아오 1.,0.0125025411669038,9715,1,0,0.012397301131955623
560429,21,21화 - 검기 초현(劍氣 初現),0.0089253319788114,13658,1,0,0.012370912714137112
540166,22,07. 미드웨이 해전(3),0.0158450704225352,4472,1,0,0.012364833341447265
563526,18,18화 고향에 온 것 같아 기쁩니다.,0.0053148365012161,11042,1,0,0.012362701482691554
573666,20,"020. 최강훈, 죽다",-0.0092994420334779,9768,1,0,0.012349054293745424
544138,20,20화,-0.0145655449522852,4040,1,0,0.012348705112364189
544138,17,17화,0.0002445585717779,4088,1,0,0.012323139421705783
557881,20,존스홉킨스(3),0.0201810926949048,12769,1,0,0.012309476670931612
441725,23,제23화. 거짓말쟁이.,0.0067574591953425,9554,1,0,0.012280048320625066
557343,17,세관 압류물 경매(3),0.0343492380714464,7731,1,0,0.012248941927098904
530581,19,3년 후,-0.0013432527381691,19382,1,0,0.012248835499799876
452318,19,4.앞서 해보기(Early Access)(5),0.0189234650967199,60658,1,0,0.012239066779871924
535335,17,금천구청 (3),0.0345504239960754,27552,1,0,0.012237437169119984
544370,15,15화,-0.0116482965931863,64616,1,0,0.012214985806606871
563339,18,경쟁(4),-0.0130519822462951,26933,1,0,0.012198209210632987
513757,23,[22화] 소문은 워프보다,-0.0025319414147708,25737,1,0,0.012183041340702905
560969,18,고읍 전투,0.0314081082856955,14741,1,0,0.012174436261729309
443334,18,울릉도의 비밀 (2),0.0413878126100739,5443,1,0,0.01215984151701249
238800,22,21화,0.0189792254424211,7650,1,0,0.012158503603260967
573216,18,다음은 네 차례야,0.0231930103256552,6149,1,0,0.01211858418983677
531246,21,협업,0.041061651987622,16114,1,0,0.012114602255664674
554066,17,17화. 흔적이 없다,-0.0025419720974224,16959,1,0,0.012105368378771748
418796,23,22. 사라진 세번째 소원,0.0155618076314401,11197,1,0,0.012097071006499892
469259,8,아직 부족해,0.0008606436708717,44115,1,0,0.01209424838411811
524031,16,"16화 - 진짜 부모, 진짜 어른",0.0025822234302799,14678,1,0,0.01209200283393004
476539,16,정심결(靜心訣),0.0054517133956386,14047,1,0,0.012075573947946904
573666,22,022. 첫 합동 방송 (2),0.047892920631601,9105,1,0,0.012047408856638419
538193,19,D급에서 국대의 메인 딜러로 올라선다고?,0.0267989686694273,12456,1,0,0.01203088075588391
234339,23,차대엽 (2),0.0213131427279918,43302,1,0,0.012026992948057664
570506,19,품새와 떡볶이,0.0171564647940682,36320,1,0,0.012004221509553225
573683,22,22화 감으로 움직이는 사업은 망한다,0.0398622047244094,1951,1,0,0.011998493430747091
550013,20,어리광을 부리는 거라고,0.020629494282683,24924,1,0,0.011998075978248977
268428,23,23. 신사업 진출,-0.0062395084407562,31770,1,0,0.011982602291005413
418796,22,21. 새로운 연적,-0.0062815181810138,11374,1,0,0.011971487805619878
541245,19,-19- 구원자,0.0161885971568775,19447,1,0,0.01195810033917554
536163,19,19화,0.0552705762743195,20443,1,0,0.01195757396882901
526298,21,021화,0.0091815880181801,32482,1,0,0.011955120128717833
527164,17,17-정보의 격차,0.0033650894704531,43833,1,0,0.011953449906135293
554560,19,5장. 군(軍) (4),-0.0038736591179975,3369,1,0,0.011928076409174955
557225,19,홈 스위트 홈 (2),0.0591240575172016,22836,1,0,0.011905829096942117
268428,21,"21. 남자는 큰 배, 큰 대포지",0.0170404937528225,32649,1,0,0.011873424330595704
548891,22,22화 가면 뒤의 작가 (2),0.0162208067940552,11584,1,0,0.011864766092794198
479971,22,22화.,0.0234724959684644,5450,1,0,0.011861766239808311
469259,22,정치 협상,-0.0010995915802702,6373,0,0,0.01184232777917899
552434,20,020. 방어전,0.0372963261260145,15539,1,0,0.011838893674347336
493717,15,15. Dreams in Dissonance (불협 속의 꿈),0.0368494059465653,47910,1,0,0.0118315189231272
525008,17,17화,0.0575445222545702,35933,1,0,0.011820371516232143
337226,21,021 - 환쟁이,0.0110325080006737,11743,1,0,0.011806150172370801
554560,14,4장. 값비싼 경비견 (3),0.0305869385505649,3518,1,0,0.011789103201537279
552434,22,022. 군락지,0.0180703452726685,15215,1,0,0.011786377037530958
544138,21,21화,0.0301980198019802,3918,1,0,0.011767494610964052
534819,22,아빠는 배트맨 인 것 같다,0.021948717948718,4768,1,0,0.011764451872767399
534819,20,아빠는 슈퍼맨 이니까,0.0167185069984447,5058,1,0,0.011711137321790297
518734,22,22화,0.0167757774140753,4806,1,0,0.0116372415291078
574368,21,21화,0.0471531989825866,9740,1,0,0.011615518798292462
559391,21,난 지은이가 아니에요.,0.0429847413472274,5143,1,0,0.011612940928925975
210472,11,이러고 다니면 얼마나 보기 좋아요,0.0053152910458585,96001,1,0,0.011577190153218907
525008,19,19화,0.0121381624947559,35321,1,0,0.011571498097452932
545835,9,새벽의 추격전,0.00049087893864,75338,1,0,0.011567445378668249
564440,19,2계 연단사,0.0105771633213958,11880,1,0,0.01156443862412883
534957,21,[21화],0.0415254237288135,4524,1,0,0.011543354950565288
548106,20,MISS야 협정,-0.0158021937163042,10928,1,0,0.011512750322032887
546644,19,망가진 재료로 최상의 한 그릇을,0.0035691109669045,3071,1,0,0.011474716250996353
555850,23,트롤링(2),0.0131233595800525,18048,1,0,0.011461559156796197
554560,20,5장. 군(軍) (5),0.0014841199168892,3364,1,0,0.01145104599415454
554560,21,6장. 뿌리 (1),0.0095124851367419,3332,1,0,0.01143797667213881
494781,13,초봄 준비(1),-0.0087743053674917,55875,1,0,0.011406051590611036
547482,21,제19화: 쓰는 것과 쓰지 말아야 하는 것,0.0061075362634965,9113,1,0,0.011390629744678749
542531,18,18화 바디스,0.033544333040706,20917,1,0,0.011371441242551123
536163,20,20화,0.0264149097490583,19903,1,0,0.011359300431884808
550171,21,21화. 네가 나 이긴다고? 맞짱 함 뜰까?,0.0059342421812349,12396,1,0,0.01135221694613106
210472,12,이미 알고 있습니다,-0.0026041395402132,96251,1,0,0.011338436821912141
565122,21,21화,0.0615353093839639,13741,1,0,0.011318488191308552
543879,21,21화. 특수 코인,-0.0062674874090655,17982,1,0,0.01128223143974441
574693,18,# 18화,-0.0021247489594551,34430,1,0,0.011263609983831926
419162,17,합류(1),0.0,24746,1,0,0.011255721029697482
538483,19,19화,0.0097327013154573,35306,1,0,0.011252218666575508
573666,16,016. 적응 (2) - After Tomorrow 2,-0.0293510877719429,10977,1,0,0.011239108721505816
556522,20,20화,-0.0009887936717205,30370,1,0,0.011227353112508215
544647,21,21화 귀환한 삼촌은 재앙급 마법사,0.062565445026178,17905,1,1,0.011225292543832902
170423,18,1학년 0반 (4),0.006304844775459,53902,1,0,0.011195735931739687
381321,18,만독전(萬毒殿) 3,0.0148607325206514,71197,1,0,0.01117998701529544
563286,16,16화,0.0068119891008174,43740,1,0,0.011149786031853121
537197,23,"5장. 그래서, 인생. (3)",0.0194970330601864,3470,1,0,0.011147508339497186
559657,19,19화.,0.0321036327794986,3437,1,0,0.011122236186763822
563321,16,제 16화. 강유아의 빅딜,0.0053129829984543,10297,1,0,0.011110880258057735
560969,20,내황현 전투(1),0.0102143000200279,14826,1,0,0.011072102581813563
554471,20,020. 괴짜인가 천재인가 (4),0.0234091214852684,7259,1,0,0.011034538703071677
170423,16,1학년 0반 (2),0.0345602557059381,57993,1,0,0.011022682066313644
544370,18,18화,-0.0091282894736841,61355,1,0,0.011012049697995558
556620,12,12화,0.0470186703238475,61149,1,0,0.01099225781446357
552434,21,021. 신규 해금,0.0028315850440826,15495,1,0,0.010967031312191948
210472,25,너희들이 뭘 원하는지 알 것 같아,0.0416437013901647,15649,0,0,0.010900763348801142
565202,15,015화. 한국독립영화제,0.013477088948787,11346,1,0,0.01089445202682619
480433,14,논문 스케일이 커졌는데?,0.0007580639047871,52726,1,0,0.010841388779583721
418603,19,대전사 (2),0.0142098914354643,40861,1,0,0.010835449548977548
529960,19,019:진심이 담긴 사과,0.0062607696726019,17301,1,0,0.01082710963729422
546589,22,021. 가짜 암살(2),0.0305374592833875,4762,1,0,0.01082573809523336
543382,15,15화,5.604438715467453e-05,35684,1,0,0.010755784305102718
549228,21,021화,-0.0019553072625697,3587,1,0,0.010746676249586768
419940,20,마나 (1),0.0129942672350433,33573,1,0,0.010682911381223
286189,19,19화,0.0080041311644719,3842,1,0,0.010610235568421078
419162,19,깨달음,0.0089893304209023,23592,1,0,0.010606248390411077
549589,15,본격적인 연기 승부,-0.0247537983922367,49843,1,0,0.010603754449303355
529960,20,020:광역 축복,-0.0006936015259233,17313,1,0,0.010558805632217423
477026,19,20세기 게이머들,-0.0137874145651661,8603,1,0,0.010558697602979256
451197,20,0020,-0.0410618000829532,2510,1,0,0.010543894542105801
476831,21,레드 컴플렉스 - 2,0.0489859594383775,6096,1,0,0.010535006294398795
534819,13,아빠는 도망칠 자격도 없다(2),0.0170073870468991,5722,1,0,0.010498128970583404
537219,18,[무협] 화산,0.0192366226334692,16111,1,0,0.010497099206385764
543562,19,019,-0.0069681650498703,7370,1,0,0.010496895172375292
545935,21,21화. 한강 위로 떠오른 노덕술,-0.0061712522499357,3913,1,0,0.010483030959263714
536098,23,23화 강철 쉘터에 무임승차는 없습니다.,-0.005396475770925,9129,1,0,0.010464238887252472
337226,20,020 - 양공주,0.0010936316984941,11874,1,0,0.010461927231278222
493070,20,두 여직원의 퇴직 기념 축하회,0.0351612084285352,30404,1,0,0.010430001097040346
441725,22,제22화. 가슴에 묻자.,0.0242442686143233,9619,1,0,0.010380714556990843
537197,20,"4장. 인생, 완전히 꼬이다. (5)",-0.0165266106442576,3629,1,0,0.010375942411951129
488890,20,알파고를 만들어보자.,-0.0036310478166556,21283,1,0,0.0103594141398213
564241,19,019 : 도박 쉽네요,0.0291630015562622,14348,1,0,0.01035017845137576
543562,16,016,0.0071114559089733,7679,1,0,0.010325740846689043
552965,17,017,0.0057591623036649,17091,1,0,0.010309148637106658
419940,21,마나 (2),0.006761385637268,33346,1,0,0.01030374114744389
522532,20,20,-0.004621008345403,14566,1,0,0.010273702494982016
527164,15,15-쉬어가는 회차,0.0001588850806909,44050,1,0,0.010262309300088313
559657,20,20화.,0.0311318009892348,3330,1,0,0.010248061407840067
554471,19,019. 괴짜인가 천재인가 (3),0.0161482461945731,7433,1,0,0.010232044307178943
538193,20,우리 일본이 이런 굴욕을!,0.0182241490044958,12229,1,0,0.010224894347431674
563526,20,20화 이제 내 할 일은 끝났어.,0.0065949950311681,10996,1,0,0.010217093834321735
452318,16,4.앞서 해보기(Early Access)(2),-0.0098985642181603,61827,1,0,0.010212973963108928
571931,18,18화. 은밀한 소문 (1),0.0294242098753376,29819,1,0,0.010171205466026451
535774,23,텅텅,0.0085985715276333,14297,1,0,0.01017004235882273
469259,10,미르시 교통개혁(2),0.0163953221738133,42895,1,0,0.010165598636752033
452318,18,4.앞서 해보기(Early Access)(4),0.0070024412180392,61828,1,0,0.010164202800287448
337226,19,019 - 쥐불놀이,0.0320820780066769,11887,1,0,0.010147009387443295
494781,10,꿀벌과 농사(1),0.0079387917463649,58608,1,0,0.010137318085390184
488890,23,새로운 소셜 미디어 플랫폼.,0.0003419304415787,20465,1,0,0.010097291464206697
546644,14,스승님께 드릴 한 그릇,0.0073959938366717,3221,1,0,0.010090717228661004
538193,16,국대 헌터들이 유준 때문에 줄을 섰다,0.0325393011601564,14093,1,0,0.010081464907460085
570506,20,사고. 그리고 숙제,0.0042676211453744,36165,1,0,0.010061346744782377
553892,18,18화,0.0082935410907263,3946,1,0,0.01000542185272004
571931,17,17화. 회장의 방문 (3),0.0040521265560166,30723,1,0,0.010000487592125441
550013,21,일부러 옆에 탄 거예요,0.0104718343765045,24663,1,0,0.009995467954197134
546644,21,유키의 경험,0.0230718523401449,2964,1,0,0.009977506147543797
543382,19,19화,0.0450303174414457,32129,1,0,0.00996922724492146
545835,12,마지막 밤,0.024474034620506,73262,1,0,0.009967264358318517
538483,16,16화,0.0306235031350071,36023,1,0,0.009937819971771917
571931,20,20화. 은밀한 소문 (3),0.0038749241862658,29563,1,0,0.009931272081397362
481784,21,다음 단계,0.0212621065375302,12935,1,0,0.009914227769978134
480433,18,끝나지 않은 재난,0.0038659535684955,49730,1,0,0.009891887284692572
529719,19,Prove it,-0.0012337371018393,26781,1,0,0.009876211802284512
565391,21,21화,0.0199164163510513,15009,1,0,0.009869137588905445
542531,21,21화 레슬링부,-0.0044048645025376,20978,1,0,0.009867845705857371
548687,20,20화. 돈 걱정은 하지 마세요(1),-0.0039802010511813,19675,1,0,0.009836490440747815
548106,17,치안 유지법,-0.0219934487599438,10920,1,0,0.009825726207068678
556620,14,14화,0.0043141668371871,58391,1,0,0.009809337767479859
555164,16,016,0.0222482435597189,7515,1,0,0.00977165859562618
512544,21,마음에 드는 애,0.0590416164612105,30456,1,0,0.009771496356751883
543382,18,18화,-0.0098148092565357,33644,1,0,0.009731863782999577
563321,22,제 22화. 수치사(羞恥死),0.0246499704200354,9892,1,0,0.009727445115862227
493070,22,저세상 영업 전략,0.0524213159174599,27277,1,0,0.009718032759660843
565708,20,20화: 붉은색 유니폼,0.0010545994918748,20839,1,0,0.009714392541079057
557881,19,존스홉킨스(2),0.0137732707734221,13032,1,0,0.009709411468733772
419162,16,신수(神獸)(3),0.0556043201160172,24746,1,0,0.009682543567367075
545835,10,회수,-0.0181979877352731,76709,1,0,0.009679942536320133
54528,25,복수의 서막 - 1,0.0120845921450151,8829,1,0,0.009660153715134772
565707,18,애슬레틱 미네이루 원정 (2),0.011065782763896,19393,1,0,0.009646906076492842
544370,22,22화,0.0017066559582371,59664,1,0,0.009602013509103556
545835,13,뒷정리,0.0016925554857907,73138,1,0,0.009594282148153126
538193,21,무명의 정체는 이세계 마왕?,0.0319731785100989,11838,1,0,0.009557003147423844
481784,23,AI,-0.0036670047593041,12864,1,0,0.009541507457104602
564440,20,제안,-0.015993265993266,12070,1,0,0.009535684280711347
512544,22,먹방사자,0.0227541371158392,29763,1,0,0.009523134077054076
452318,14,3.낭만과 판타지(4),0.0114719555837987,59112,1,0,0.009498996680918439
548891,21,21화 가면 뒤의 작가 (1),0.0196486553992173,11775,1,0,0.009444233927435626
552965,21,021,0.0033977110157367,16719,1,0,0.009434515485110567
533816,19,러브 코미디는 원래 봄에 시작한다(9),0.0053694707236,3890,1,0,0.009419468227548156
556083,17,만들어 볼까?,0.0183190229854407,36815,1,0,0.009393471034249144
481784,22,각성,0.0091225357557015,12817,1,0,0.00937626419207997
565391,22,22화,-0.0079285761876206,15128,1,0,0.009372959714153752
570506,23,인형 공주 세트와 고기,0.0141645511193169,34173,1,0,0.009353510785273116
375271,22,22화,-0.0064674397859054,36104,1,0,0.00930331453607301
558281,22,22화 - “알아.”,0.0266960568209649,7948,1,0,0.009280751002762726
544647,20,20화 귀환한 삼촌은 재앙급 마법사,0.0294222267391636,19100,1,0,0.009277621524142167
469259,23,예비 후보,0.0,6373,0,0,0.009275141697449599
238800,23,22화 (수정본),-0.0091503267973855,7720,1,0,0.009267451776239088
337226,22,022 - 마틴 소장,-0.0057906838116323,11811,1,0,0.00926212110117394
469259,12,조력자들,0.0004957858205255,42336,1,0,0.009251721890455231
565213,20,경로의존성(2),0.0467269595176571,4427,1,0,0.009240747754871857
547482,19,제17화: 멈춘 이유가 있다.,0.0383217364212274,9260,1,0,0.009211255458808241
542580,22,"제22화. 가짜 숫자의 무덤, 그리고 4,000억",0.015424610051993,5681,1,0,0.009193438917389038
419162,21,숲의 주인(2),0.0173447264379543,23115,1,0,0.009186938513296914
573216,22,넌 절대 곱게 못 죽어,0.0006986899563319,5721,1,0,0.00917265907890463
319100,22,22화,0.0016436554898093,21259,1,0,0.009130291017592728
543879,22,22화. 퇴원,-0.0030586141697253,18037,1,0,0.009110426967631218
539992,22,나 홀로 미궁에서?(3),0.0274661508704061,12570,1,0,0.009104690167001505
529719,20,빌런 X 빌런,0.0169523169411149,26327,1,0,0.009094283077807205
556620,13,13화,0.0409655104744149,58644,1,0,0.009088730000734834
90225,24,나눠먹는 독약이 제일 맛있다. (6),0.0,80837,1,0,0.00905028065656974
552965,20,020,0.0067495559502663,16776,1,0,0.009021270149432228
545835,11,추적,0.020975374467142,75100,1,0,0.009005990322290984
555465,20,20화 산수와의 혈투,0.0183066361556064,3432,1,0,0.008991921774070804
537219,22,[무협] 거짓된 흔적(1),0.0001307958930089,15289,1,0,0.008987646568528887
540166,21,07. 미드웨이 해전(2),0.0242645479922697,4544,1,0,0.008966878312437428
535335,20,제안 (2),0.0122667068031306,26250,1,0,0.008959038051308325
469259,13,김시준,-0.0039210128495843,42502,1,0,0.008937530929550823
476539,21,기반(基盤),0.0017068645640073,13452,1,0,0.008884820055915428
539540,23,오픈 세일,0.0275912408759123,6661,1,0,0.008879629568214767
563160,23,#023. 하지 마요.,0.0106574216743707,7705,1,0,0.008839230362473385
553948,23,투자의 신 (23),0.0301794453507341,1189,1,0,0.008832373627485672
488890,21,틱톡도?,0.0336888596532444,20566,1,0,0.008829241116128077
547756,13,1조달러에 H₂O 팝니다 (13) 혁명이에요!,0.0271232876712328,3551,1,0,0.00881976920240304
568900,20,20화 얼리캠프(3),-0.0025970813752165,16214,1,0,0.008818571840011542
493717,19,19. 낭중지추,-0.010503913222573,44157,1,0,0.008792875131149755
319100,23,23화,-0.0038101509948726,21340,1,0,0.008775474862308475
555850,21,새로운 CEO(3),0.0273485784919653,18885,1,0,0.008765800217232184
565202,20,020화. 날것 그대로의 자극제,0.0094880411148448,10022,1,0,0.008756333790439882
550179,21,#021. 알 아흘리 SFC (5),0.0090752336872674,10919,1,0,0.008741630763015353
544647,14,14화 귀환한 삼촌은 재앙급 마법사,0.010640266469282,21386,1,0,0.008723975350218741
531329,19,19화,-0.0023782407717558,29925,1,0,0.008684393143488829
574693,21,# 21화,0.0311818895120746,33338,1,0,0.008677934868763835
568900,18,18화 얼리캠프(1),0.0108298928977442,16532,1,0,0.00867606912438772
563715,21,21화,0.0586552217453505,9870,1,0,0.00867116807005126
494781,12,꿀벌과 농사(3),0.0300499080640924,55389,1,0,0.008658231719050287
533816,20,아마추어가 오히려 이득일 때도 있다(1),-0.0308483290488432,4010,1,0,0.008616115575615481
563715,19,19화,0.0104156979447596,10641,1,0,0.00860869731156627
538193,22,미디어데이의 중심이 된 유준,0.0206115897955735,11594,1,0,0.008604372301235166
556083,19,마스터 형님의 은거지,0.0247529007305543,34041,1,0,0.008581097369734898
545835,14,정산,0.0019552079630288,72995,1,0,0.008568073218310195
557580,21,향수 (3),0.0204827237747289,25202,1,0,0.008554517550334002
565707,20,어느 60대 회장님의 이야기,0.0104765295224533,19457,1,0,0.00854035814014957
557343,23,직거래,0.0174951402388225,7076,1,0,0.008531185424527396
524031,19,19화 - 산은 높고 컵라면은 맛있다.,0.0073881515939252,14510,1,0,0.008526147232293444
549589,18,드디어 동화율 100%,0.0037389889942753,47162,1,0,0.008526133789701277
286189,20,20화,0.0072878709005725,3814,1,0,0.008518163258392948
563512,21,어째서 지금 이 때로 돌아온걸까.,0.0237467018469657,10730,1,0,0.00851550578393185
488890,22,투자 회사를 설립하다.,0.0045706505883497,20472,1,0,0.008490633672519425
550964,22,22화,0.0393944707463908,16435,1,0,0.008471712765554851
560969,21,내황현 전투(2),0.0260353433157966,14440,1,0,0.008451188087947618
559657,23,23화.,0.0168038408779149,2867,1,0,0.0084326538094451
550964,23,23화,0.0261028293276543,16006,1,0,0.008407199513121586
376244,23,제23화. 구출(救出),-0.0200812026774936,9296,1,0,0.008393393828460117
512544,20,첫방송,0.0351457699874798,32367,1,0,0.008384544676918166
210472,19,좋을 때다,0.0116375297403538,95545,1,0,0.008375164566394025
563160,19,#019. 소문이 아니게.,0.0231241151486549,8280,1,0,0.00837078182300347
539992,23,나 홀로 미궁에서?(4),0.0209228321400158,12307,1,0,0.008359913232863194
563286,18,18화,-0.0035942862443187,43279,1,0,0.008335979381378538
419940,22,슈퍼 루키(1),0.0098062736160259,33019,1,0,0.008323570571137235
541245,20,-20- 시련이 무거워도 인간은 살아간다,-0.008227490101301,19607,1,0,0.008308288658433952
571118,19,주사위 굴려서 역대급 홈런왕(19),0.0064394432158189,15275,1,0,0.008291607027452843
443334,16,미끼 작전 (3),0.0255138199858256,5500,1,0,0.008262853940032473
525227,20,20. 폐업한 정비소에 리프트를 사러 갔다.,0.0129407677609866,34095,1,0,0.008258430203116384
563512,19,그 녀석은 언제나 웃고 있었다.,0.0056322674418605,10946,1,0,0.008244283587986768
527164,19,"19-3,000%의 수익률",6.977393245888308e-05,42993,1,0,0.00823566636336209
559391,23,아빠!! 뭐해!!,0.0276979893311448,4739,1,0,0.008228023475975304
563512,22,이런 식의 재회는 예정에 없었습니다.,0.0050326188257222,10676,1,0,0.008216165177504493
524031,21,21화 - 회장님의 빈티지 명함,0.0081702711980775,14446,1,0,0.008201274774929395
525227,18,18. 새로운 보금자리를 얻었다.,0.0028943974781486,34794,1,0,0.008138370543364219
564241,18,018 : 당연히 따서 벌어야지,0.0421905379131561,14779,1,0,0.00809527833431964
551214,22,야시스코 정제소 (2),0.0512026239067054,5207,1,0,0.008092593126335871
566106,19,비경을 얻다,-0.005798702195223,21855,1,0,0.008072479781381424
418603,20,대전사 (3),0.0150754998653973,40245,1,0,0.008033399854271433
555465,21,21화 마도 공법의 무서움,0.0215617715617715,3358,1,0,0.00802863810976409
364922,23,막대사탕,0.044234592445328,5769,1,0,0.008007318242828663
537197,21,"5장. 그래서, 인생. (1)",-0.0038578120694405,3643,1,0,0.007996332242419307
535335,19,제안 (1),0.0123750418075736,26576,1,0,0.007978879084593405
539540,20,10001,0.0151843817787418,7264,1,0,0.007972871512354544
563526,23,23화 초코파이 사온다고 했었잖아요.,0.1172139881817301,9113,1,1,0.007968611381124197
556685,21,[21화] 이순신의 수륙병진책(水陸竝進策),0.010975357216815,4776,1,0,0.00789874470689946
557881,22,존스홉킨스(5),0.0371082792337901,12014,1,0,0.007873575567258359
563512,18,95년의 교과서에는 없었다.,0.001723043438832,11008,1,0,0.007866044812661255
525008,21,21화,0.0190545781574953,34904,1,0,0.007863797872135035
476539,22,요혈연강공(妖血鍊鋼功),0.0196996729110913,13187,1,0,0.0078627551719961
530197,23,23화 - 내 서전트 점프는 70cm가 넘는단다.,-0.0122005323868676,4563,1,0,0.00785420632734357
531329,21,21화,0.0052952342891398,29868,1,0,0.00782088281920287
547756,19,1조달러에 H₂O 팝니다 (19) 숲을 통째로 밀어버릴 수 있을 정도,0.0352790250160359,3008,1,0,0.00781441420112762
559657,22,22화.,0.0467473030402092,2916,1,0,0.007749456673199644
419940,23,슈퍼 루키(2),-0.0139313728459371,33479,1,0,0.00774543910995825
476831,24,레드 컴플렉스 - 5,0.0079701543157537,5850,1,0,0.0077374241384358
556083,20,실력이 좋으면 무조건 형님,0.0074615904350635,33787,1,0,0.007735148958590266
268428,22,22. 암류,0.0329565989769977,31573,1,0,0.0077340414841301245
563286,17,17화,0.0140832190214906,43124,1,0,0.007726117000698903
563339,19,1988년 미국 대가뭄(1),-0.0186388445401552,27435,1,0,0.007722756566045367
556522,22,22화,0.0008743022395588,29712,1,0,0.00771998494216743
557225,20,홈 스위트 홈 (3),0.0444035733053074,21822,1,0,0.007719357145685063
571931,22,22화. 현미경의 비밀 (1),0.0174091141833077,28785,1,0,0.007718905039470492
494781,17,벌레 퇴치(2),0.0129701686121919,51748,1,0,0.007696196264559329
529960,21,021:세계수의 어버이,0.0175590596661467,17009,1,0,0.007675306820995255
565707,21,포르투솔 대 쿠이아바 (1),0.0328416508197564,18818,1,0,0.007667904155890032
469259,24,후원,0.0075317746744076,6325,0,0,0.0076646148003145795
538483,20,20화,-0.0027474083725145,35403,1,0,0.007639569213456519
565708,21,21화: 이웃사촌,0.0005758433706032,20827,1,0,0.007630146975812167
571931,21,21화. 은밀한 소문 (4),0.0090653857862869,29295,1,0,0.007628565962270207
555850,18,사모펀드(3),0.0045397225725094,19735,1,0,0.007613150420135254
529960,22,022:첫 영지민이 생겼습니다.,0.0156975718737139,16742,1,0,0.007609029363305477
512399,22,22화-봉황대기(1),0.0475567903252165,11656,1,0,0.00760347416788799
565213,23,경제는 내가 대통령이다(2),0.0358016455414721,4336,1,0,0.00759301722698918
452318,17,4.앞서 해보기(Early Access)(3),-0.0070681094020412,62264,1,0,0.007590749253224998
522532,22,22,0.009623430962343,14202,1,0,0.007558911564211176
525008,22,22화,0.0263866605546642,33983,1,0,0.007534962903635662
556083,21,쓸만한 점소이,0.0061266167460857,33580,1,0,0.0075342882007294
542531,22,22화 짐(GYM),0.0013347316236056,20950,1,0,0.007525693987474008
541873,23,23화 떨어질 낙(落),0.0370672097759674,7092,1,0,0.007519455189910241
479971,23,23화.,0.0293577981651376,5290,1,0,0.007509599626907654
531329,20,20화,-0.0034085213032581,30027,1,0,0.007493005302377633
557097,22,전능의 동자신을 주웠다-22,0.0166055223016026,10186,1,0,0.007426988452137192
534819,21,아빠는 슈퍼맨 이니까(2),0.0361803084223013,4875,1,0,0.00740311973367286
573216,21,내 벌은 이제부터 시작이다,0.0215347803794223,5725,1,0,0.007388205846091246
544370,17,17화,0.0351962931225998,60800,1,0,0.007322376388677271
554066,21,21화. 흑시,0.035105129318365,15557,1,0,0.007320045925411136
480433,16,코드 오렌지 (2),0.0408112740430394,50367,1,0,0.007312403265411161
544370,16,16화,0.0247307168503156,63018,1,0,0.007290938639693333
548106,22,배후의 배후의 배후 (2),0.0075778578689584,10739,1,0,0.007277087989034965
381321,21,가문을 바로 세우는 법 3,0.0421971520547548,66052,1,0,0.007273830962168978
512399,20,20화-vs 극강야구(2),0.009009009009009,12540,1,0,0.007270218048631951
547482,25,제23화: 얼굴이 좀 너무하지 않아?,-0.0081684307409111,8763,1,0,0.007261562557130898
561939,23,23. 미쳤나?,0.0065484311050477,3641,1,0,0.00725211381613361
530197,22,22화 - 내 마음의 풍금,-0.0089525514771708,4508,1,0,0.007251645698962194
546644,18,마이너스의 손,0.0237567310738042,3082,1,0,0.007231519276851123
531329,22,22화,0.0035824293558323,29761,1,0,0.007221644668497599
532266,20,게이트 안의 도서관,0.0135135135135134,1387,1,0,0.007213673907165623
555850,19,새로운 CEO(1),-0.0002026855839878,19739,1,0,0.007213599638985337
532266,17,악마의 유혹,0.0475899938987187,1561,1,0,0.007210460944041659
550171,23,23화. 고맙네. 꼬마 친구.,0.0271730234080864,11886,1,0,0.007198008382478976
493717,20,20. 나는 가수를 그만두기로 했다,0.0058880811649342,43897,1,0,0.007160346572430067
452318,22,5.레온(3),0.0451220136082263,55995,1,0,0.0071405301345482865
372155,23,23. 공주성을 위하여(3),0.0323333333333333,11612,1,0,0.007087140366870478
557580,22,버려야 얻는 것 (1),0.0178557257360526,24752,1,0,0.007085920320968568
557343,20,고급 모터보트(3),0.0196629213483146,7329,1,0,0.007065221498898751
476831,22,레드 컴플렉스 - 3,0.0114829396325459,6026,1,0,0.007063859791637344
563571,23,흉성 (凶星),0.0183621608328551,11975,1,0,0.00705133929643072
565202,23,023화. 총괄제작 윤명준입니다,0.0087843295638125,9817,1,0,0.007041104326920636
542531,23,23화 파이브 카운티,0.0178997613365154,20575,1,0,0.007031723467703002
554066,22,22화. 괴물,0.0298900816352767,15092,1,0,0.007029991735124823
375271,23,23화,0.0097773099933525,35751,1,0,0.0070229541783527515
556522,23,23화,0.0057552504038772,29541,1,0,0.007017839573959726
543382,20,20화,0.0103644682374178,31796,1,0,0.007012443849724092
545835,15,투자,0.0239742448112884,71245,1,0,0.006968232350688599
574693,19,# 19화,0.0079872204472843,34155,1,0,0.006960392630837349
530197,19,19화 - 랍 시티(Lob City),-0.006149791346365,4581,1,0,0.0069444708437092365
571118,20,주사위 굴려서 역대급 홈런왕(20),0.0379050736497544,14696,1,0,0.006938430219323873
418603,21,대전사 (4),0.033718474344639,38888,1,0,0.006902362512513467
563715,22,22화,0.0253292806484295,9620,1,0,0.0068906907293049
551214,20,면접,0.0267536704730831,5966,1,0,0.0068676680019090115
539540,19,레벨업,0.0493620311895862,7376,1,0,0.0068513615760304415
574693,20,# 20화,-0.0074952422778509,34411,1,0,0.006850330259121493
573666,18,018. 적응 (4) - After Tomorrow 2,0.0529904539255795,9722,1,0,0.006841239607171573
571118,21,주사위 굴려서 역대급 홈런왕(21),0.0264017419706042,14308,1,0,0.006823929922208721
555164,22,022,0.0491134473560332,6060,1,0,0.0067764782752405
548687,23,23화. 돈이 자꾸 들어오네(1),0.008920463650446,18554,1,0,0.006775718160064437
545835,16,맥주 한 잔,-0.0059512948277071,71669,1,0,0.006766064855255038
544138,23,23화,0.0284408329101066,3826,1,0,0.00674811119821729
570506,21,돈 좀 받아라,0.026904465643578,35192,1,0,0.006747561070796013
522532,19,19,0.0108473188702414,14499,1,0,0.006729928340435072
563339,20,1988년 미국 대가뭄(2),0.015564060506652,27008,1,0,0.00672243996793667
538483,23,23화,0.0197304551424818,34331,1,0,0.006720331845551872
54528,24,변화하는 공 - 3,-0.0122324159021407,8937,1,0,0.006716695929106136
555465,22,22화 연기기 삼성,0.0035735556879095,3346,1,0,0.006702315469653962
531329,23,23화,0.0005712173650078,29744,1,0,0.006686246824360629
548687,22,22화. 돈 걱정은 하지 마세요(3),0.0302512302512302,18721,1,0,0.006685619908043651
518734,21,21화,0.0264887472615017,4888,1,0,0.0066828823305198105
522532,21,21,0.0155155842372648,14340,1,0,0.006665416298920078
418603,22,대전사 (5),-0.0164575190290063,39528,1,0,0.006646075648080025
557962,23,대만 카드,-0.0204963971176941,6373,1,0,0.006645591071020859
534819,19,아빠는 맞서 싸우기로 했다(2),0.0173829990448901,5144,1,0,0.006634654735673377
518734,23,23화,0.0072825634623387,4771,1,0,0.0066018070693834125
563571,22,손질 (3),0.0179520206085976,12199,1,0,0.006571811727174918
525008,20,20화,-0.0073893717618414,35582,1,0,0.0065653728143922644
556522,21,21화,0.0208100098781692,29738,1,0,0.006560926542097712
538193,23,무명조차 유준 군을 주목하고 있네!,0.0410557184750732,11118,1,0,0.006538678906495885
477026,20,새로운 기획?,0.0047657793792863,8562,1,0,0.006532790083653767
557580,23,버려야 얻는 것 (2),0.0393099547511311,23779,1,0,0.0065182666323101235
565391,23,23화,0.0247223691168694,14754,1,0,0.006512732271362832
565122,23,23화,0.0783796016898008,12217,1,1,0.0064897640148406524
533816,22,아마추어가 오히려 이득일 때도 있다(3),0.0216016859852475,3714,1,0,0.006487906998840349
530197,21,21화 - 진흙 범벅의 창,0.0197455024133391,4468,1,0,0.0064866907920058435
565122,22,22화,0.0352958299978167,13256,1,0,0.006485284176469776
524031,20,"20화 - 명장의 라면, 그리고 회장님",-0.0037904893177118,14565,1,0,0.006485193037585998
573666,21,021. 첫 합동 방송 (1),0.0209868959868959,9563,1,0,0.006463073983151433
544370,19,19화,0.0149295085975063,60439,1,0,0.006457167785651034
543382,21,21화,0.0289973581582588,30874,1,0,0.0064374186876198355
573666,23,023. 첫 합동 방송 (3),0.0135090609555189,8982,1,0,0.006399129324135687
555164,19,019,0.0415395787944807,6599,1,0,0.006389478984018243
555850,22,트롤링(1),0.0316123907863383,18288,1,0,0.006388823780492119
537219,23,[무협] 거짓된 흔적(2),0.0520635751193668,14493,1,0,0.006383737374049051
480433,17,코드 오렌지 (3),0.0088152957293465,49923,1,0,0.006378257485733605
210472,13,"모르겠네요, 어디 아픈가 봐요",0.005225919730704,95748,1,0,0.006348533145407194
566106,22,목패를 남기다,-0.0005624560581205,21347,1,0,0.0063431299573880095
381321,19,가문을 바로 세우는 법 1,0.0066856749582144,70721,1,0,0.0062827865180039915
381321,23,영약(靈藥) 1,0.0071061014457241,64832,1,0,0.0062748949226286
494781,14,초봄 준비(2),0.0268456375838925,54375,1,0,0.006255283918306528
566106,21,보답을 받다,-0.0054194156456173,21335,1,0,0.00624664879000893
443334,23,공짜 점심은 없다 (1),0.0067567567567567,4851,1,0,0.006241115714661222
550179,19,#019. 알 아흘리 SFC (3),0.0151608097449829,11238,1,0,0.006189115060080809
536098,25,"25화 호신술 말고,생존술을 배우러 왔습니다.",0.0313800472387807,8612,1,0,0.006188237262128894
524031,22,22화 - 마지막 농사와 김치전,0.0168212654021874,14203,1,0,0.00617830075794055
548106,21,배후의 배후의 배후,0.0097913616398243,10821,1,0,0.006155970285086074
564440,21,비경 탐사(1),0.0410936205468103,11574,1,0,0.0061536230848512116
469259,11,미르시 교통개혁(3),0.0125422543419978,42357,1,0,0.006148367555467542
443334,22,천심을 얻는 법 (3),0.0459074037898027,4884,1,0,0.006142746506127472
566106,17,제사를 지내다,0.0062051400787219,21461,1,0,0.00613115978427506
533114,23,전신귀환 23화,0.0005170630816959,3866,1,0,0.006113742619987876
557343,21,고급 모터보트(4),0.0027288852503751,7309,1,0,0.006078126419543885
534957,19,[19화],-0.0016343207354443,4903,1,0,0.006070630038339356
533816,24,아마추어가 오히려 이득일 때도 있다(5),0.0553180117584179,3535,1,0,0.006043082958604649
469259,25,영입 제안,0.0128063241106719,6244,0,0,0.006034051075162005
476539,18,삼백 전의 가치,0.0055224210293792,13506,1,0,0.006032164738483194
566106,20,은혜를 갚다,0.0290551361244566,21220,1,0,0.006003682033141054
542531,20,20화 바디스(3),-0.0077683956574186,20886,1,0,0.005991965147747845
565708,22,22화: 휴방,0.0160848898065011,20492,1,0,0.005985806665860915
557580,18,출격 (2),0.0087358497433843,27233,1,0,0.005959213153084
563321,23,제 23화. 자산 증식 × 3,0.0007076425394257,9885,1,0,0.005956309017357866
538483,21,21화,0.0171736858458322,34795,1,0,0.005934525935552328
573666,19,019. 적응 (5) - After Tomorrow 2,0.0045258177329767,9678,1,0,0.005915149729772081
526298,23,023화,0.0415227127319257,29962,1,0,0.005905588488192048
563339,22,1989년의 시작(1),-0.0099561631621962,27186,1,0,0.005893649128503905
552434,23,023. 연방 군수 자산,0.0049950706539598,15139,1,0,0.005871050978982814
545935,22,22화. 김지웅이 사라졌다,0.0437004855609506,3742,1,0,0.005824195874952259
536098,24,24화 ‘최대한의 정적’ 속에서 적을 쓰러뜨릴 수 있는 기술,0.026070763500931,8891,1,0,0.005807860824388239
563321,21,제 21화. 커져가는 경외감,0.0021645021645021,10142,1,0,0.005773826332278588
494781,16,벌레 퇴치(1),0.0021507013570354,52428,1,0,0.005769910518014799
546589,23,022. 그 많던 방아쇠는 누가 당겼나,-0.0178496430071397,4847,1,0,0.0057602843243018415
550179,20,#020. 알 아흘리 SFC (4),0.0194874532835024,11019,1,0,0.005755631642561497
569827,21,초급 간부들의 전설,0.0207812499999999,6267,1,0,0.005749988563001161
565707,22,포르투솔 대 쿠이아바 (2),0.0214688064618981,18414,1,0,0.005747305494849571
480433,15,코드 오렌지 (1),0.0040966506088078,52510,1,0,0.005745184554206513
525227,19,19. 이름 없는 강아지와 살게되었다.,0.007242628039317,34542,1,0,0.005712350450918933
571118,22,주사위 굴려서 역대급 홈런왕(22),0.0139083030472463,14109,1,0,0.005666865962210911
527164,18,18-압도적인 수익률로!,0.019095202244884,42996,1,0,0.005660819705025385
477026,21,올 클리어,0.0279140387759869,8323,1,0,0.005653078073744723
534215,18,6화. vs 사이커 (2).,0.0239383058345832,64423,1,0,0.005628012488931332
565708,23,23화: 뜻밖의 구원,-0.0002927971891468,20498,1,0,0.005627831040435412
544647,22,22화 귀환한 삼촌은 재앙급 마법사,0.0603183468304943,16825,1,0,0.005625920196856773
547756,22,1조달러에 H₂O 팝니다 (22) 이거 분석부터 해주세요,0.0303558967201674,2779,1,0,0.005619785897877506
530581,22,수영근을 멸하다,-0.0086372360844528,17867,1,0,0.005606444782379882
544370,21,21화,0.0013868235058229,59766,1,0,0.005579497159575404
517290,22,아수라장,-0.0096501809408926,837,1,0,0.005564516382009477
548891,23,23화 연극을 봅시다 (1),0.0347030386740331,11182,1,0,0.005558926304792069
469259,15,조례,0.0072105529698314,41168,1,0,0.005545586663688873
563715,23,23화,0.0128898128898128,9496,1,0,0.005531484491704288
525008,18,18화,0.0049536637631146,35755,1,0,0.005509496893840659
554066,19,19화. 첫 걸음,0.0072632017622193,16675,1,0,0.005480221759758752
560429,23,23화 - 9층 돌파,0.0064001204728559,13196,1,0,0.0054623592931282335
564241,20,020 : 쫄리면 뒈지시던가,0.0032757178700864,14301,1,0,0.005458761176561441
549589,17,레벨 업!,0.018880829015544,47339,1,0,0.005443118938619582
452318,20,5.레온(1),0.0029674568894457,60478,1,0,0.00544170331395958
419162,22,숲의 주인(3),0.0186891628812458,22683,1,0,0.005430294771776274
381321,20,가문을 바로 세우는 법 2,0.0248723858542724,68962,1,0,0.00542795808256709
556685,23,[23화] 부산포 해전(2),0.0197044334975369,4577,1,0,0.005422412824988538
376244,21,제21화. 다니 파퀴아오 2.,0.0452907874420998,9275,1,0,0.005410670401753638
541245,23,-23- 돈-키호테 도시의 구원자,0.0107273678702249,18905,1,0,0.00540317572647418
543562,23,023,0.0279413985802748,6436,1,0,0.005400475479024143
531246,23,헌트독 (2),0.0168447517284726,15642,1,0,0.005366704095737029
560429,22,22화 - 검홍분광(劍虹分光),0.0276028701127544,13281,1,0,0.0053628957119668495
538483,18,18화,0.0127924685033919,35653,1,0,0.005359870583665396
419162,23,황금 나무,0.0033505268262575,22607,1,0,0.005354392141265273
554066,23,23화. 기연,-0.0216671084018023,15419,1,0,0.005349736739082356
529719,21,죽기 딱 좋은 날씨네 (1),0.0169027994074524,25882,1,0,0.005339476772078438
557225,22,홈 스위트 홈 (5),0.0483187341056795,20208,1,0,0.005286471069282591
477026,23,협상,0.0204653429163114,8041,1,0,0.005278634764415354
531246,22,헌트독,0.0126597989326051,15910,1,0,0.005274171031083432
469259,14,김시준(2),0.0243517952096371,41467,1,0,0.005273323757162106
525227,22,22. 강아지의 이름은?,0.0293795997990128,32839,1,0,0.0052716602715783545
557225,18,홈 스위트 홈 (1),0.0045117099380664,24271,1,0,0.005265231254460852
550179,22,#022. 알 아흘리 SFC (6),-0.0018316695668101,10939,1,0,0.005262199464132789
542580,21,제21화. 72시간의 골든타임,0.0375312760633861,5770,1,0,0.005231307414452817
564241,22,022 : 밀리언 달러 베팅,0.0016335227272726,14057,1,0,0.005226292486420506
557962,22,덕천 전투,0.007785192246584,6245,1,0,0.005224137684868352
573683,15,15화 완벽한 오해,0.0542469664525339,2650,1,0,0.005163532880730221
494781,15,초봄 준비(3),0.0337287356321839,52541,1,0,0.005158682339170718
493070,23,저세상 영업 전략 (2),0.0517652234483264,25865,1,0,0.00514804982984324
529960,23,023:정령왕의 비호,0.0333890813522876,16183,1,0,0.005132950775131453
541245,21,-21- 우리 제국 정상영업 합니다.,0.0119855153771611,19372,1,0,0.005128712726455828
493717,21,21. 이 맛에 프로듀싱을 하는 거구나,0.0521220128938195,41609,1,0,0.005109754752349015
538483,22,22화,-0.0065239258514153,35022,1,0,0.0050831043264145965
545835,17,Welcome to Japan,-0.030319943071621,73842,1,0,0.005071936281201225
534215,19,6화. vs 사이커 (3).,-0.0158328547257966,65443,1,0,0.005060053680429672
563526,22,22화 웃을 줄 알죠. 저도 사람인데요.,0.0629935554143595,10323,1,1,0.005058900565377917
376244,22,제22화. 다니 파퀴아오 3.,0.0174663072776279,9113,1,0,0.00505355349293148
543879,23,23화. 훈련,0.010034928203138,17856,1,0,0.005052097615661089
531246,20,소집,0.0164471758852794,16804,1,0,0.005017377303303357
210472,14,나에게 좋은 수가 있습니다,0.0057755775577558,95195,1,0,0.00498377609920034
565391,20,20화,-0.0170009297383451,15314,1,0,0.004973704785059605
550013,23,지적 장애가 있어요,0.024158447470351,24438,1,0,0.004952787139440997
563286,20,20화,0.0241395241395241,42245,1,0,0.004944052441858764
560969,23,기연(2),0.0037152121048364,14749,1,0,0.004913084595483482
560969,22,기연(1),-0.0252077562326868,14804,1,0,0.004884021001869078
536163,23,23화,0.0663749088256746,17920,1,1,0.004821075437795268
522532,23,23,0.0004224757076468,14196,1,0,0.004812016048766905
542580,23,제23화. 사형 집행,-0.0084492166872029,5729,1,0,0.00479469962515998
553892,19,19화,0.0448555499239736,3769,1,0,0.004762545929028709
563321,19,제 19화. 요즘 돈 복이 터졌어,0.003935458480913,10124,1,0,0.0047464687675597625
210472,15,"너 때문에 참았다, 진짜",-0.0007878565050685,95270,1,0,0.004741990722965991
544370,20,20화,0.0097619087013351,59849,1,0,0.004729791241576053
563512,20,세계 최강자와 자연스럽게 만나는 방법,-0.0041110908094281,10991,1,0,0.004691144073183141
563286,21,21화,0.0106048053024025,41797,1,0,0.004688853754106512
554560,23,6장. 뿌리 (3),0.0203215043979375,3230,1,0,0.004677366719792449
554471,22,022. 괴짜인가 천재인가 (6),0.0243295548797345,7058,1,0,0.004657509384020058
529719,23,I'm Marseille (1),0.0022585198628756,24739,1,0,0.004652163864576321
530197,20,20화 - 인천 하든,0.005020737830168,4558,1,0,0.004630401232701943
525227,21,21. 루키와 베테랑은 서로가 흥미롭다.,0.0076844112039888,33833,1,0,0.0046233130057148466
561939,20,20. 내가 너를 꼭 채용해서 빡세게 굴린다.,0.0455994116204951,3893,1,0,0.004605179366028346
512544,23,최건하,0.0202936531935624,29159,1,0,0.004603598832317597
535335,21,화이트 돔 (1),0.0164571428571428,25818,1,0,0.004591327700893083
544647,23,23화 귀환한 삼촌은 재앙급 마법사,0.0356017830609212,16226,1,0,0.004563196045881371
527164,21,21-데이트라고 하기엔,0.0015293354342386,43090,1,0,0.004563038246061966
525008,23,23화,-0.0018244416325809,34045,1,0,0.004556905799501553
556620,15,15화,0.016834786182802,57408,1,0,0.004551837792050337
537197,22,"5장. 그래서, 인생. (2)",0.0285479000823497,3539,1,0,0.0045389980627703235
553892,21,21화,0.0288588827111464,3668,1,0,0.0045292544071557925
563512,23,누워있는 사이 몸값이 좀 올랐다.,0.0047770700636943,10625,1,0,0.004470840124646871
568900,21,21화 얼리캠프(4),0.0045639570741334,16140,1,0,0.00444351454314416
534215,23,7화. 선전포고 (2).,0.0117502163637573,59378,1,0,0.004433945040054696
548106,23,상해 파라다이스,0.0150852034640096,10577,1,0,0.004430047847142677
557343,22,고급 모터보트(5),0.0146394855657409,7202,1,0,0.004389833625012476
418603,23,승전 연회,-0.0089303784658976,39881,1,0,0.00434558773425075
564440,22,비경 탐사(2),0.0223777432175565,11315,1,0,0.004330079852728857
565202,22,022화. 마침내 흔들리기 시작했다,0.0046231155778894,9904,1,0,0.004326997240337915
530581,23,강선 방시 습격,0.0157273185201768,17586,1,0,0.004326580825032592
527164,20,20-공중전화 앞에서,-0.0037913148652106,43156,1,0,0.004326214111122187
557225,23,친정팀 방문 (1),0.0491389548693587,19215,1,0,0.004288992060986148
564241,23,023 : 승부조작,0.0074695881055701,13952,1,0,0.0042543505387550905
480433,19,외래 진료,-0.0034586768550171,49902,1,0,0.004237173763574236
556620,17,17화,0.0008800802633199,56763,1,0,0.004227514902033747
566106,23,주책을 부리다,0.0346652925469621,20607,1,0,0.004209527821464403
337226,23,023 - 운명의 힘 Ⅱ,0.0051646769960206,11750,1,0,0.004195823792662077
552434,24,024. 전투 유닛,0.0105687297707907,14979,1,0,0.004185440129700245
552965,22,022,0.0124409354626472,16511,1,0,0.004182181530701958
476831,23,레드 컴플렉스 - 4,0.0214072353136408,5897,1,0,0.004161948982691936
452318,21,5.레온(2),0.0303746817024372,58641,1,0,0.0041432107459364285
134514,23,프로페셔널 23화,0.0114416475972539,1296,1,0,0.004137928882855537
543382,22,22화,0.0185593055645526,30301,1,0,0.004133548189798131
563339,21,1988년 미국 대가뭄(3),0.0033323459715639,26918,1,0,0.00411959129458945
547482,23,제21화: 대입 프로젝트 시작(6년 전 가을),0.0064145847400405,8829,1,0,0.0040914632756196495
556083,22,어떻게 이런 조화를...?,0.005509231685527,33395,1,0,0.00405171804613635
565707,23,포르투솔 대 쿠이아바 (3),0.0028239383078092,18362,1,0,0.004044834192747143
556620,16,16화,0.010364409141583,56813,1,0,0.004028037728627023
563286,19,19화,-0.0002541648374501,43290,1,0,0.0040124920508769904
556620,18,18화,0.0230784137554392,55453,1,0,0.004008496658649243
557881,21,존스홉킨스(4),0.0228678831545148,12477,1,0,0.003977518058339198
529719,22,죽기 딱 좋은 날씨네 (2),0.0419982999768179,24795,1,0,0.003941410623844163
573683,21,21화 자본주의 배치학,0.0535631113181183,2032,1,0,0.003914862082415981
568900,23,23화 얼리캠프(6),0.0071446636317652,15703,1,0,0.003884054566673892
381321,22,가문을 바로 세우는 법 4,0.0114455277660024,65296,1,0,0.00387138162418024
552965,23,023,0.0196232814487311,16187,1,0,0.0038483791662774734
563321,20,제 20화. 모든 건 내 예측대로,-0.0039510075069142,10164,1,0,0.0037906377337224312
568900,19,19화 얼리캠프(2),0.0217759496733607,16172,1,0,0.003756793491280889
493717,22,22. 블라인드 테스트 (수정),0.0309067749765675,40323,1,0,0.0037267881250913097
563286,22,22화,0.0153838792257817,41154,1,0,0.0036756649117415485
570506,22,일방적 통보,0.0150034098658785,34664,1,0,0.003672249886308664
541245,22,-22- 왕립농업개척회사,0.0135246747883542,19110,1,0,0.003655781934086997
535335,22,화이트 돔 (2),0.0252924316368424,25165,1,0,0.0036042966894760014
556083,23,설명할 수 없는 맛,0.0174577032489893,32812,1,0,0.0035925609523364864
563339,23,캐나다 경질밀(1),0.0061060840138306,27020,1,0,0.0035802206960124797
549589,19,첫 오디션 도전(1),0.0148424579110301,46462,1,0,0.003460062199634649
477026,22,테크노쇼쿠(テクノ色),0.013696984260483,8209,1,0,0.0034474454258229875
563286,23,23화,0.0013364436020799,41099,1,0,0.0034191634812244715
582089,23,수산물 수출을 준비하다,0.0262345679012345,631,1,0,0.0033428006558208112
533816,23,아마추어가 오히려 이득일 때도 있다(4),-0.007539041464728,3742,1,0,0.003315213193907369
493717,23,23. 깜짝 놀랄 소식 (수정),-0.0237085534310443,41279,1,0,0.0033098711208992613
480433,21,"다시, 외래 진료",0.003496935039289,48444,1,0,0.0032896024452847327
527164,22,22-냅킨에 쓴 계약서,0.0087723369691343,42712,1,0,0.0032687970576270172
557881,23,존스홉킨스(6),-0.0223905443649075,12283,1,0,0.0032541127207159244
550179,23,#023. 알 아흘리 SFC (7),0.0096900996434774,10833,1,0,0.0031496021125445722
480433,20,대동맥 박리,0.0258105887539578,48614,1,0,0.003146850868641451
534215,20,6화. vs 사이커 (4).,0.0430603731491526,62625,1,0,0.0031364544771614327
476539,19,추향지술(追香之術),0.0003702058344439,13501,1,0,0.0030985791799062394
568900,22,22화 얼리캠프(5),0.0200743494423791,15816,1,0,0.003081587053466127
524031,23,"23화 - 김장 김치와 두부, 그리고 소주 한 잔",-0.0042244596212068,14263,1,0,0.0030302617107082395
547482,24,제22화: 그 판단은 착각이었다.,0.0155170460980859,8692,1,0,0.0030225710980282617
543382,23,23화,-0.0040922741823701,30425,1,0,0.0029878786682580993
573216,20,이제야 본색이 나오네,0.0351253298153034,5851,1,0,0.0029839106968429074
527164,23,23-오랜만에 돌아온 주유소,0.0282356246488106,41506,1,0,0.002937007508442841
286189,21,21화,0.0241216570529627,3722,1,0,0.002935847285206047
210472,16,반전 따위 없겠군,0.0011965991392883,95156,1,0,0.0028882930611568215
549589,23,감히 평화를 깨는 녀석은,0.0210121012101209,44495,1,0,0.002869044947296351
545835,22,야행(夜行) (2),0.0048764925713243,65505,1,0,0.0028606579096920955
554471,23,023. 괴짜인가 천재인가 (7),-0.0048172286766789,7092,1,0,0.002810210766195017
525227,23,23. 낭만의 시대를 살았던 사람들이 있었다.,0.0009135479155881,32809,1,0,0.0027718109265121547
549589,21,첫 오디션 도전(3),0.0228061369241178,44776,1,0,0.0027484797400665418
549589,20,첫 오디션 도전(2),0.0137962205673453,45821,1,0,0.0026971288514833647
512399,23,23화-봉황대기(2),0.0194749485243651,11429,1,0,0.0026788830692766347
518734,19,19화,0.0151780502043199,5061,1,0,0.002644158667002872
571931,23,23화. 현미경의 비밀 (2),0.0103526142087893,28487,1,0,0.002610471129589425
494781,18,Redwood Reserve Vinegar(1),-0.0019517662518357,51849,1,0,0.002510012703648674
476539,23,3획 부적,0.0039432774702358,13135,1,0,0.002484000216627855
564440,23,혹시나? 역시나!,0.020415377817057,11084,1,0,0.00246621264979027
573216,23,줄 서. 은혜 갚기도 선착순이야!,0.0169550777836042,5624,1,0,0.0023925499879962953
210472,17,그래! 아주 완벽히 잘했어,-0.0057274370507376,95701,1,0,0.0023054156876227026
545835,18,오사카 (1),0.064773435172395,69059,1,1,0.0022612599866151306
476539,20,진실(眞實),0.0019257832753128,13475,1,0,0.0021960078400928965
534215,22,7화. 선전포고 (1).,0.0187643917495468,60084,1,0,0.0020839088535459026
545835,20,오사카 (3),-0.0241784462969674,67817,1,0,0.002055408040967226
534215,21,6화. vs 사이커 (5).,0.0222275449101796,61233,1,0,0.002043992780543087
480433,23,심폐 마취 (1),0.0054601226993864,48633,1,0,0.0020351377455769624
545835,19,오사카 (2),0.0411676971864637,66216,1,0,0.0020043228962177114
494781,22,물과 포도(2),0.0054009220145438,51563,1,0,0.001965075138324316
512399,21,21화-에이전트,0.0240829346092503,12238,1,0,0.0019376302650215668
556620,20,20화,0.0051137271613487,56031,1,0,0.00192626135670561
210472,20,입이 무거운 동기 한 명이면 충분합니다,0.0210686064158249,93532,1,0,0.0019259299836279114
544370,23,23화,0.0046091445427728,59389,1,0,0.0019041115341852178
535335,23,화이트 돔 (3),0.010053645936817,24912,1,0,0.0018747548426450299
556620,19,19화,-0.015616828665717,56319,1,0,0.0017956821125318957
494781,20,Redwood Reserve Vinegar(3),0.004137455464889,51990,1,0,0.0017936861814037389
480433,22,제가 발표를요?,-0.0094129303938568,48900,1,0,0.001752691863715726
452318,23,5.레온(4),-0.019751763550317,57101,1,0,0.0017019753940517243
546644,23,축제의 주인공은 우리,0.0027614773904038,2889,1,0,0.0016515669765859908
210472,18,의외의 것이 주는 즐거움,-0.0101252860471676,96670,1,0,0.0016372291685252012
545835,21,야행(夜行) (1),0.0293584204550481,65826,1,0,0.001612109628623919
556620,22,22화,0.0108838089691322,54346,1,0,0.0015941004143972986
556620,21,21화,0.0193999750138316,54944,1,0,0.001583943359451129
549589,22,뜻밖의 결과,-0.0150527068072181,45450,1,0,0.001520552052804769
494781,19,Redwood Reserve Vinegar(2),-0.0068853786958282,52206,1,0,0.0014074189215353265
543562,22,022,0.0492533026995979,6621,1,0,0.0012929142218958388
210472,21,무슨 엉뚱한 생각을 하는 거죠,-0.0118034469486378,94636,1,0,0.0011685355921063213
556620,23,23화,-0.002428881610422,54478,1,0,0.0011418083660734973
494781,21,물과 포도(1),0.0028274668205423,51843,1,0,0.0010864063742682208
494781,23,피노 누아(1),0.0183852762639877,50615,1,0,0.001016393747325106
545835,23,야행(夜行) (3),0.0185940004579803,64287,1,0,0.0009625047692070926
574693,25,# 25화,0.0330788804071247,380,0,0,0.0006836123284745567
553892,22,22화,0.0444383860414394,3505,1,0,0.0006472435269163833
